0.407865994598023,0.3065961716453,0.630999528980579
0.384449081294002,0.307601686568528,0.631205792945516
0.340380938627495,0.30983817134732,0.635064255434275
0.303488863724432,0.312024432493008,0.641778713706684
0.276533302661664,0.313578648706913,0.648594278358377
0.260564785114213,0.314172851991733,0.653119649365763
0.255188540830374,0.31400149456989,0.65421155261533
0.260109185315033,0.312975619331418,0.651748488079816
0.27485358859138,0.310783301865674,0.646595434738959
0.29862540890118,0.306784230107129,0.640367892095466
0.330741768095209,0.300256852801041,0.635013105358425
0.369240804547852,0.291964799237222,0.632617969270709
0.410746992224384,0.283470553936317,0.634451819291975
0.45082185153356,0.276286816323547,0.640148840094335
0.485102473823685,0.272148942516156,0.647563350151774
0.511153610293597,0.271866552735668,0.653998116980752
0.527448432453491,0.275364039570196,0.657230306833248
0.533310616280425,0.281886330628183,0.656287942011118
0.52944181006461,0.290352318190533,0.651887341023137
0.516931192831981,0.300148509905362,0.645668974995595
0.49709460372432,0.310774106079668,0.639571571435211
0.471844605434495,0.322426477906322,0.635353079683747
0.444314067452211,0.337082210833607,0.634325152452053
0.418596646620547,0.354494262815892,0.636896663142993
0.395661173225234,0.370353397865435,0.641879913515594
0.375704323416392,0.380826570407021,0.647153607948842
0.359836270800025,0.383494251542194,0.650443020022353
0.348660574051148,0.377609699182304,0.65043452942985
0.342149916595208,0.363304102962802,0.64721795373134
0.339299715224359,0.341355282037413,0.64223489815082
0.337488759685881,0.313978875078295,0.637850640953137
0.333284748723807,0.284658729096857,0.636137658056604
0.324974045075649,0.257774558508568,0.637875377335774
0.316314687382502,0.235703816590523,0.642216657371478
0.311747153492868,0.218700951673411,0.647607309703203
0.313213786114734,0.207779164416259,0.652209308034425
0.321150866142684,0.203803323362237,0.654416291972239
0.334881116792154,0.207766266449795,0.653307710135492
0.352934963647522,0.220659005263616,0.648988741583304
0.374104071632324,0.241976951738025,0.642832522424307
0.396953209222574,0.27022999554062,0.63694270245275
0.420251359185346,0.302582131065137,0.633398758337863
0.443342834453138,0.334884835045735,0.633433613298203
0.46502735689711,0.363510484624347,0.63688957388922
0.483919708469023,0.384913343515439,0.64228799849275
0.497897605899226,0.397234802915296,0.647396675126186
0.504454494667862,0.401446661860464,0.650339113619806
0.502274313960439,0.398963682883304,0.650164465449203
0.490712947609278,0.39120520823909,0.646918676969449
0.47001535182051,0.379304212737286,0.64164946453727
0.442174140198721,0.363926635327353,0.636218962602421
0.409774305221622,0.34696362390249,0.632544730175405
0.375899716225296,0.329814857790028,0.631752228357791
0.343536843664839,0.312760037549085,0.633934456009604
0.314511476298889,0.297287054644135,0.638460468292052
0.290957583899383,0.284522170522834,0.644015414738376
0.274923126325504,0.274989681697274,0.648877655322438
0.267550252321548,0.268868704668602,0.651595992524641
0.269726339029761,0.264674396666567,0.651360225758476
0.281565465007645,0.261607733040462,0.648323115612812
0.302031881366926,0.259537817310943,0.643596330207167
0.328592910315632,0.25798091018985,0.63883296148791
0.357536869830988,0.25877787047726,0.635261866867872
0.386776817516258,0.263861426032671,0.633138389817603
0.41568615285062,0.273443686764072,0.632439137656519
0.444281985456487,0.287297272897312,0.633269865857188
0.471749549546538,0.302389273124023,0.635818870408757
0.495466908584245,0.315085537262658,0.63954939143694
0.512711547490284,0.324716655573496,0.643259877632708
0.521070773618208,0.331570753952951,0.645563220754532
0.520515913012167,0.336909694848888,0.645913339909481
0.512576807003102,0.341612754551788,0.64464610681572
0.497881791147148,0.345418558413197,0.642157751112571
0.477780199880895,0.34794923097738,0.639175100601786
0.452982951421095,0.348083083681645,0.636308689575963
0.423304167331258,0.345246528812174,0.634171593263046
0.390319418040898,0.340046750793639,0.633613015208238
0.355952466128151,0.33320345179321,0.635165427743604
0.32315925579249,0.325843482698672,0.638751757162808
0.295984362908004,0.31865853386454,0.643315208583214
0.276558836163058,0.311597992173132,0.647442215185049
0.266538729137333,0.304729192610466,0.64971531695419
0.266257695004715,0.2987211715362,0.649372151329768
0.274294443232815,0.29415668362603,0.646795715715103
0.28990383843975,0.29058745329216,0.642755203969069
0.312103627109756,0.287773371875843,0.638300671762367
0.340215327025602,0.285312876714773,0.634452597369038
0.373750371107216,0.280893398711273,0.632247404845583
0.408951632225415,0.272406153908055,0.632637486706215
0.440936345352118,0.260571559236914,0.635496471853083
0.46602995895691,0.249050466227764,0.639467182278447
0.482845789518922,0.242800615221739,0.642581985634117
0.493391516694125,0.244246729994045,0.643878307958659
0.500647570427687,0.253226703796773,0.643652646463973
0.506633137018109,0.266651907009259,0.642924984174075
0.510975228319572,0.279920100641756,0.642351220132283
0.511840092273184,0.290525384608194,0.64174463573016
0.507144499003164,0.29793707641609,0.640631477377775
0.49582616645477,0.303335954541856,0.638817485983488
0.478492214261052,0.308198104715823,0.636641058317304
0.456200984292423,0.312922500421774,0.634626277936576
0.430167926571484,0.317745999920928,0.633275223620394
0.401827109798823,0.322000823823034,0.632984674513043
0.373229778063899,0.325275193877089,0.634138357063966
0.344729468361504,0.326963527566151,0.636657414648118
0.318178732155469,0.326772704458397,0.640090967845681
0.295566664904727,0.32409969581771,0.643845279170161
0.279961679201066,0.320021504720626,0.646896665268135
0.272426972877974,0.316881394916569,0.64835245272414
0.272446328339344,0.314810522252017,0.647948077189143
0.28041488322339,0.313996271800494,0.6456498170325
0.296675314147072,0.314058839707474,0.641853232100733
0.31909344826858,0.312601972821936,0.637688732649949
0.345508130611151,0.309350764385205,0.634115650045202
0.374766642318239,0.304251352255684,0.631787234427599
0.405591580731634,0.296935538482739,0.631161330147474
0.435924687761538,0.290330487041829,0.63229100996517
0.463759145617559,0.285255053134062,0.634866159565527
0.487387236193046,0.281278496257655,0.63829856997356
0.504703642188577,0.279123616394245,0.641686913241661
0.514887655872422,0.277340441934678,0.644351387452167
0.518870415938732,0.274459135125941,0.646063729725272
0.51684383950219,0.271116772213502,0.64660843222618
0.509555852503873,0.267252797862996,0.64604985468944
0.498201601947027,0.264452455480581,0.644518892951053
0.482535147447973,0.265383525969249,0.641997425375449
0.462661283340392,0.269587327530089,0.638924407194072
0.439362374577541,0.27690913018903,0.635892802627113
0.414691449740066,0.288184892875388,0.633430722977378
0.391572937562809,0.302913177017124,0.631989505979692
0.369799975132508,0.319928571383964,0.632003127791432
0.349813115925411,0.337749332057297,0.633700608002614
0.334394038653442,0.354779995648035,0.636712043706466
0.324034785059759,0.370119753337771,0.640513374392002
0.316790869394148,0.382115792529829,0.644516867326312
0.313393636863785,0.389088473510263,0.647666703577714
0.313773064764331,0.390938824952886,0.649292152386408
0.317883638172702,0.38683630736819,0.648865447564408
0.327555691153476,0.375797354342204,0.646220160492133
0.342460690432966,0.359344930606422,0.642355365158417
0.361481648118741,0.33897011816954,0.638453573629716
0.383411324544102,0.315043240578134,0.635515118168573
0.404241354015711,0.29015494844827,0.634214262304481
0.422224350441408,0.268218163560698,0.634457654256808
0.437025406310345,0.251666779511327,0.635611405835734
0.448363962747101,0.243299836499663,0.636709373907818
0.45982589194295,0.242649315443113,0.637630760601776
0.472488925775852,0.246790664579724,0.638634697627501
0.4839296990773,0.254282661481579,0.63951340608322
0.491827782987209,0.262346155380145,0.640021995790706
0.49325242470394,0.270898505028588,0.639529812528042
0.486588000051212,0.284355411603399,0.637694792115502
0.471524040587123,0.304912043112556,0.635334439169017
0.451740545131728,0.332463517067998,0.634568353028686
0.432153163676124,0.362288758536564,0.63680392814501
0.411037467028766,0.388269892001083,0.641375093068653
0.38855723946102,0.408609950922779,0.647190064565526
0.367215833016036,0.421307998114209,0.652391675246104
0.347583289237141,0.424243580460077,0.655038478080118
0.332565135437535,0.418889093851625,0.654357031362242
0.324720543017269,0.406323156530882,0.650413372389229
0.323376247651078,0.386011319849617,0.644385459534486
0.328338549654497,0.359399445131026,0.638368100327841
0.336009310732773,0.32790713483605,0.634639337029681
0.338802110832343,0.292359817982376,0.63494407162391
0.332617533157421,0.258913695694612,0.639503450316314
0.320945007260431,0.235501477283793,0.646058803923308
0.311895557039311,0.223500606779095,0.651408886032463
0.311021131649624,0.220085796053272,0.653483701310768
0.319388907984335,0.224331102018721,0.651584911447678
0.338153788475151,0.233814711783817,0.646472507525257
0.36514995892869,0.243772590233281,0.640739344285579
0.393724660854803,0.253788951520309,0.636541760918584
0.422238011635252,0.262241280324991,0.634446831498574
0.447491936488002,0.265330117828488,0.634597935550073
0.465104503306059,0.263713671927736,0.636304780868375
0.474150406544061,0.262198383196739,0.63861301475417
0.475391425819725,0.26482084423652,0.640593028204676
0.469297147257841,0.270985955496198,0.641861428813611
0.457655239618434,0.279190413477839,0.642623171937525
0.441569452337846,0.289761469448627,0.64282387935755
0.420226155024957,0.30341850646777,0.642423428690075
0.396974880913375,0.320798234924528,0.641808888991992
0.376981325075543,0.340044715919944,0.641345158346322
0.360729254522084,0.359428839442445,0.641173050534386
0.350389374602977,0.37672486298366,0.641068885515964
0.346252887643058,0.387561619120361,0.640563741824506
0.344772733468052,0.390753289109648,0.639701657138372
0.346353520890595,0.388031981899337,0.638538035064732
0.352501639885919,0.378319816010939,0.636918092630358
0.361202227622013,0.360589532690962,0.635204281994611
0.37042698442946,0.335456780862462,0.634084170385161
0.380379429700682,0.303823306849851,0.634410354635115
0.388484243484826,0.26937923213726,0.636778598010287
0.392373517667784,0.237223937658847,0.640527038235793
0.393333345186215,0.211111918671573,0.644312932404211
0.394068071174818,0.194425948999298,0.646532608716107
0.396005110226418,0.189556656719444,0.645969551699385
0.402300771840803,0.196888465326034,0.642794260750176
0.417120078427309,0.213512050060132,0.638979049791005
0.439346138816561,0.232671932051811,0.637384613217619
0.46020673271925,0.252227422764608,0.638378881541309
0.475878746521411,0.275884862034006,0.640892319325855
0.486888968604718,0.302512039560851,0.644615337656392
0.492355209428887,0.329141793836111,0.648575820113444
0.489612245055339,0.354799297766041,0.651192665809873
0.478195493937379,0.376932306360747,0.651342458869725
0.462116189139266,0.391131130813569,0.648979568985492
0.44179619240846,0.397830931986616,0.64485171288064
0.416968399385121,0.396579527017972,0.640093452745378
0.38902518621478,0.386777283219058,0.636374889059733
0.362126278327899,0.373847365741572,0.635756875072938
0.336948044767771,0.360420986126226,0.638409671815689
0.315540221203657,0.348065297732749,0.643313850595561
0.30308470810285,0.337664769871843,0.647812974425999
0.300978492791539,0.326413454565322,0.649876774630658
0.305243748746673,0.314399508738084,0.649790903648296
0.315889481139993,0.304949104585975,0.647288438506468
0.332742584566983,0.298586716727305,0.642861657468833
0.353071893553017,0.295532566479511,0.637955143354342
0.379422353648369,0.297324859166212,0.633366503576464
0.411129245068616,0.302760706283233,0.631200677315761
0.442310782490695,0.30861914172547,0.632853019110142
0.46976315505919,0.312492101018299,0.637634571288042
0.492402427692609,0.315009799780092,0.644121164357661
0.507830934285887,0.317711196299844,0.650432075626142
0.51382633366264,0.319384883377016,0.654334106593388
0.510245544993646,0.319525056106785,0.654667728717177
0.499750864634435,0.319399125207482,0.652205278135396
0.484997465327348,0.317131525623172,0.647774963521191
0.462830211246228,0.309655108688953,0.641430895169716
0.434263754374563,0.299506192797766,0.635619007196097
0.403994090575194,0.288279276215454,0.632456350180425
0.376094440117445,0.276280106749496,0.63238698700354
0.357915243968704,0.269538311295382,0.633891930716981
0.350938747863556,0.271581177655192,0.634971429028761
0.351808675727798,0.283586529553843,0.635263827861418
0.356645458427858,0.305262136782275,0.635655089660294
0.359522936365299,0.333315330973728,0.637354977956671
0.358091575781171,0.360969315978385,0.640523980664093
0.354403444332159,0.383352406919126,0.644162935394476
0.349387590770537,0.396867038305734,0.646686251950624
0.34588092995707,0.401467646393392,0.647189213928017
0.348905481820687,0.398311961952971,0.645279549619772
0.359742885729025,0.387965345963345,0.641353728107783
0.379747631287587,0.374850766452096,0.637074755262544
0.40967381912611,0.364666873177464,0.634310808260539
0.44074358169738,0.360225282908715,0.634471453917874
0.465873615400491,0.361343987565485,0.637082379395403
0.482969186630215,0.364703216832678,0.640933734999707
0.489300500082507,0.365214911325375,0.643947354911826
0.48800679340142,0.359575029066711,0.645198863807726
0.483204742392018,0.350141723490787,0.645419513548501
0.472486471697224,0.338335190325588,0.644251586409154
0.456000043659842,0.324675382813311,0.642027608685009
0.437912994295774,0.308990609846667,0.639679145082549
0.419416168351282,0.288700799934473,0.637454382473606
0.396756918701983,0.267165602984081,0.636288120351565
0.374260080327048,0.249350652834727,0.636803990093372
0.355483719492416,0.236864235226317,0.638259567190761
0.338505129673294,0.231436253061715,0.63991915119733
0.323910471105823,0.23158502635893,0.641334275278374
0.317795092526947,0.235732641204415,0.641416764730218
0.318255780372984,0.245499586042465,0.640091953276702
0.324559247025814,0.260003372021118,0.637796996849237
0.337517207302399,0.277755631059104,0.635041181698975
0.352499555785944,0.29886683836183,0.632904445080214
0.368017036302552,0.321411280236746,0.631899037071956
0.38515351408411,0.342299940913813,0.632026578459064
0.402733533562047,0.361075383942153,0.633262200947958
0.42057211777606,0.377414933301213,0.635484984280401
0.440788400018827,0.387335412513687,0.638349204434481
0.460600107663898,0.391734330796292,0.641701380096822
0.477751668892112,0.390841047281066,0.644999336455055
0.491369735958673,0.382475312169809,0.647518355125275
0.496148128995166,0.370651768088572,0.648020620416529
0.492084481415159,0.357924339907218,0.646267347601884
0.481637160918174,0.343105552296281,0.642995570514979
0.465961715797348,0.328457604389364,0.639024756538142
0.445216378680996,0.315875080768946,0.635054894479738
0.420167460150417,0.301398847484532,0.632227071609286
0.39444701440462,0.285942531609422,0.63151826498992
0.371210199923153,0.271277872096441,0.632910854706253
0.350483744031705,0.257358921842137,0.635949488343364
0.332899519550927,0.249152807659067,0.639714428872853
0.32275269707717,0.246379101394901,0.642992237359166
0.319663596688944,0.245122534254562,0.645258687323353
0.322806477599806,0.244399998275374,0.646136245599523
0.332560500751697,0.244154807233153,0.645397842570005
0.345279070640425,0.245174306324168,0.643603410607028
0.35819639343875,0.247965342977209,0.641217562445145
0.37125653123863,0.252684086686188,0.638511063248233
0.383612023409586,0.261893206097882,0.635796570940662
0.395060808395084,0.275599061611767,0.633401237815208
0.403633917081895,0.289500048899276,0.631714048066171
0.408351546676099,0.304898192370299,0.630995744116288
0.409387192940801,0.32061739326074,0.631505676218836
0.406087129777841,0.334261713255464,0.633290551645577
0.402475603038541,0.349551012528343,0.636151808531524
0.400371544543487,0.365029356878214,0.639547378545849
0.399058517415099,0.378209394336052,0.642791454772845
0.401378349033185,0.3891379554932,0.644983500208684
0.407251716962576,0.394219835738042,0.64539634162529
0.410955683122545,0.392000177731415,0.644316292045526
0.413394891008188,0.38555508022563,0.642124051936525
0.415264292236343,0.376236399261487,0.639268431907182
0.414290642288451,0.364142063497202,0.636313445679162
0.41163386404848,0.348378878893414,0.633607901116108
0.410046277905348,0.330382677743928,0.631686537842165
0.4073047491591,0.312900145108281,0.630974337070928
0.401504986701682,0.295943659582879,0.631420781709609
0.391436923385886,0.27839848973499,0.632841424371503
0.376841442642697,0.26403588769078,0.635091531991608
0.359314118917124,0.253027725067436,0.638082766142199
0.340835713864872,0.244353947919539,0.641611439337836
0.323123835132445,0.239732297755904,0.645190139064375
0.310454705184688,0.236690848683748,0.647835622837806
0.304692395318538,0.233270867925261,0.648808714561269
0.305779722382759,0.231485937329426,0.647855364236141
0.314995361914272,0.231785398192027,0.644936813518089
0.333350242508001,0.235651368695167,0.640520261381648
0.358444880484421,0.247948095485598,0.635782211165617
0.388150134106833,0.269251340890973,0.632425717348473
0.420025217471622,0.297742848919335,0.632219806240789
0.450429624833697,0.330815770525111,0.636009705394972
0.475540183094717,0.361151378720009,0.642637678736146
0.49484747576088,0.386481059185484,0.650069329545153
0.507487929404748,0.405393541124822,0.656085545941868
0.510953740647275,0.415736385405965,0.658088895882262
0.503039196759566,0.419248276487129,0.65533294613991
0.487079490248342,0.418496573793311,0.650185690598068
0.466285391600883,0.411278628848423,0.644230145784291
0.441888479932738,0.397438144703892,0.638872595543651
0.417013611779105,0.380333248943661,0.635688190911682
0.393301124264907,0.363115423738804,0.634965611142826
0.370488674253023,0.346228047602855,0.636290623185972
0.351240085488503,0.329192572139398,0.638754305501485
0.33813387240085,0.312717989320697,0.641080245812165
0.332200765462257,0.295709518800483,0.642198343407135
0.333439901694128,0.275603715036784,0.641886220862489
0.340987068506485,0.25293949598225,0.640928621747212
0.35236684094331,0.22843813065758,0.640645619792668
0.362958161110042,0.203297049813506,0.642246539366442
0.369050170739985,0.183262390481585,0.645157880991412
0.373070501604444,0.172673939678252,0.647465269810211
0.3782371369117,0.170543728763389,0.648436205343993
0.384572800800192,0.176925718530927,0.647654747552988
0.393413815892716,0.192956489907431,0.644750958740997
0.4040472790314,0.216128700167439,0.640873542554292
0.411731846995309,0.244456810345464,0.63707846202401
0.417636585240526,0.278703342756344,0.633927032964096
0.422879757841294,0.317182804020896,0.632584287053272
0.426694029116096,0.356437965087581,0.633836324032443
0.428496541042348,0.391518036634645,0.637317567755368
0.429004317175586,0.419343921674766,0.641730140918041
0.428674484135832,0.438840542898824,0.645715102013301
0.427296431416931,0.449124123095121,0.648084829442083
0.42416625362706,0.449105006603673,0.647952568849621
0.417560053461418,0.437708394891916,0.645035107554025
0.40488160312802,0.416769094609576,0.640577731296328
0.390084376416852,0.392584252058028,0.636902335392222
0.377528353790201,0.364124604787762,0.634247681665996
0.366344188280245,0.331003977203159,0.633100979747053
0.358524753848061,0.296323259707748,0.633780689819548
0.35620674885262,0.262082059944149,0.635901789709114
0.354627433002211,0.230523180865829,0.639402052604788
0.354109412197253,0.204900387096771,0.643180222014811
0.356981856978295,0.187466151582106,0.645807739196429
0.36330182508393,0.180356020297707,0.646328669025198
0.372452534334099,0.181539171298837,0.64532809541142
0.384409698786003,0.18795751734469,0.643857956146706
0.398862552742061,0.19943240992246,0.642363988469154
0.412821036440793,0.213982709051946,0.641320646557242
0.421810414405328,0.231189640971417,0.640233052099105
0.428227837421455,0.253790170999143,0.638859295735278
0.43389131282289,0.279589804947152,0.637828795574347
0.436498001530106,0.306007372344207,0.637087846690253
0.437404725796658,0.331180833601556,0.636784984041608
0.433072448037914,0.351765007378107,0.636177349616855
0.419713747962036,0.369385265402514,0.63536781245203
0.401783740182061,0.385666053331761,0.635865956615899
0.383344103471753,0.399645354281404,0.638134497998888
0.365970908497148,0.409741860295491,0.641660820693452
0.350421552538066,0.413668144948082,0.645418886675099
0.338967117453861,0.409803031471658,0.648089617506756
0.333335030556463,0.398638160320203,0.648785074225683
0.332244801514717,0.381296074196142,0.647716231097827
0.333757777568369,0.360656621680893,0.645715866795387
0.342363474587868,0.339198583428433,0.642227035585129
0.358495833175466,0.316895574245559,0.638019467454988
0.379058272714284,0.295807654986367,0.634669796340441
0.402763341636203,0.277481286472849,0.633040110318112
0.423657504952326,0.26128947372651,0.633545792066165
0.436487295753744,0.249840080435162,0.63499669212921
0.440074894240537,0.243922902065776,0.63622449604999
0.432942547046955,0.240758270779587,0.63697654806739
0.416698036438157,0.236579705875953,0.637987908357265
0.39845694093655,0.228904179991276,0.640044838938386
0.383471579273182,0.220353510104814,0.642690978453386
0.373962124589873,0.213918335321685,0.644908299422849
0.371301495743863,0.211657512228855,0.645664778507457
