-3.13544463151267,0.081849438456761,0.489528404671626
-2.7637073169623,0.10832712039773,0.556621605266799
-2.21016891945169,0.113827007052331,0.524182822464281
-1.49147083983275,0.0658448435079734,0.439338763814896
-0.694881705607789,-0.0114747120356204,0.206915576748535
0.100076133290227,-0.101149898068694,-0.128375240043652
0.907026125330118,-0.222817479690473,-0.360223680901999
1.64811777774387,-0.333057946495671,-0.344720953148464
2.24566782582946,-0.387098719785384,-0.216928690652756
2.67173249428095,-0.369458889527306,-0.0798535547795849
2.87404746479926,-0.264860256415797,0.136606633819969
2.8608858400104,-0.124718218443243,0.414740998586518
2.64398349195206,0.0165051732696441,0.516355996102219
2.26852242970954,0.159552363768548,0.404657786338298
1.76691552429535,0.300224717709643,0.225495369926474
1.13045128199829,0.444548183570887,0.0729946008581243
0.427859790519465,0.559974104908723,-0.0883690756587206
-0.254050866391266,0.641995827827501,-0.248916286552293
-0.888209679832414,0.723170980140181,-0.261367921536911
-1.35862927211162,0.797177327783993,-0.0483976653420199
-1.552402485373,0.857046653471395,0.19209560845761
-1.5868644707113,0.765733056922817,0.303120999379532
-1.61113235283651,0.475005107891411,0.349134093267949
-1.60184658411896,0.0968896608375413,0.377983601330214
-1.53251617455194,-0.304351091756407,0.266055242905031
-1.40270598272311,-0.703021236883385,0.0295787606218079
-1.2361392270793,-1.07405388064882,-0.155643857334233
-1.04872358965053,-1.40397874354374,-0.169103742288353
-0.922309225140159,-1.62403868151129,-0.0907726570027095
-0.912055060317379,-1.62553725138077,-0.00350071481668375
-0.766738881716283,-1.40246362817463,0.153022447802419
-0.348066494877187,-1.0666181744886,0.359998759579763
0.147699879897205,-0.67739401986792,0.3862459637595
0.622540559342432,-0.226003643773399,0.22423294917524
1.05833555935403,0.304627437057297,0.0735992540812579
1.46759467363345,0.828383280121925,0.00757029752426589
1.78662897776883,1.30365381970971,-0.110651517244666
1.9987202977866,1.69987611088767,-0.235280235267993
2.11764586300022,1.97379109515253,-0.17641061320252
2.08057264104989,2.12257702023197,0.101323320450088
1.89536872442858,2.07891275769008,0.317343513807396
1.60479640293201,1.83911068919931,0.385455237641452
1.19727963740314,1.43355555302032,0.440981512131038
0.694302250183524,0.862000182320191,0.469610650366188
0.110214738620844,0.285352951252475,0.273506293573601
-0.498890247970045,-0.233973501862922,-0.0689772563431566
-1.09746625992353,-0.738147927629644,-0.30281516182639
-1.70087762929031,-1.13596137253387,-0.279910364247267
-2.20334163946821,-1.37444411436169,-0.210139871429515
-2.50153188577498,-1.50458158017567,-0.192241180859968
-2.60311552383754,-1.53458150255903,-0.06578272046887
-2.48382342346177,-1.58007625820505,0.270551770897125
-2.1843380245829,-1.61461841725486,0.504971200238765
-1.77120145181507,-1.53934870258488,0.465248102910824
-1.21670632087294,-1.41489676703766,0.33888545574161
-0.544999905853345,-1.18483594915415,0.297650004173606
0.137803012847961,-0.874485954816595,0.191779670579159
0.766923712695689,-0.584777887575037,-0.0644972294196646
1.33453206022025,-0.25566134056382,-0.269825626325743
1.83831499533622,0.0699825434214444,-0.207260047030968
2.1665148612045,0.335216195785577,-0.0506537448144382
2.31324325345007,0.646127963664538,-0.0556185468368481
2.36820533469177,0.911789838072432,-0.0948654461970493
2.31937547015181,1.07009241324835,0.0321218199082714
2.10295702866621,1.19035713570306,0.279381936692867
1.7081145947163,1.23779228162292,0.310926039618506
1.21595473662897,1.25133664457406,0.201294008996224
0.615575039696097,1.2384421209438,0.176176755006744
-0.100956245986699,1.15693815877418,0.202129737573625
-0.752267516359137,1.03623071467738,0.0658951326635187
-1.34718431101356,0.857261769908752,-0.141124928119389
-1.92054882484668,0.636105878155901,-0.175030061102713
-2.34096923691453,0.420947146948122,-0.0123290958086109
-2.61209515960315,0.183330243025722,0.0613812871098844
-2.72785166034153,-0.0512852605490695,0.0476331721035725
-2.62861526549064,-0.272209689604983,0.15205776560957
-2.39048348549843,-0.472592247974735,0.378915826923991
-1.9805910709186,-0.632521616923616,0.381646223893098
-1.44356321095429,-0.762593676396484,0.208961851241776
-0.809159134821677,-0.866913582149141,0.0886339520897566
-0.0391919300861757,-0.957710633874467,0.059992233960476
0.715483235542141,-0.995835281804177,-0.0731283558948269
1.39752880613835,-1.00048685696008,-0.272522738774714
2.03737975949009,-1.02466069826851,-0.316035960118297
2.51391451234414,-1.04073366124352,-0.103979497046261
2.77683678661697,-1.040304196376,0.0996614344461205
2.79288543664107,-1.0184533143405,0.173516895673693
2.54149549764333,-0.85793877472992,0.257011258294999
2.17930356011473,-0.560956910488324,0.401507420453948
1.82207546087785,-0.176167468630435,0.369284396189581
1.48704774585677,0.192208812861906,0.196868046501449
1.14227975555018,0.456659749717355,0.096955374373145
0.735644293107209,0.62942949293551,0.110530207692472
0.235228897019736,0.694683853843892,0.0283485208509898
-0.350466648981653,0.72423261740442,-0.135513040576862
-0.973413579922249,0.775789002099656,-0.187480650704668
-1.59371423616788,0.781684280947559,-0.118924988265086
-2.14069659659281,0.76759605414369,-0.10973222546141
-2.56516842838361,0.718937949989955,-0.131860454348653
-2.86341383695608,0.62333589646963,-0.00656959011035149
-2.98770225692159,0.557350572655869,0.250855108071999
-7.43663337973642,1.42000879834185,1.18052574101323
-2.95021429065522,0.46791309309454,0.47346696040381
-2.36268147827087,0.333440173707445,0.380014019665407
-1.85101030215517,0.196504655685657,0.463579848158342
-1.23059897800911,-0.00789153282843623,0.430350273641306
-0.523772793086092,-0.165543882243248,0.154481839240038
0.175979591372726,-0.32785945223474,-0.162544193823731
0.866430889035693,-0.481303206078042,-0.287244087934247
1.60029601360736,-0.560634768104351,-0.221098614388075
2.2295833524207,-0.658739918801878,-0.266465536178941
2.69251542187222,-0.722924743790335,-0.353398810039161
3.02239604640694,-0.718856508017489,-0.208996380425038
3.1738567200615,-0.784557087295814,0.171992299547814
3.1164015536243,-0.808316646416659,0.346955749461629
2.8863427723141,-0.793817840809397,0.332353569199269
2.50651561342515,-0.801125225613884,0.381409797485583
1.99345055169147,-0.672267865708959,0.564953872213579
1.39118581411323,-0.492465084139795,0.534814941922886
0.777144519158884,-0.343198868809401,0.263039372293601
0.119510487099282,-0.119149385181786,0.0123569399273618
-0.588294275024846,0.0688306163831979,-0.000555652548584751
-1.21275466951329,0.195997939346837,-0.0479038948925707
-1.73138063922959,0.387113495905587,-0.25695240356662
-2.15332131143703,0.54635827889756,-0.399140004562085
-2.5026868818551,0.674825980521233,-0.284719603453088
-2.74805643958916,0.893888026060615,-0.0519471808645883
-2.81909444218395,1.10103688984108,0.0389948653321106
-2.78880181128192,1.22923214380066,0.0643400801072879
-2.65483112043125,1.25058417468802,0.208183259609153
-2.26819657229818,1.10297007404447,0.511578704414105
-1.77277018567801,0.88328615696883,0.605416288559035
-1.28170086828123,0.594251936677955,0.429016152090177
-0.698105942325172,0.210132269928671,0.254138602834967
-0.115606694142178,-0.151179423125216,0.258996648063457
0.402135665424012,-0.49837299928841,0.143562423884988
0.897235341180225,-0.83405258230999,-0.139665098103751
1.30856567257518,-1.07695074553585,-0.362284958716849
1.66991066298089,-1.23363540590054,-0.309211905895287
1.97436390040211,-1.36215213803029,-0.128181139485098
2.13267639476981,-1.33561455857861,-0.123551929745136
2.22961130830011,-1.18392097711498,-0.137561006145211
2.20632604605469,-0.911859823666607,0.0824630652507832
2.05726454475701,-0.474666920270723,0.342139845038657
1.98940090917073,-0.0490756911450965,0.324909623689699
1.90020863539369,0.342599517778464,0.205637270290182
1.67400086070626,0.66670161950908,0.193637272750885
1.27341928902633,0.821260606191183,0.331352664252307
0.813998916649094,0.899931381871273,0.326740687261661
0.279825503206218,0.980136071660755,0.0927344155358533
-0.384896530586719,1.03644914627793,-0.193482339558888
-1.09187046317255,1.15469079934468,-0.192479474521954
-1.54552568879302,1.38441590304848,0.00860938526836433
-1.77004789158472,1.51762719462369,-0.00305194964544689
-1.81127274725179,1.4867630107913,-0.0929219922201247
-1.74491353230717,1.24734611751151,-0.0144584925169563
-1.8136181767453,0.792686419802131,0.319836668428483
-1.82374153529193,0.329571090278433,0.416612514239967
-1.70239979105729,-0.127738759715041,0.250885824421113
-1.55473532313336,-0.637085397760846,0.118240912671294
-1.24638009120106,-1.17034831475778,0.216952354963798
-0.872106243441753,-1.60878113219241,0.227109124784539
-0.552666925030839,-1.93409377834877,0.0316287603540818
-0.153697651192204,-2.14074504635846,-0.100435310217348
0.212805741272939,-2.15810177528332,0.0898254696698902
0.49144916847117,-1.99452783393713,0.256698755178566
0.821094037962772,-1.76307285263453,0.139441388859789
1.07076568573376,-1.39530633177195,-0.0382575806101343
1.26466752818405,-0.847849467101468,-0.0180867958656138
1.47385332536227,-0.274727909709063,0.131909652897999
1.54004678438941,0.313875321725277,0.0170529794768274
1.57111163371305,0.908856468280374,-0.186287952904429
1.60300040316844,1.48535944866694,-0.19633871088073
1.50755452114912,2.06532409612731,0.0493455606247511
1.33113524839686,2.42612497418784,0.132604551129095
1.11058120461042,2.62221123257787,0.0595206874036133
0.777178797564924,2.75331813232976,0.100291342551387
0.368242774343842,2.68744306510436,0.370405400474356
-0.0194767867357662,2.50329760987338,0.473338582297442
-0.337224843400445,2.21401094352328,0.354014247347256
-0.622333249914807,1.65885497966463,0.270009102397966
-0.851307123358115,0.99625888874356,0.38792753843632
-0.996700070681619,0.3014678369055,0.305216645402088
-1.09927993453213,-0.418986172338909,-0.0186971583420723
-1.11816626760778,-1.06875792510354,-0.290204701433234
-1.0498683442769,-1.734885517556,-0.254309516077715
-0.927803923715003,-2.37223629878801,-0.138784441196673
-0.786281156576857,-2.76128618098819,-0.183883528541615
-0.620002216352259,-3.03024024190294,-0.158373817796964
-0.417525506537959,-3.09534960859154,0.180401064489982
-0.257087700867632,-2.85259833291188,0.545349263102821
-0.175994289056608,-2.5414982396449,0.592819759192929
-0.120092988830142,-2.07090637438069,0.467993793914233
-0.0547546914503513,-1.40604399294312,0.435772869958845
-0.0247048881590405,-0.733040756417294,0.426202080679702
-0.0248091017786845,-0.0257924404131577,0.128056732510557
-0.00248645929751381,0.660880318080759,-0.260009410671744
0.0552737405930525,1.27671802898572,-0.445078549870131
0.0948463650368582,1.93555308710519,-0.267300907030807
0.159135991189327,2.47630259241837,-0.148164991531196
0.296192101556939,2.83587566504406,-0.151229982943651
0.451347315233533,3.07565793858308,0.0130687645782527
0.663828160797914,2.99176402283157,0.408465390815027
0.866247772146174,2.72234830038234,0.578771339210286
0.99703821992092,2.36673792455598,0.447106787202697
1.13194106565796,1.80952735166949,0.280305217127157
1.19544400038259,1.15385432099955,0.326710644657531
1.16579360881019,0.490647296067537,0.261447811655205
1.10910335679108,-0.177952083140989,-0.014591900428549
0.943673345172914,-0.752413723457656,-0.227319564386466
0.69906373240476,-1.23393107427825,-0.115083515474093
0.408499192948102,-1.63327010152468,0.0432816767098453
-0.00958423963387015,-1.9420905662249,-0.0677214642692044
-0.362041936259861,-2.19140956703195,-0.201277140690344
-0.618063283450794,-2.2879766639744,-0.0928780391757857
-0.899974856154877,-2.25954139349226,0.176679515795437
-1.06632644930561,-2.07794094152733,0.207444676069871
-1.23764871101728,-1.75046699691128,0.128948831081928
-1.4235969104807,-1.30332157867479,0.206188642301958
-1.5195587192181,-0.688126644847719,0.356573508310995
-1.56448665883033,-0.112798275069343,0.266415505632871
-1.55961235269014,0.453877561009381,0.0479018441473519
-1.5004354299294,1.04608918388002,0.00638077545510068
-1.33709933711045,1.4786585419096,0.187108438163914
-1.09286457081204,1.80873004333045,0.194085169051345
-0.797022851165154,2.02387812633477,0.0495545682740786
-0.405747102689063,2.04118049676155,0.00775622342975564
-0.00986590775117197,1.9531196740689,0.183934709083817
0.387904869125147,1.73914699316907,0.167272917439805
0.806643159340526,1.41821323707039,-0.0566182588916595
1.15635193799996,1.01368570684527,-0.203415025516263
1.53844789296305,0.470051786913994,-0.0823646180179772
1.94516352864895,-0.0549302936538565,0.00171722936246664
2.24967413009372,-0.474303116325178,-0.085846171381528
2.55475921275105,-0.793812710534037,-0.0902428523103412
2.70033419949337,-0.940875540711465,0.167667062151872
2.53903786578137,-0.944759862280505,0.393813641911219
2.16757091754213,-0.896351437584442,0.369856898032354
1.62490200708233,-0.94077321310056,0.251133726130945
1.0143096597487,-1.04084225724219,0.229346070724014
0.421341267309396,-1.10979794462818,0.186724172141537
-0.0480441953089444,-1.12040796582284,0.0228897255982897
-0.451340193553735,-0.945761366877713,-0.110337585165465
-0.872492818705199,-0.626886721852126,-0.0848291662211985
-1.27866461722044,-0.194350243409785,-0.0727832052313117
-1.71000649324453,0.272538043298692,-0.171270179020591
-2.09281774777575,0.646083499787767,-0.194072538387803
-2.4144126133628,0.938518622571812,0.0104709781019146
-2.63673877565343,1.13789703918709,0.21749221409323
-2.67990672359317,1.22868565672556,0.262983951716234
-2.60771266790629,1.23878178353246,0.31761521056122
-2.37215796919386,1.19106429213963,0.476585503212917
-1.9782265766159,1.04937101554886,0.522542427888297
-1.49195855766246,0.819607607326338,0.361349951942772
-0.900735477976999,0.572352077306904,0.127888616836266
-0.256374943215354,0.308157332246667,-0.0204393294783037
0.399528258174691,-0.0161315712308096,-0.0979757548377428
1.06942001105357,-0.310914065131926,-0.245610576061314
1.66673978303033,-0.541468848672859,-0.392906732041628
2.17252859358055,-0.724235537933038,-0.338987127025791
2.62493048050605,-0.802453153486377,-0.08913388357856
2.90277854883396,-0.79327047104816,0.0558422681565282
3.02062520322575,-0.704664644100106,0.112301797339195
3.02195023719037,-0.5727578744864,0.264876635961821
2.84385860617979,-0.481447873309913,0.48667975322794
2.51607817188158,-0.383680194266985,0.534220411182427
2.07589057987159,-0.289640483369587,0.405267875570472
1.50064258367237,-0.228373903485953,0.282711313766494
0.826334354926342,-0.111835122071948,0.250088962704797
0.119958566772379,0.0377553376557683,0.102723278042473
-0.573580462018445,0.158977651464528,-0.165316640068984
-1.25048401409067,0.30387421709391,-0.344796522288825
-1.93840452593568,0.421287287570847,-0.323777901477151
-2.53591445577664,0.443766230812857,-0.261258384951676
-2.96800092148231,0.442561063079344,-0.241150725999962
-3.2702087284883,0.417671828386428,-0.162604650817594
-3.40225387462907,0.390857166676921,0.075345096347776
-3.28099828335763,0.383443061632386,0.357112347700701
-2.97945805123234,0.357021994984819,0.468815596610704
-2.54174834304412,0.352332466522427,0.447935438552509
-1.94315283936413,0.351580806377251,0.468012665354121
-1.22793717088297,0.299064159163468,0.472089195162544
-0.503787593021554,0.266340004851136,0.277011307807687
0.206240155849619,0.221625484929315,-0.00426560087225868
0.932328538124016,0.145571277897841,-0.182132896270789
1.62522944545985,0.108284078197464,-0.220151379457658
2.17301331151589,0.0639368241530226,-0.260754399331408
2.58663680173484,-0.0158179643206422,-0.326013991108127
2.85578555803022,-0.0860888454128102,-0.288132530158402
2.94089727402267,-0.207815327531136,-0.0592485169668794
2.8583827989541,-0.386048871333522,0.144340155224861
2.65535539124511,-0.544120990266231,0.191423170428074
2.32343119785321,-0.730552859910397,0.244564217286931
1.84688356336305,-0.939626753210242,0.365435509773203
1.34845110675211,-1.09742513253394,0.394871847622039
0.884977067594907,-1.17437161809973,0.299667094952759
0.396986982497384,-1.16345662255069,0.174648735779116
-0.0996660793836021,-1.04431426387428,0.110396167270508
-0.604463173687058,-0.748216450835737,0.0630011725089645
-1.20739698569739,-0.387085656138911,-0.0881444673434219
-1.8335509585774,-0.109269597731183,-0.295312826486871
-2.36511531256011,0.110694020674132,-0.371770107587514
-2.83191597955014,0.226993292136955,-0.0913036871008278
-3.05798780545627,0.186899639886436,0.193413936592755
-2.95465291673313,0.245789755097404,0.235676845508835
-2.64749922842392,0.345009495357323,0.269439863646111
-2.20394694769468,0.471066741427179,0.430785927511705
-1.63875527192855,0.676557351728573,0.506934284778584
-0.964065042166616,0.855678446757416,0.349362674516026
-0.2752130113197,0.988412820889469,0.0599043043223322
0.368005215434177,1.07968485163511,-0.177655584330337
1.04241500246602,1.0893384760995,-0.171264675682916
1.71519498368624,1.11300477919957,-0.0628008393569972
2.13578462368848,1.06630482959762,-0.115492622691696
2.45791275956937,0.924866678753858,-0.140957231528277
2.59970371991724,0.779002793317172,0.0645109470254136
2.50074109920674,0.494072770349352,0.282083206134128
2.36208315641555,0.146352403060607,0.322341252424478
2.08372867017074,-0.18511596079196,0.286485832656981
1.61545878937103,-0.547339633243639,0.221836782428075
1.0122033341283,-0.895209089759928,0.140105623033208
0.355145454185051,-1.17775446731375,0.0439567351745634
-0.302198115139889,-1.4053730619795,-0.09708998435948
-0.961200074920449,-1.59508270453833,-0.263255968413269
-1.58154982190093,-1.75553328048929,-0.265342733739131
-2.00567002065624,-1.79315148207639,-0.0132049354794523
-2.28375634356428,-1.7087334840458,0.142487882300273
-2.43000254577756,-1.56880900510151,0.152734827104547
-2.42809589322193,-1.26829877779792,0.226242273244102
-2.38233613659663,-0.91754672125861,0.435605864055965
-2.10970596527513,-0.631894599665555,0.513664754675033
-1.64435541839707,-0.236052446896922,0.382624266672994
-1.10101275089234,0.194258171234483,0.144768183717832
-0.488386061016357,0.583237673683947,-0.057903950438535
0.200773774119032,1.02536907453294,-0.0803641167096708
0.896871267215277,1.4865540343826,-0.112136882021175
1.46479403964162,1.79085695690165,-0.287746591765401
1.89019061165769,2.01774922783196,-0.334338934380345
2.27093703843953,2.19930254227858,0.000644699584625822
2.48692823884592,2.24863227748106,0.308417910238407
2.40911154608678,2.12374717635925,0.379723202773449
2.22535555731548,1.84481971278214,0.389615617405389
1.94470908646399,1.46810032142181,0.392991586064066
1.50076576657474,0.944183340094776,0.371998790228588
1.0761857274654,0.263335499333397,0.276180303657779
0.775598396442731,-0.329862569022141,0.116036786973244
0.42416214552628,-0.800636226037839,-0.0863567689866256
-0.0639644204391832,-1.27356393814343,-0.262645897095578
-0.642920458225332,-1.66653319497603,-0.158724309089903
-1.19025041924928,-1.84155754143173,0.0375811484119581
-1.685824204507,-1.98512085439662,-0.022118400517731
-2.13762859988381,-2.00284937644375,-0.102545234493714
-2.43277734024197,-1.81431091179465,0.074402081914114
-2.51194292718072,-1.53887191089077,0.313066787783159
-2.5237922740734,-1.22434668154477,0.347560150656107
-2.39701902818805,-0.873329794769166,0.27913011650462
-2.05321851079602,-0.470332717204544,0.210392284653929
-1.61273694091487,0.037102069628429,0.273100874210506
-1.19025213397088,0.358526820808087,0.391617007157726
-0.624409984148942,0.523303018203913,0.250533358657066
-0.000600396012374987,0.715513292609946,-0.0708132866570969
0.645337199987666,0.862560876719848,-0.288165002205446
1.5020864654364,1.07924106196698,-0.163599234752859
2.12028081580227,1.47262793509853,-0.10333782132458
2.4034266591711,1.70560004718086,-0.146540572323036
2.55880524687155,1.82305446608338,-0.0519342903011332
2.58343684078579,1.8101521677949,0.165346640673194
2.49404628891486,1.6129669384375,0.365019436415327
2.26176310728877,1.24130217695382,0.462105377832183
1.89117537502305,0.766765914800818,0.437195595122518
1.4434990949806,0.257665867477506,0.273273410644392
0.970289139418496,-0.223426918410007,0.0249920390143942
0.40985803415957,-0.672800568434137,-0.0959483258098633
-0.235625760355586,-1.23802596486231,-0.0137479924600394
-0.686700659908279,-1.6682636657128,-0.0832211377962125
-1.10681128167811,-1.89336723191483,-0.221221768805263
-1.44985443807867,-2.0600786916252,-0.132916571761525
-1.66168033974533,-1.95726502360467,0.0939304696854925
-1.95013827786735,-1.77569118190223,0.184497989239189
-2.10295805663444,-1.67272300422722,0.181204696702615
-2.07636666538976,-1.42002795336219,0.183407307088994
-1.89580567882089,-0.976081236201944,0.279619526451898
-1.53475892708378,-0.469259054100216,0.391510415219694
-1.14127527107204,0.0556403833453905,0.262334232720524
-0.729088157026008,0.630297063828647,-0.0512847742983861
-0.245003708768438,1.24159231892274,-0.197502671590298
0.268707136435143,1.69949756156828,-0.0330583419895147
0.728855081079025,2.1126640945592,-0.03517877996734
1.05243022869368,2.44287126430464,-0.11262590703066
1.33740693862064,2.5376230671441,-0.0780724429888272
1.64284121123419,2.54780183563314,0.137560111658169
1.67656049912624,2.48189601139841,0.380567339476447
1.56398833242947,2.10045402384754,0.449885287918593
1.45062044673779,1.55644355594832,0.403438089691318
1.26792230866712,0.948868925776099,0.260169683839013
0.971890606889072,0.305201975390396,0.0267155413461866
0.587226102432486,-0.364248978827608,-0.118476569897178
0.260804759086594,-1.07783542277654,-0.0508511876152579
-0.0594751264224715,-1.73353398022576,-0.123452329251279
