0.3,-1.5690860141,-1.4795687841,-0.137132142,-1.09768027,0.135447267,0.0749668433
0.294645090351073,-1.56899388034352,-1.48027275076495,-0.142166081843813,-1.09770213037578,0.136887940905284,0.0704173869280676
0.278803934421484,-1.56874173978087,-1.48226756844478,-0.156633961890934,-1.09775010592082,0.14105602715271,0.0604102755912291
0.253138551844555,-1.56839237433615,-1.48523433219583,-0.178663854255046,-1.09778943459366,0.147439671479637,0.0537968305602412
0.218727072795251,-1.56802326683774,-1.48875753223437,-0.205255535292899,-1.09781076781706,0.155110326404896,0.0593148003293278
0.177034374840219,-1.56770289515874,-1.49247059035915,-0.232517862327437,-1.09787193118535,0.162791309722329,0.0796889403865134
0.129874182533671,-1.56747828115943,-1.49614897939778,-0.25607279845139,-1.09810683187777,0.169048645416475,0.108881958608757
0.0793503076577641,-1.56737609135259,-1.49969793161875,-0.271606387874373,-1.09867137993294,0.172519740567451,0.134922962349402
0.0277645726142626,-1.56741232111105,-1.50307225762785,-0.275465435621294,-1.09964553138032,0.172143259866957,0.146790899714168
-0.0225086798369103,-1.56760194878138,-1.50620469860642,-0.26515764575596,-1.10096912406703,0.167342392126701,0.140502482108946
-0.0691640943832255,-1.56796202039303,-1.50899021314181,-0.239653307561613,-1.10246618373008,0.158088044960573,0.120505343445665
-0.110093721645398,-1.5685079747945,-1.51133196537875,-0.199473652742695,-1.10394181047424,0.144862520219378,0.0962608812765995
-0.143477241707136,-1.569246795355,-1.51325333921638,-0.146619722411661,-1.105280578593,0.128615304158802,0.0765946367303048
-0.167829766942284,-1.57016732561882,-1.51509735058884,-0.0844131271814379,-1.10644675905714,0.110716743707775,0.0649597845704662
-0.182027026074935,-1.57122072230884,-1.51768531272474,-0.0172884406464686,-1.10738157532457,0.0927984715177599,0.0580980735611692
-0.185334799007561,-1.57230115908095,-1.52186142769991,0.0494720408396608,-1.10808276795934,0.0764801837065634,0.04885292224765
-0.177456478307569,-1.57328337101835,-1.527593401923,0.110093654412689,-1.10885615580913,0.0632643367633086,0.0312221204145093
-0.158598662556763,-1.57409369196395,-1.53424387608811,0.15876782664459,-1.11003700405042,0.0545744396749875,0.0045826472005159
-0.129530868157736,-1.57472069383935,-1.54138226053317,0.190191071727342,-1.11158195546788,0.0516170269592176,-0.0250119190920232
-0.0915930829390446,-1.57518922458888,-1.54897044958263,0.200129977202936,-1.11312436338267,0.0551800985936497,-0.0472991933324431
-0.0466207498976961,-1.57554282766869,-1.55727216734936,0.185930020775718,-1.11423458850255,0.0655384535718162,-0.0527306907701667
0.00320369673348608,-1.57584371544869,-1.56680834903819,0.146884180653554,-1.11461379539133,0.0824573851053301,-0.0372400231743982
0.0555265601303319,-1.5761925651557,-1.57825704449305,0.0844056872828729,-1.1142031067129,0.10522148639879,-0.00474491648522663
0.107968624479543,-1.57675124190439,-1.59158202614877,0.00198425459065445,-1.11354422505587,0.132628298946328,0.0339949621312686
0.15821100755195,-1.57764512643949,-1.60401470325261,-0.0950700577884076,-1.11457187721712,0.1626357197604,0.0672223399817459
0.204038672181421,-1.57875938211242,-1.61224708308102,-0.200064835290128,-1.11917091126431,0.191843608802386,0.0899283835752105
0.243380275155491,-1.57988478916551,-1.61649286039124,-0.305488016713368,-1.12694320726981,0.216559232980836,0.105665561323218
0.274384390284758,-1.58089227888465,-1.61815673581784,-0.403640398889214,-1.13651106388256,0.234026719178303,0.12274365796083
0.295537269295844,-1.58170803352853,-1.61818368125977,-0.487253805876776,-1.14663593886232,0.242699824903472,0.148222791779671
0.30578681916482,-1.58227793366496,-1.61708611649451,-0.550016328233278,-1.15650546437748,0.242190237328206,0.182825557664054
0.304634021500791,-1.58255765007606,-1.61514358180976,-0.58697998941794,-1.16583195900523,0.233020472134355,0.219640460706595
0.292168788370057,-1.58251512389159,-1.61249990864007,-0.594868599614665,-1.17483869881859,0.216275611410392,0.246625687059167
0.26904765991671,-1.58213800808173,-1.60917863240821,-0.572327422075629,-1.18413095135811,0.193376679717843,0.251312606161675
0.236418789276538,-1.58144162319982,-1.60503512255319,-0.520116706922883,-1.19449304169215,0.166107012969883,0.22640778048101
0.195818090888022,-1.58047385430435,-1.59963277125872,-0.441216686884242,-1.20667911572209,0.136783581694337,0.174970143006504
0.149075774425975,-1.57931753906427,-1.59197909973688,-0.340785753512685,-1.22132926493988,0.108295303932558,0.112117036555823
0.0982552852904507,-1.57810534507378,-1.57998760098998,-0.22586887456425,-1.23924713281856,0.0838819609249674,0.059149156497434
0.0456134662884226,-1.577099619193,-1.55995549429313,-0.104796580755367,-1.26194010923409,0.0669942846144666,0.0304731852063771
-0.00645522248463727,-1.57682224390567,-1.5305742357492,0.0136619420715837,-1.28986035445002,0.0612990079340707,0.0225798667241369
-0.0555380078879263,-1.57751113598695,-1.50256396507704,0.121150921215984,-1.31757622510765,0.0678582759512576,0.0183217734069768
-0.0993870773837795,-1.57856656782025,-1.48297238411952,0.210364129167843,-1.34158892071022,0.0829115072506828,0.002886968087463
-0.136006247237809,-1.57945539029553,-1.46955107973476,0.275502055625384,-1.36303113245327,0.102180431076564,-0.0285412420791251
-0.163713810722191,-1.57994513845369,-1.45979120683731,0.312589282455381,-1.38305804828581,0.122318951209088,-0.068572313309354
-0.181221302827302,-1.57995028083931,-1.45237856754213,0.319636543799483,-1.40215446367873,0.140605180145051,-0.100879540669673
-0.187706343583633,-1.57944838121511,-1.44669412594935,0.296713316843681,-1.4204463824361,0.154748935951565,-0.107876257801163
-0.182864749250793,-1.57844887728929,-1.44249211824249,0.245956369480336,-1.43791234168684,0.162946871577275,-0.0795560327952701
-0.166924954613166,-1.57698825280497,-1.43980636671863,0.17147838666645,-1.45449375193796,0.164105924531242,-0.0204814595124756
-0.140627485294902,-1.5751428221698,-1.43891097723197,0.0791278339726926,-1.47017828535041,0.1580503988546,0.049397094121595
-0.105183539399168,-1.57304683103473,-1.43980053162352,-0.0239601967650553,-1.48521804994873,0.145630075191762,0.103956108724381
-0.0622261473251158,-1.57083416182078,-1.44109422107701,-0.130018732218909,-1.50048475672215,0.128504247565284,0.126969123522898
-0.0137434577430384,-1.56855886206224,-1.44157061659196,-0.231384339204448,-1.51648323959743,0.108682730217875,0.122959712031771
0.0380307002259459,-1.56627127821073,-1.44134639404483,-0.321144275815123,-1.53278763112711,0.0884331748664172,0.113438020502315
0.0907273400841074,-1.56404720597187,-1.44086968110181,-0.393587390484067,-1.54887799508957,0.0699562023916685,0.121388907836411
0.141935868108092,-1.56197035778602,-1.4405413902928,-0.444491108277564,-1.56471993687544,0.0551532383432544,0.155322019398472
0.189295827774589,-1.56012437119361,-1.44070848754694,-0.471343446938228,-1.58087485202372,0.0455209501635412,0.203567616097926
0.23060530305485,-1.55858996078396,-1.44169158700107,-0.473531722131892,-1.59818318076484,0.0418950114469826,0.241065132690726
0.263941917728651,-1.5574393403411,-1.44380699133373,-0.452448145267295,-1.61722887920485,0.0443364245959655,0.243635475506682
0.287774290741144,-1.55672585552208,-1.44739804742762,-0.411411099224282,-1.6379187364232,0.052381582102111,0.202433191971186
0.301040356840662,-1.55647135782039,-1.45288632362399,-0.355329841675583,-1.65937096997834,0.0652069986566754,0.131188067611795
0.303185736120725,-1.55665529615775,-1.46083103381488,-0.290124979058246,-1.68016859997195,0.0813545321059672,0.0603377443709977
0.294175950281254,-1.55721247452228,-1.47190794651659,-0.221996020712071,-1.69896158179343,0.0985444401671096,0.0194852799889382
0.274489149648526,-1.55804944745567,-1.48659844191688,-0.156714974428315,-1.71513015542433,0.11409457006955,0.0199193993260596
0.245088799805947,-1.55908736596017,-1.50450981137567,-0.0991102547077726,-1.72918542186019,0.125531784994289,0.0491475805070154
0.207376446738164,-1.56032538006765,-1.52401560868035,-0.0527987899561581,-1.74262951270468,0.131029156619088,0.0796833300880611
0.163118401232369,-1.56186742280952,-1.54320097826465,-0.0201271097595663,-1.7570293958098,0.129778850556649,0.086025130287831
0.114351042217047,-1.5638558819959,-1.56111380458247,-0.00218931917361657,-1.77302764622446,0.122176195639397,0.0600771317962937
0.0632786626368654,-1.56637502009891,-1.57775076464138,0.0011867628517943,-1.79021401820502,0.109591931450081,0.0162466027611642
0.0121748762867687,-1.56940669626749,-1.59342195385526,-0.00851429321743076,-1.80761489502247,0.0938189709818336,-0.0169919384235483
-0.0367025730191068,-1.57284540334283,-1.60850070551299,-0.0285032061661627,-1.82428413566147,0.0766888642950479,-0.0146998802324209
-0.0811909639836225,-1.57654488553612,-1.62356546226546,-0.0548878710843741,-1.8397399300119,0.0601431919350385,0.0279900331763566
-0.119309023557371,-1.58036179215235,-1.63951130609372,-0.0831420945875417,-1.85410370990675,0.046247895446958,0.0914966344873257
-0.149353218315289,-1.5841689624509,-1.65744523095289,-0.108773706926246,-1.86784856681023,0.0367748283162098,0.143751741570689
-0.169993715809681,-1.58783728259235,-1.67856559906205,-0.128011432061836,-1.88125647645701,0.0328912408574464,0.159851573191085
-0.180347386601126,-1.59121187311587,-1.70421726342436,-0.138303288535526,-1.89396357831588,0.0352500716431707,0.1351548762611
-0.180013461260633,-1.59410135934847,-1.7360383798682,-0.138549909057098,-1.90482880081674,0.0439487265539286,0.0857449013687662
-0.16907455042727,-1.59628456651582,-1.77601775386482,-0.129117268734726,-1.91212938712393,0.058174158702439,0.038787815995377
-0.14804663226796,-1.59753800498766,-1.82630915595832,-0.111669908098435,-1.91405172984292,0.0760665392935665,0.0178209634888527
-0.117809211788138,-1.59768821588294,-1.88862556107257,-0.0888987161927674,-1.90935021028579,0.0950599647110843,0.0297791475071212
-0.0795741745908008,-1.59669270060772,-1.96324068707681,-0.0642010786500298,-1.897956929195,0.112318268885361,0.061268026324319
-0.0349123013244324,-1.59473559545596,-2.04821895599365,-0.0413210192001597,-1.88121138431055,0.125158475679479,0.087268285738037
0.0141726150139782,-1.59228380285978,-2.13977331165289,-0.0239813590876156,-1.86139895111665,0.131758189399181,0.0874650907676773
0.0652073789803509,-1.59003440861888,-2.23355342591384,-0.0154992073969329,-1.8408687466095,0.131848614830733,0.0597014514630594
0.115347846527359,-1.58875577910207,-2.325305481218,-0.018363849480197,-1.82158303968605,0.126678660319145,0.0214864746884475
0.161630046830623,-1.58910415268701,-2.41004608848584,-0.033827647446396,-1.80560753170729,0.118267617202184,-0.0013839379285425
0.201328472891742,-1.59147499792701,-2.48085792485303,-0.0616332385770888,-1.7960080050055,0.108475839347383,0.0090626986043429
0.232333918422634,-1.5959115617163,-2.52961776288661,-0.0999967411796889,-1.79678683853503,0.0981160922368464,0.0523724495969264
0.253359229849873,-1.60211999440026,-2.55060270798713,-0.145897175067047,-1.81107725051181,0.086485391892686,0.109755198157072
0.263817514171679,-1.60959326669078,-2.54367692755275,-0.195610070632348,-1.83920570131521,0.0720248504614129,0.154272829273087
0.263570242385762,-1.6177385025309,-2.51348675742136,-0.245253277453731,-1.87879296996904,0.053769923527959,0.165901120091403
0.25283036225444,-1.62593915153347,-2.46629237753641,-0.291132925980683,-1.92634954270759,0.032312506710547,0.143238567871486
0.232184363234856,-1.63358135132472,-2.40758673309889,-0.329875701096424,-1.97869185880285,0.00968098270432423,0.10461813432597
0.20262166439084,-1.64008713181013,-2.34127394129064,-0.358435959651352,-2.03368595402828,-0.011408878372934,0.0771694672382047
0.165547691645113,-1.64496582768465,-2.26969308317991,-0.374124226697864,-2.09058138457471,-0.0281533545270955,0.0798614357025815
0.122749819449505,-1.64786647203587,-2.1938174090503,-0.374774640688749,-2.15002178863281,-0.0378848845271654,0.110986316071577
0.0763070821647956,-1.64860927160099,-2.11335162810713,-0.359044330274479,-2.21368449293749,-0.0383658805309863,0.148577840897181
0.0284615064545573,-1.64718557940201,-2.02663938204373,-0.326745214587495,-2.28369557885669,-0.0282344028652773,0.164095653782747
-0.0185218803504429,-1.64374222966664,-1.93029729339073,-0.279073335294166,-2.36221997774397,-0.00708653054124139,0.140921285319419
-0.0624767400371454,-1.63859819246482,-1.81852655006966,-0.218634673139959,-2.45158043638634,0.024754964926505,0.0865312041754608
-0.101401765064992,-1.63235381536595,-1.68271385022856,-0.149236104460425,-2.55463912929803,0.0661978619933623,0.0315378922152401
-0.13340955210093,-1.62610592384721,-1.51459666474127,-0.0753695622042667,-2.67374575153704,0.115053338360392,0.0155753864825742
-0.156507285078438,-1.62137219432603,-1.31918446949985,-0.00132419659424904,-2.8050747343947,0.167207073426635,0.0628929336453011
-0.168655170729197,-1.61887798345963,-1.12514127698162,0.0693494589118448,-2.93426111425825,0.215101948563138,0.151358719424967
-0.168703861414371,-1.61751907362535,-0.961134011590307,0.132876086288215,-3.0481526379973,0.249230955271005,0.212512304757733
-0.156864270950687,-1.61544390317639,-0.833068705187155,0.1840904605686,-3.14508575562326,0.26282005085171,0.188304097101079
-0.134274877718688,-1.61122505851939,-0.732332925057323,0.217169481205824,-3.23000829752718,0.25395783839663,0.0777782654300246
-0.102682714141449,-1.60401848404266,-0.646805099272903,0.227340819025645,-3.30836395867473,0.224110050101772,-0.0640690355603069
-0.0643180251838682,-1.59340478776215,-0.56436192946048,0.212067214052371,-3.3844441010938,0.17580490207332,-0.161091170258741
-0.0218436202016585,-1.57928002685506,-0.472862842959893,0.171304008405272,-3.46263967186629,0.112694771498201,-0.162834068830628
0.021543676495368,-1.56174143985484,-0.359410416742856,0.107279900633507,-3.54896311838761,0.0415574885893301,-0.079773338789386
0.0618738186881226,-1.54110873607877,-0.216913768596535,0.0240159702063391,-3.64823993271193,-0.0270263816349844,0.0118321455276847
0.0951088828378102,-1.51843744836719,-0.0691627738188103,-0.0733954757160087,-3.75049952296876,-0.0808461532723306,0.018532827610928
0.120048442994843,-1.49556842640738,0.0375018327039188,-0.17821743604216,-3.83293366335179,-0.112637089462477,-0.076669558488549
0.137718745006559,-1.47385932359857,0.0951468034659848,-0.281364767626444,-3.89023648543963,-0.122600429378865,-0.202056571233585
0.148582786714226,-1.45420663290461,0.119180086631498,-0.373237299593893,-3.92897947040016,-0.114050574020804,-0.276777747279025
0.152559324604844,-1.43740980248136,0.12172270251818,-0.445846122248199,-3.95569645316146,-0.0909683843242589,-0.265717818909753
0.149595099003511,-1.424214432249,0.109175745898244,-0.493595778517634,-3.97539743569002,-0.0568889607502206,-0.188021327756745
0.139934199312568,-1.41528832152443,0.0844031734184175,-0.513481378646635,-3.99166159297307,-0.0155831001241081,-0.0965310459947493
0.124182359459669,-1.41116443992747,0.047972512574242,-0.504940315222648,-4.00624712230488,0.0283222920562902,-0.0458087463653539
0.103224566012293,-1.4121720843433,-0.00167816082354366,-0.469535021482043,-4.01856719740442,0.0703464008785846,-0.0624029881707579
0.0780639801814787,-1.41836533558472,-0.0688811832263327,-0.410779897451749,-4.02541403490755,0.107210089984599,-0.130199405787176
0.0496526713130391,-1.42943640166745,-0.162076989886694,-0.33412627268311,-4.02066590865885,0.136569966815984,-0.198731774511815
0.0187345335963046,-1.44467140959602,-0.295384050799259,-0.246934026654675,-3.99505422827785,0.156960866734733,-0.214073755463371
-0.0143491431748125,-1.46287758150059,-0.487610685582236,-0.157922005007131,-3.93736566934991,0.169551745622126,-0.159078013556046
-0.049556484921056,-1.48205136628913,-0.749681938709426,-0.0750624268202747,-3.84190041771148,0.178951229676456,-0.0758254597615562
-0.0857416776680537,-1.49936245886883,-1.05982490905492,-0.00227895213985711,-3.72171438416044,0.188065913109077,-0.0365386381102334
-0.119281187479783,-1.51295579742469,-1.36869920481427,0.0610913073402678,-3.60402817278208,0.193067317767023,-0.0720609117841677
-0.145943840526015,-1.52336241524591,-1.64126783616576,0.116697968444429,-3.50681556013719,0.188178012328912,-0.142782787429388
-0.162986723930035,-1.53225185529094,-1.8699367013518,0.164004362884911,-3.43256504196979,0.170376819422007,-0.180877556905445
-0.169212386117375,-1.54118721316096,-2.06173719065836,0.200188880233172,-3.37604795016018,0.139716902333344,-0.145670992249631
-0.16449635380853,-1.55128028949121,-2.22814996483771,0.221479173771997,-3.33042317161449,0.0988437847669736,-0.0472342119822596
-0.149515749092422,-1.56320821628888,-2.38161959095627,0.224453977029873,-3.28969480417683,0.0513951522914049,0.0638912817886712
-0.125663342845875,-1.57727802677722,-2.53523982553427,0.206912776098437,-3.24859336465182,0.000312213457080996,0.127887716475012
-0.0950784212771199,-1.59351018616051,-2.70370703115625,0.168363736728344,-3.20094169042052,-0.051879361008507,0.112796374779787
-0.0608676104611216,-1.6117183509689,-2.90410547322155,0.110227170165326,-3.13845798250414,-0.101999681067171,0.0404513262164371
-0.0275055637837071,-1.6312614222449,-3.14882964031765,0.035364465114598,-3.0544532636534,-0.146190007419448,-0.0131696561870745
-0.000181602275740548,-1.65018600035021,-3.41575051957827,-0.0533454653933531,-2.95997070314612,-0.178317986679613,0.0376127012827199
0.0189750613942645,-1.66568583480454,-3.6380044291258,-0.152398327193825,-2.89030457575856,-0.189573901346947,0.187556564720571
0.0316886560308012,-1.67670841563265,-3.78284812551227,-0.254411771576402,-2.86487035446023,-0.177085210916747,0.311406913904892
0.0396913287391935,-1.68338188274564,-3.86800220598519,-0.348654544502697,-2.87560379747732,-0.144814440256772,0.30026623833413
0.0437116609823197,-1.68583213047043,-3.91692595346711,-0.425025967729665,-2.90862328062139,-0.0961205900764146,0.151003968704752
0.0440646996322582,-1.68420026036416,-3.94466222964998,-0.476188551350588,-2.95335117429075,-0.0335325550527145,-0.0520781520446873
0.0409815686846941,-1.67881776888009,-3.95974780818161,-0.497640960536339,-3.00335242420273,0.0367383646305296,-0.197719613090564
0.0346716628346257,-1.67017637493564,-3.96646132843776,-0.487279200484552,-3.0563910167587,0.10590826633984,-0.211930572390595
0.0254605010285699,-1.65876294761364,-3.96617116453584,-0.445540164335472,-3.11266081527269,0.167224253549263,-0.0933108845571843
0.0137850877817271,-1.64493763386948,-3.95762070372201,-0.37562338314288,-3.17362373728287,0.215809423409916,0.0875507455477032
6.36506519115649e-06,-1.62898722210315,-3.93625260194635,-0.283419370355338,-3.2424261501423,0.245652525121871,0.221261345296393
-0.0156956348552142,-1.61123157617614,-3.89365868918728,-0.177329280299936,-3.3240592823142,0.250688732102186,0.224845162764185
-0.0334547618693408,-1.59192067710476,-3.82054388560651,-0.067581050019256,-3.42396920331767,0.228443746107889,0.104249773502231
-0.0535945587424176,-1.57146878935068,-3.72609567424356,0.0358587908263607,-3.53715878661489,0.179464392424711,-0.047632029661777
-0.0750816521554406,-1.55149399322397,-3.64124197176458,0.124796834991572,-3.64627595460898,0.108022230814806,-0.142297866590601
-0.0954884259023856,-1.53411815190933,-3.57280153122953,0.192627598269084,-3.74507101564489,0.0235734902885892,-0.141901042789755
-0.112744667970186,-1.52073322212945,-3.51133217894759,0.234418512424634,-3.83608101855629,-0.0629558564592242,-0.0544043284685031
-0.125386375131267,-1.51209848663207,-3.44835444663847,0.247340011463904,-3.92396760302808,-0.141095881830954,0.0698536985454425
-0.132347288269365,-1.50857930194642,-3.37692073742235,0.230935875272971,-4.01502179707003,-0.202250181128427,0.16154222586194
-0.13273207996463,-1.51030174060909,-3.28897438181917,0.187275877080995,-4.11626635771174,-0.239575196250247,0.165641364974899
-0.125491390318235,-1.51722894413354,-3.17420155121945,0.120829711603603,-4.23389123958975,-0.245422275124262,0.0668858120364128
-0.109031564563889,-1.52898056114535,-3.02506452791691,0.0378715320344733,-4.36962956836099,-0.209850473499991,-0.0993391589338085
-0.0817081421292718,-1.54437822937855,-2.85752188328239,-0.0549093864856549,-4.51054901744281,-0.125095394581399,-0.255214823870651
-0.044527465230343,-1.56188669093128,-2.71598842382172,-0.150967366525648,-4.63020032936955,0.00193896837343625,-0.313661481916886
-0.00126628340091954,-1.58092318018411,-2.61814562030704,-0.243238242955527,-4.72092929787438,0.150465849153478,-0.240096953527633
0.0445924058179463,-1.6010883435702,-2.5504368152226,-0.3251258151387,-4.79423072753493,0.300548269660941,-0.0899845481887008
0.090417496216216,-1.62153359953798,-2.49837330962465,-0.391800674409925,-4.86152478646781,0.435064944822911,0.0317617995824112
0.133960257617189,-1.64126776274392,-2.4526953092542,-0.439862932261677,-4.92906789078325,0.539807079935091,0.0444299300403019
0.173230043021928,-1.65935524706988,-2.4076120331034,-0.466991150157794,-4.99968347459333,0.606220078608039,-0.0637590450198867
0.20655520316819,-1.67499762127853,-2.35897837196769,-0.472089939051623,-5.07489846367851,0.631187419963268,-0.23780225469318
0.232559652861087,-1.68764894922107,-2.30235024608151,-0.45570826828151,-5.15592776052213,0.614364087472371,-0.386413205119689
0.250139154145266,-1.69697100700938,-2.23232269326043,-0.420618391981823,-5.24407309712029,0.556539908277607,-0.424084615595596
0.258581446733858,-1.70271756171356,-2.14330263850545,-0.371584976303689,-5.34029136680768,0.460730537906284,-0.312187078382588
0.257599933716204,-1.7046831200882,-2.03034498243619,-0.31457794691038,-5.44521095326719,0.33469396244705,-0.0885893430495349
0.247188728040572,-1.70268508207764,-1.89015355508198,-0.256316225944103,-5.56082048396915,0.19038141902928,0.136752371590235
0.227712931884843,-1.69663769740455,-1.72277264343041,-0.20303315017557,-5.68996865514086,0.0395288945123264,0.245726729751779
0.200147551560314,-1.68653070655952,-1.5336595117529,-0.158751883793951,-5.83303362529698,-0.105886736940412,0.187177594590481
0.165974425710146,-1.67235613547984,-1.3325582893686,-0.124962621016087,-5.98595801290428,-0.230407779053349,0.00299646637152068
0.126965366701605,-1.6541987903475,-1.12761498045231,-0.101334888417317,-6.14112433324627,-0.319201745392046,-0.193349357677763
0.0850363638444302,-1.63220844838506,-0.922483400842916,-0.0865589524672806,-6.29136289886878,-0.365052410885033,-0.282256488392755
0.0419975878099713,-1.60663890767525,-0.717880862588557,-0.0792474543627808,-6.43347545762322,-0.365479657772182,-0.209443467602616
-0.000666304414860556,-1.57799543659143,-0.513203957352445,-0.0786636482497557,-6.56929099366033,-0.317905754070831,-0.0120369305770914
-0.0418811244696799,-1.54695762296355,-0.307829612220985,-0.0844770186222459,-6.70476822892332,-0.224744562883964,0.202682209453002
-0.0808147308382653,-1.5144592899818,-0.101525309762895,-0.0964667889112648,-6.84536220554482,-0.0987613247218008,0.313061445389111
-0.116684108818265,-1.48190668734507,0.104911374382212,-0.115111397241779,-6.99137189996852,0.0430417353940373,0.254940005323693
-0.148648866001354,-1.45108151586564,0.307926257724892,-0.141522771565234,-7.13806837071002,0.18652496342348,0.0655697059464175
-0.175616069158822,-1.42380850571441,0.500895676685784,-0.176804028508231,-7.27820134417256,0.31885631235005,-0.136910576440654
-0.196462903052389,-1.40171285379564,0.675361973206266,-0.221156071742087,-7.40573353853873,0.426265224287225,-0.231538199369303
-0.210314978942551,-1.38608020633188,0.824864299156,-0.27259322370619,-7.51828589481489,0.497881642274391,-0.161729979283676
-0.216558701251212,-1.3776926183477,0.948542430674522,-0.326739857405455,-7.616068001257,0.52879864152197,0.045979682422725
-0.215001389506149,-1.37686850801422,1.04934075285549,-0.377572467219869,-7.70044873765917,0.519078937643614,0.294184860464257
-0.205935502054112,-1.38368307451865,1.13067296912683,-0.418668323723669,-7.77323565565062,0.4712331972808,0.461097170313954
-0.189918007717921,-1.39795396089169,1.19605802151878,-0.444479648178217,-7.83660402551496,0.389690374903258,0.467916264893341
-0.167649071791304,-1.41904933587029,1.24975638240477,-0.45093238473526,-7.89416479440558,0.282292797619656,0.316397338344014
-0.139933611589713,-1.44597919958762,1.29617556411272,-0.436115008014091,-7.94956995751569,0.160463487916636,0.0880437159581706
-0.10773164808852,-1.47760826795643,1.33910028462947,-0.400475642769317,-8.00361308689382,0.0359655960564251,-0.0914716180390843
-0.0723228583969967,-1.51255950195145,1.38272169956896,-0.345918946863981,-8.05574064902617,-0.0811523192155191,-0.121605275176156
-0.0352796865990874,-1.54914009011771,1.43357201323754,-0.275335386953277,-8.10777888074752,-0.178796683002143,0.0108804526743449
0.00158844491431529,-1.58539104244457,1.50219434269804,-0.19245895566101,-8.16707091632354,-0.242813546377032,0.218604215084133
0.036324890067238,-1.61878020667788,1.60322983074738,-0.102122532038599,-8.24606750069497,-0.264234176351762,0.367472058815299
0.0669297824038243,-1.64601968288799,1.7398026793266,-0.0106291586578413,-8.35050765399231,-0.239824701295368,0.366953109572049
0.0912944681760517,-1.66489326296634,1.88005960566981,0.0754763921104955,-8.46468802011098,-0.170477438958402,0.21350524809106
0.108063021943491,-1.67605256729022,1.99320185588844,0.149734691747598,-8.56881824291801,-0.0654941500360453,-0.0191492859476538
0.117011972583121,-1.68100085668592,2.07767006195739,0.20532543367771,-8.65667132599063,0.0586164469417483,-0.212142293666386
0.118323508623997,-1.68071478975041,2.14207470351527,0.236572111404536,-8.7304698880323,0.183201189985603,-0.270854936106822
0.112194466846769,-1.67582868157421,2.19381672639551,0.240015102967139,-8.7953950051895,0.293295758344116,-0.175025469634018
0.0989428032919716,-1.66691441326465,2.23776942964127,0.214581381762601,-8.85637842115253,0.378167566826243,0.0184461189227543
0.0791371162403164,-1.65463234071783,2.27736368295498,0.161834488728425,-8.91658044065875,0.428806097261185,0.204449834792015
0.0537268713728745,-1.63988326964161,2.31702693003173,0.085887915316097,-8.97755077311403,0.437561183275588,0.280682437639003
0.0242299786197454,-1.62384547832536,2.36122408619924,-0.00713713562512612,-9.03989893253577,0.400553378851355,0.197863738702575
-0.00738906796300968,-1.60766148341986,2.40529336429267,-0.109957490865814,-9.10063931585232,0.32052125776994,-0.00689512412495971
-0.0393223963227796,-1.59203378905233,2.43814208883875,-0.214460908375351,-9.15385424501783,0.207367213266948,-0.207785842872024
-0.0701697451216981,-1.577453827158,2.45649300396194,-0.311630296576543,-9.197210185116,0.073595344091595,-0.268051354617151
-0.0987785006830854,-1.56438143905857,2.46265677896414,-0.392780753223025,-9.23187655588247,-0.0665139669643666,-0.148188122713704
-0.124164299339937,-1.55327657519344,2.45925468946256,-0.450853301341614,-9.2605857380556,-0.195367912303126,0.0735865473154385
-0.145547371106018,-1.54457497218761,2.44778711003925,-0.481027500885067,-9.28793684982347,-0.299111474547364,0.262633265653586
-0.162113324063828,-1.5386145403834,2.42773848184148,-0.481377812536812,-9.31731273070409,-0.372207888549625,0.311183838011018
-0.172988514854388,-1.53557751683536,2.39618692636387,-0.452860371203198,-9.34877554550502,-0.410264358382894,0.189063083928144
-0.177444483280644,-1.53556842460487,2.34715608888972,-0.398881664709746,-9.37846031765495,-0.405967499311258,-0.0447189398652431
-0.174921619219314,-1.53880712704109,2.26957335222651,-0.325345321609987,-9.39687935450772,-0.356478779564473,-0.267864517979743
-0.165080460843927,-1.5457529280837,2.14559110357409,-0.240821869059394,-9.39045334305333,-0.269783734420408,-0.360807234615645
-0.147912885517825,-1.55734632670846,1.95259874304605,-0.155549177720094,-9.3455076208155,-0.158723904743078,-0.282870863417833
-0.124098199578827,-1.57506378606637,1.67843295639474,-0.0787824165430765,-9.25665441251609,-0.0370022407678138,-0.106432632840552
-0.0958717513200023,-1.59946504610223,1.34501831110441,-0.0153148222158185,-9.13775567104378,0.0771332007964431,0.0399338939667595
-0.0664491434678248,-1.62821482685224,0.997295435174398,0.0351770590519432,-9.01319290319354,0.165876433101569,0.0837316641521266
-0.03797095046597,-1.65698446368145,0.666059032300316,0.0750523741152479,-8.8985380276881,0.22065571079869,0.0362195039047078
-0.0111979624681777,-1.6818992156098,0.359719705794784,0.106090292387008,-8.79772373726825,0.240820801984118,-0.046634368583731
0.0135922648231569,-1.70035777825998,0.0766382602485709,0.12890148504084,-8.70953917951563,0.229088707662949,-0.101905265517955
0.0362253306184288,-1.71075206417787,-0.187233878689986,0.143118330619154,-8.63142160726017,0.190083825924325,-0.0911986943428221
0.0566868023267527,-1.71224791812826,-0.437229787489802,0.147687198096991,-8.56024828739072,0.130744227486789,-0.0189483298569092
0.0751650767916368,-1.70479562444307,-0.680934577965818,0.141264719088253,-8.49232995957419,0.0597749321468708,0.0734364410068766
0.0919753794966219,-1.68926856938108,-0.928942285168772,0.12255144208896,-8.4232098742884,-0.0138762872383039,0.13397971787894
0.107397361731761,-1.66770854617983,-1.19436421621164,0.0904515492444223,-8.34735399820315,-0.0809844934580276,0.132646838903877
0.121325374998176,-1.64359938281364,-1.48826153441436,0.0441210719556921,-8.25974043750097,-0.130319622402857,0.0811745173216972
0.132514169845052,-1.62159777613566,-1.80431753566254,-0.0172904288134644,-8.16315190437439,-0.148411688477901,0.0237922557910492
0.138274922721264,-1.60530478027985,-2.09982815043627,-0.094220521710598,-8.07812613244238,-0.124977586853324,0.00265313304430848
0.136723912796073,-1.59455260245329,-2.32389261298835,-0.183595345062457,-8.03024170645493,-0.0633215541972097,0.0337340611639114
0.128344147288266,-1.58725057650173,-2.47089819609626,-0.276665583654976,-8.02350415210182,0.0210855483104629,0.107591324004534
0.114316251572476,-1.58212625950342,-2.56456491507746,-0.362075920787487,-8.04664506994055,0.111794833877861,0.195023936537891
0.0956488407052754,-1.57886695112006,-2.62648749822949,-0.429685149178918,-8.08788423628383,0.196236504861796,0.260989516873679
0.0733494341765176,-1.57756093878932,-2.67006922271069,-0.472025869359778,-8.13843142363321,0.26622566731789,0.283929015399223
0.0485890048291021,-1.57832670836427,-2.70341913230536,-0.484611676102151,-8.19223427376981,0.317062122678051,0.262652823813523
0.0226832349868294,-1.581112562739,-2.73215432028735,-0.465920398849229,-8.2454575124927,0.345928587003365,0.211002703242303
-0.00301867856160524,-1.58563344442664,-2.76133203608688,-0.417286509102975,-8.29566335521745,0.350722755875984,0.149535135263721
-0.0272304392891372,-1.59144057274118,-2.7972576367015,-0.342767812784797,-8.34057876508434,0.330028604842788,0.0977420575123581
-0.0487057085848783,-1.59805802163443,-2.85010789824202,-0.248973300916223,-8.37633672021677,0.283848074783496,0.0655777748032654
-0.06593267139576,-1.60505413371847,-2.93730793964914,-0.14475321325691,-8.39548750517142,0.213566253644431,0.0452596452922613
-0.0764169233899466,-1.61205659175459,-3.07684756062617,-0.0402517622728622,-8.39026945740258,0.119539605854941,0.0116161145288178
-0.0772935068599355,-1.61926332441095,-3.24733854669234,0.0553640734799337,-8.37217516602792,0.00270186588446917,-0.0472528023718021
-0.0690918558839881,-1.62738913712652,-3.39672014564514,0.134780701247612,-8.36625028513154,-0.12347381358745,-0.0952930594997616
-0.0549161295861585,-1.63621656969983,-3.51247185834334,0.191456717617269,-8.37631019104998,-0.238809102977891,-0.0977138265519165
-0.0374574281480684,-1.64488285697992,-3.60730891570044,0.220246546212959,-8.39434516176828,-0.32869136009511,-0.0589967217560204
-0.0188337021633003,-1.65245882103901,-3.69591940082326,0.218644880986016,-8.41323339720307,-0.384573440959186,-0.00623254659767466
-0.00101161493434356,-1.6580536856266,-3.79201148714472,0.187137814780803,-8.42777696656473,-0.401367193907608,0.0346589863109816
0.0140013697593963,-1.66063245154125,-3.91015254101314,0.1291387500046,-8.43283414669799,-0.375384267202948,0.0546702532995854
0.0241071718236317,-1.65854474242397,-4.06290007800563,0.0504937565822726,-8.42409404538814,-0.303229616506667,0.0676295376876579
0.0276503739011162,-1.64939308514011,-4.2392728189478,-0.041878217252528,-8.40866302486197,-0.182990178923487,0.101065603661662
0.0249542995703123,-1.63231042841058,-4.39039457645585,-0.140695316865816,-8.41226662389807,-0.0231769724513664,0.160154263604583
0.0176956854533413,-1.60948599329537,-4.49087114347433,-0.237317665839874,-8.44754911291112,0.152748544105159,0.208894188590907
0.00711783063941934,-1.58338650223962,-4.55444604437766,-0.322522271015172,-8.5048596781214,0.320362079419752,0.217356525685115
-0.00595983554840608,-1.55577586206295,-4.59851449962916,-0.388627823599256,-8.57156167628697,0.462153029062817,0.188309411497662
-0.0208317003267104,-1.52820138803835,-4.63450283400535,-0.430313115060899,-8.6393560316973,0.566940763978609,0.145369863336661
-0.0367789188059178,-1.50221962784593,-4.66999081963279,-0.444698233122642,-8.70395122165661,0.627710225850456,0.112212348293016
-0.0530132595580721,-1.47931752310652,-4.71113728205899,-0.431410106623325,-8.76314389480907,0.639999858589628,0.0989633519910992
-0.0686839347686017,-1.46075038499928,-4.76450023858384,-0.392719096129584,-8.81494139264634,0.601296218362421,0.0993211867407917
-0.0829690879806659,-1.44746742641895,-4.83896238898763,-0.333592207798419,-8.85603455392484,0.511645089298759,0.0950518104623537
-0.0952189551107347,-1.4402117920901,-4.94806402278349,-0.261565101361112,-8.88052810735548,0.375215402506816,0.0649714563648364
-0.105137672592786,-1.43980482822721,-5.11088820955,-0.186254016340171,-8.87940881465915,0.20136750074623,-0.00432843484823097
-0.11307260017322,-1.44732955282,-5.34373727277984,-0.117815850682625,-8.84409889182463,0.00298278118424549,-0.109343068801758
-0.12008387179709,-1.46326618296117,-5.63881756417158,-0.0638268885217488,-8.77635976927847,-0.206814325574851,-0.216035671956067
-0.126677633158305,-1.48587761955343,-5.96190538051508,-0.0270265165876813,-8.68980292339384,-0.413494365260479,-0.25454143229626
-0.131354739949711,-1.51189731008698,-6.28294532111425,-0.00629513012668328,-8.59680935736422,-0.596951186947823,-0.16923222609556
-0.131503822804844,-1.5386148348736,-6.59202646321866,0.00150874615325458,-8.50375405271099,-0.732410793133516,0.0205018893920619
-0.124852262245438,-1.56453426837621,-6.89242028958171,0.000161582418000943,-8.41487854247976,-0.799490410560296,0.231260773306606
-0.11007711468016,-1.58919611879782,-7.19075512187304,-0.00737827891003308,-8.33340931386,-0.790649974581648,0.372700799717303
-0.0870591837068917,-1.61267851041881,-7.49182478043018,-0.0196138924153616,-8.26049272561733,-0.707758417287991,0.382249256901034
-0.0567608172023629,-1.63506171785264,-7.79701816929568,-0.036358719658947,-8.19497901281898,-0.554206341663057,0.241521268493333
-0.0209612303733694,-1.6563641435161,-8.10330172142653,-0.0588752517629517,-8.13432075966512,-0.333788188531796,0.00112157612155803
0.0176872012534263,-1.67670951258227,-8.40086002116272,-0.0901241898417514,-8.07721960650127,-0.0594136954699152,-0.207989670722411
0.0559681350713214,-1.69581320002729,-8.6730776153144,-0.132820060293817,-8.02942117913793,0.240727985337143,-0.243992490059317
0.0911593879556008,-1.71270106455778,-8.9042467715445,-0.186588111536122,-8.0035064527693,0.532896468204069,-0.0714271849582795
0.121299016084098,-1.72638677609479,-9.08600313403247,-0.247300647124366,-8.00757089422221,0.784105506633119,0.213797691125033
0.145212245882414,-1.73609365040711,-9.21965525424747,-0.308226981470206,-8.03774061906777,0.967988537158622,0.471191005790258
0.162353750489581,-1.74116670091193,-9.31403883720105,-0.362284400647438,-8.08342436753883,1.073455037959,0.620620922620607
0.172280626173368,-1.74119315135175,-9.37845092829256,-0.40328826193941,-8.13567391900653,1.10052420788931,0.649179967266392
0.174536515706687,-1.73607828338545,-9.41921464585384,-0.426411401113218,-8.1892136099376,1.05196530372263,0.571130768780824
0.168819601200547,-1.72600099794497,-9.43972328995116,-0.428670683077371,-8.24224597717559,0.929993597843768,0.406367155657651
0.155180875092674,-1.71129853800883,-9.44126570652938,-0.409442340231264,-8.29660524392001,0.737963473208056,0.186870790041139
0.134234114429074,-1.69238865433794,-9.42417898664608,-0.370503190429983,-8.3566663623854,0.484706117683371,-0.0231834940886773
0.107203734507203,-1.66989933743039,-9.38814244927758,-0.315274049658392,-8.42612747897786,0.188385853225271,-0.130475831750988
0.0755025187844238,-1.64481516469922,-9.32974441313479,-0.248029969878168,-8.50683325502809,-0.122388866682939,-0.0735000494468122
0.040246844839245,-1.61852441326191,-9.24103924548225,-0.173326921837719,-8.60286101573215,-0.409873097913034,0.111630622393333
0.00195912288208628,-1.59287092131111,-9.11505453276985,-0.0957226987484016,-8.72296278910503,-0.638327854022302,0.313029490056854
-0.0390839056786348,-1.56990021444508,-8.96162808854157,-0.0203692149032525,-8.86883875649348,-0.789231631245637,0.431635065836819
-0.0811515517484594,-1.55128471177187,-8.81125552322258,0.0476880922669311,-9.02700843968068,-0.859867828929557,0.415251896353322
-0.12072531612629,-1.53761984578757,-8.68435462469232,0.104473034057079,-9.18436921837974,-0.8510863368387,0.255724560791703
-0.154205087264461,-1.52872524247801,-8.57940737630036,0.147181486868375,-9.33648842814623,-0.761572898734233,-0.000529336783537069
-0.17886823498919,-1.52411881802999,-8.48599929869468,0.173931569443843,-9.48203055874698,-0.595478153470536,-0.255387813708703
-0.192962234616603,-1.523124333723,-8.39357764835044,0.183689792425796,-9.6210967691849,-0.370075711355311,-0.389524289357308
-0.195474261349936,-1.52510313933396,-8.29435676301301,0.177083996155308,-9.75807912797611,-0.108904192497843,-0.325502896212509
-0.186049102895104,-1.52953922143842,-8.18303286232729,0.155925512238377,-9.90170979206072,0.166858915334442,-0.0870270550623376
-0.165263418150744,-1.53577108306687,-8.05582981433321,0.120997476702884,-10.0602646031015,0.434426657461658,0.192638149651454
-0.134389772614364,-1.54274876795107,-7.91071401853173,0.0728030890295624,-10.2342828827829,0.668436076032858,0.348148531251265
-0.0950368753105052,-1.54901586245651,-7.75114227356667,0.0133038627856793,-10.4169288344777,0.85107547033106,0.291462936719212
-0.0495214458362504,-1.55296390743454,-7.59155091151351,-0.0553318845323937,-10.5989722991389,0.973635665903103,0.0457095713767462
-0.000539103149539597,-1.55362300417151,-7.4524551246925,-0.129902161773044,-10.7706483970338,1.03069883553864,-0.276158073202897
0.0498263977018772,-1.55145488167546,-7.3450610336831,-0.204842132312581,-10.9281576272341,1.01786106005032,-0.536807239167168
0.0999344929379352,-1.54768072036956,-7.26646235213392,-0.274218328207118,-11.0763897687279,0.935012720188557,-0.643275611993104
0.147933040681056,-1.54316188528405,-7.20978756582415,-0.332792251929387,-11.2205495181547,0.785737121654237,-0.553487203449325
0.191715497049261,-1.5382015377169,-7.17059740425674,-0.376041746010156,-11.3599257255992,0.577197831237352,-0.290236478594931
0.229086627188507,-1.53306752949036,-7.14636411856098,-0.40158044121477,-11.4899789880924,0.325589286396004,0.0333419027667848
0.257990858900156,-1.52830687455577,-7.13547982938997,-0.410031134756633,-11.6096963192943,0.0545746467619659,0.249821661038352
0.27687399015435,-1.52419081438053,-7.13869089797867,-0.402579756670289,-11.7221926453053,-0.211531712378216,0.249157665579231
0.284866533708398,-1.52074910221692,-7.15807669777504,-0.380101296175702,-11.8294465896439,-0.446287940586057,0.0485914250919716
0.281843506319094,-1.51818617601209,-7.19444345860623,-0.344427773308579,-11.9278838297421,-0.623063205918675,-0.230133472328296
0.268265661680564,-1.51661495689756,-7.24882318136295,-0.298535094679721,-12.0096550579379,-0.72736303479563,-0.443486177257751
0.24491753750699,-1.51588666287013,-7.32406179956265,-0.246406479499113,-12.0681906340591,-0.757305585998981,-0.497743196826358
0.212853660918291,-1.51592315318367,-7.42204723799731,-0.193078295636211,-12.1012790503391,-0.710336458434816,-0.365916385857081
0.173340393591995,-1.51689370280426,-7.54190249365019,-0.144134633216935,-12.1125805101756,-0.579072154255819,-0.0886183112531161
0.127810859801882,-1.51879888357345,-7.68316827137148,-0.104178677743278,-12.1117477857195,-0.364245421612158,0.224749061429512
0.0782300547101955,-1.52114359860951,-7.84615622670733,-0.0751863451171035,-12.109179675913,-0.0895548619901747,0.418730303207274
0.0272114480295451,-1.52376386100972,-8.02579482448064,-0.0570840731265309,-12.1083994064884,0.209806468640849,0.379175411956652
-0.0224475233907556,-1.52719370471274,-8.21427758537218,-0.0483004670976783,-12.1066784283137,0.506677467569649,0.132586961800124
-0.0680275430003481,-1.53249994247471,-8.40609216490584,-0.0451266540834826,-12.1004529873208,0.775436148384506,-0.162891492340875
-0.107668432910109,-1.54080660551924,-8.60008137092572,-0.0446864839716542,-12.0904978513081,0.989246246457054,-0.360975224316708
-0.140273149885788,-1.55236463693571,-8.79940174438662,-0.0468419647009281,-12.0785379695892,1.12997101150291,-0.409633403750969
-0.164913620517392,-1.56678563716775,-9.00840883853383,-0.0525138149455938,-12.0634912752805,1.18790331564494,-0.321303058436153
-0.180924342443897,-1.5835226110179,-9.23038701341321,-0.0628090801154688,-12.0432714790858,1.15825278825693,-0.139226664221015
-0.188206828119711,-1.6019220879467,-9.46568042802533,-0.0792397449211269,-12.0172721583003,1.04113995444542,0.072152741194109
-0.187374328052576,-1.62103441980815,-9.70880638562555,-0.103818899666414,-11.9883149094537,0.843132045827101,0.22673893133017
-0.179509564444924,-1.6395637417246,-9.94694901157524,-0.138042000832152,-11.964359101563,0.577927879499446,0.236521633092073
-0.165728780167589,-1.6562304965994,-10.1640548804959,-0.181062786154123,-11.9577451904599,0.26798931201414,0.0710334163786582
-0.147190795530122,-1.66979852289677,-10.346976146519,-0.229425120822631,-11.9770248687983,-0.0528688490930702,-0.177648233015879
-0.124895885976704,-1.67894533555491,-10.490446906008,-0.278309957172592,-12.0184109581439,-0.348621703814677,-0.345174592978146
-0.0994969347025553,-1.68296213264396,-10.5991121786284,-0.321836423458659,-12.0708603398635,-0.591982107967118,-0.346439260640737
-0.0716827665402873,-1.68166411848234,-10.6815784009005,-0.35408540118959,-12.1252393462506,-0.762272245218616,-0.210346976507428
-0.0423536433876741,-1.67515049150733,-10.7461992149768,-0.370387337902791,-12.1786623588787,-0.846304638964776,-0.020105995590372
-0.0127245640268414,-1.66390638707838,-10.8002312049733,-0.367396815377619,-12.2324042947631,-0.841911520226616,0.14309039190713
0.0157538431634858,-1.64873229515112,-10.8498858320651,-0.343363331811282,-12.2885354796321,-0.755488417936876,0.221334625396754
0.0416756806700894,-1.63059553054482,-10.9012238057999,-0.298842862277261,-12.3476482937767,-0.595496811992239,0.185682403570709
0.0638818273732106,-1.61056332811313,-10.9615895457224,-0.236894986348024,-12.4067093850181,-0.370166245484114,0.0518796170547847
0.0813725939033979,-1.58980025303126,-11.0408708971505,-0.162249588154638,-12.4581586286998,-0.093691261397074,-0.102672528747851
0.0931421942337341,-1.56975560267626,-11.1509624612232,-0.0805817298396433,-12.4937302063876,0.207059230494488,-0.165746632820541
0.0981411145134257,-1.55247964673981,-11.2929948302605,0.00153362355146576,-12.5139836464941,0.497817933933198,-0.0644999905250935
0.0952112813331906,-1.53941393253832,-11.4369892061848,0.0778969030941947,-12.5348153470475,0.748092038056875,0.16837599245257
0.0839670742105241,-1.52996902166252,-11.5539711599394,0.142585501152786,-12.5683756240085,0.938275097128502,0.406787513953128
0.0653150649395844,-1.52300013794368,-11.6427659201968,0.188485653415004,-12.6114358939864,1.06118649053032,0.540173711251406
0.0407948944600109,-1.51780714815797,-11.7130097500589,0.209230112815119,-12.6573315078505,1.11801021059904,0.5297136431679
0.0120812884993389,-1.51397884918742,-11.7739814657263,0.201538856205707,-12.7026186879838,1.11064066854304,0.381612343517885
-0.0190289870098941,-1.5110116636852,-11.8344374816919,0.165722518353928,-12.7462246041432,1.0383957891425,0.123241585997835
-0.0502686124450952,-1.50802045653988,-11.9059455406648,0.10495517742845,-12.7865818192913,0.90223649818539,-0.183292505635
-0.0784089907797697,-1.50389049585532,-11.9998653902817,0.0235253991257095,-12.8214175576103,0.709720750084631,-0.432884970557676
-0.0998901362636945,-1.49803831437527,-12.1014062689559,-0.0737523104675017,-12.8579691998785,0.473432860384911,-0.51222639258705
-0.113553083207152,-1.49137850904822,-12.1695346698155,-0.179786510140642,-12.9091413195172,0.208767487406034,-0.346810011504312
-0.120527786739486,-1.48544878129072,-12.1989078035083,-0.285253483382916,-12.9667983837687,-0.0571850530614678,0.0234707868473399
-0.122043406063426,-1.48152465866028,-12.2093087416194,-0.381428731811128,-13.0238115971933,-0.292238841189218,0.413537517950679
-0.118768681938895,-1.47990192732798,-12.2132020814611,-0.459505526122897,-13.0874134625629,-0.484897039286541,0.627230009232071
-0.110743622837489,-1.48015901454077,-12.2124727311533,-0.511010195943441,-13.1652789492678,-0.635407077337508,0.604674480391497
-0.0981211209585913,-1.48209001203748,-12.2071052505156,-0.530725481783636,-13.2594486258808,-0.736678609514983,0.407595012053021
-0.0814031004016016,-1.48574627725015,-12.19718898002,-0.517263478149332,-13.3668669111807,-0.774798397629069,0.145605465782065
-0.0613267808928191,-1.49115124797974,-12.1819321393125,-0.472115948894745,-13.4820813458991,-0.739226685118069,-0.0725130569452643
-0.0388118628082515,-1.49819707298752,-12.1593571787627,-0.399208499575184,-13.6006271780268,-0.627713863977199,-0.163162485615629
-0.0149485061295076,-1.50669778299127,-12.1264405311379,-0.305013410938475,-13.7217420344499,-0.443119077137322,-0.0908156402428599
0.00911653724279218,-1.51622464143561,-12.078289512243,-0.19751646093708,-13.8504240688729,-0.193417985887121,0.0982389871263156
0.0326757661410061,-1.5256113180933,-12.0061279527955,-0.0842594627307464,-13.9960325078591,0.101484382384496,0.276324457237979
0.0557998627509248,-1.53304700196877,-11.911326667731,0.0275339268939328,-14.1571235360723,0.411459657423402,0.31340322890414
0.07766873438255,-1.53756412418639,-11.8240359684115,0.130100866319126,-14.3108758810072,0.703156517802909,0.181351189230132
0.0962363036481114,-1.53980453985585,-11.7575187412511,0.21515643833612,-14.4457269883739,0.945177222256136,-0.0369867865518372
0.109823170664766,-1.54082984145996,-11.70413317798,0.275007462490696,-14.567677775582,1.11658192912748,-0.247469375492336
0.117210674413727,-1.54147187275442,-11.65401688655,0.304622354992714,-14.6862053774359,1.20807105209351,-0.403562567960741
0.117635767685616,-1.54223086036156,-11.5994659344261,0.30224096404862,-14.8082325724577,1.21727655536402,-0.489147754756195
0.110779999240077,-1.54346681700402,-11.5332396131183,0.268901240668967,-14.9387512844696,1.14301861626363,-0.490238365396093
0.0966857412873345,-1.54568557665642,-11.445723559106,0.207935348415596,-15.082927864144,0.983273746914085,-0.389984454435219
0.075670877997556,-1.54995008793322,-11.3234849501766,0.124556248411753,-15.2465908700925,0.738275289218012,-0.19326813981465
0.0482473342330447,-1.55836824877879,-11.1594518833889,0.0251374120889756,-15.4307340950917,0.417422528735074,0.02717246573858
0.0157827009561113,-1.57292731223419,-10.9879397478199,-0.0838243744628981,-15.6154911287541,0.0474433116857945,0.136552128318059
-0.0193944493237612,-1.59207727443703,-10.8602517616363,-0.195853809047167,-15.7760227329436,-0.3280090393105,0.0770750007913777
-0.0556036884978318,-1.612836694686,-10.7765912924168,-0.303115087891094,-15.9152598666532,-0.663673743934933,-0.0772959456992304
-0.0914929607401471,-1.63340586873114,-10.7182574047099,-0.397209650759547,-16.0423225258806,-0.926510418510311,-0.222730205500973
-0.125515719686386,-1.65254446235742,-10.6721693990407,-0.471280899650238,-16.1617986897693,-1.10024337955639,-0.307637259336121
-0.15605421265558,-1.66914065669498,-10.6309592908998,-0.520480897933233,-16.2753778596965,-1.17954772831088,-0.332717368583427
-0.18163549262923,-1.68222021777995,-10.5902064236885,-0.542080247663926,-16.3833766116776,-1.16418707799704,-0.318395768510507
-0.20104134183973,-1.69103311255215,-10.5467396604761,-0.535626913000283,-16.4860247981826,-1.05665167694974,-0.281489870335897
-0.213391390439039,-1.69510658797986,-10.4976054939224,-0.502892537341903,-16.5849890389326,-0.862272440688821,-0.227563353748918
-0.218204319901538,-1.69423619861516,-10.4392097974056,-0.447651722267277,-16.6848817629998,-0.591388959642831,-0.155709506993807
-0.215381917705018,-1.68843314775224,-10.3664866401971,-0.37542354095701,-16.793998289318,-0.263083357869496,-0.071888552891029
-0.205140793413419,-1.67789333279153,-10.2721518615686,-0.293073482669099,-16.9226399505231,0.092149237413008,0.00222386624670347
-0.18806716550249,-1.6629919757956,-10.1462070352158,-0.207912319114582,-17.0786598450028,0.435544289902234,0.0418119304112164
-0.165375274905033,-1.6442163196953,-9.97812948961005,-0.126469431844872,-17.2643439628538,0.728885446258347,0.0382692887044889
-0.139028293081847,-1.62225939202722,-9.76864257364523,-0.0535452545171348,-17.4747288384003,0.942867932754627,-0.00424741134802041
-0.11086285103195,-1.59861482092153,-9.54292714970566,0.0081621813591357,-17.6951803877333,1.0630273688442,-0.0807677974688613
-0.0812789353225795,-1.57549866057633,-9.3306912798753,0.0574837309995194,-17.9110371715118,1.08959140151458,-0.175256935595787
-0.049914430898602,-1.55479154290529,-9.14116994465845,0.0935098973163392,-18.1187218852401,1.02988446341601,-0.251091909650851
-0.01681865812038,-1.53773522102771,-8.96960232246416,0.114969920694791,-18.3222015682948,0.89367786420893,-0.265051423551281
0.0174534711549511,-1.52510207136371,-8.80744067542422,0.120700431295106,-18.5266494236154,0.693414939975868,-0.190346206100219
0.0521695344899387,-1.51719560008674,-8.64523053922664,0.110048115370855,-18.7349740492132,0.446501379446004,-0.0394841849165295
0.086695628410893,-1.51355866948881,-8.47316795427795,0.0826514787810523,-18.9485660185696,0.176271415869688,0.130275022542273
0.120520602487718,-1.51271345681231,-8.28455427280022,0.0385083072749774,-19.1697925103607,-0.0931278973858654,0.246830479082853
0.152826203884928,-1.51247094980213,-8.08535702576805,-0.0216510455582097,-19.3974197122236,-0.342545025330793,0.265786030506197
0.181917584084419,-1.51110806958061,-7.90023357645045,-0.096323183605932,-19.6204059835423,-0.555352736580843,0.18560978993031
0.205640619377884,-1.5087000339475,-7.75329911652231,-0.182427475598648,-19.8259266360577,-0.712468063592782,0.0464768147939592
0.222369986231621,-1.50651691948115,-7.6464560802214,-0.274313324936402,-20.0108967441285,-0.79732827511217,-0.0776547082090144
0.231134807889428,-1.5056707747796,-7.56883243178101,-0.36428677337067,-20.1798821984737,-0.803522791502899,-0.113454413214025
0.231410166310868,-1.50667918653414,-7.51056251372157,-0.44414503392548,-20.34031371127,-0.733019471570925,-0.0226617676018929
0.223155413462822,-1.50952885355085,-7.46593956388497,-0.506111037049138,-20.5011122925153,-0.592511320220157,0.174479032760611
0.2070331389193,-1.51401008772197,-7.43095588642779,-0.543176552371318,-20.6717679280954,-0.395646191785876,0.391753198666264
