0,0,0,0,0,0,0
0.166917823475629,0.000168659384268821,0.000762262198057435,0.0437456814776818,0.000112111633828129,-0.000825101404689089,-0.000993098756159597
0.333382962956401,0.000538483923893052,0.00149613651100619,0.0874025541669063,0.00021380953282445,-0.00165912797846005,-0.00196198837865899
0.498951223585397,0.00131552230565252,0.00217385911739789,0.13089590539488,0.000293662436044602,-0.00250911133853492,-0.00288197479660048
0.663191788225953,0.00271361643639753,0.00276927082749018,0.174174467494458,0.000338590311117969,-0.00337832669558998,-0.00372761473739599
0.825685365469132,0.0049535157964426,0.00325937330249492,0.217210801482503,0.000333978598345239,-0.00426458149528087,-0.0044728684385289
0.986013673934531,0.0082567230648198,0.00362642432666184,0.259989954483066,0.00026480645956219,-0.0051589208287415,-0.00509180368426133
1.14374061151615,0.0128331360508904,0.00386021895568533,0.302486433011158,0.00011785377556749,-0.0060451401030857,-0.00555987220802054
1.29838873265639,0.0188620807310605,0.00395994142911652,0.344633546120142,-0.000115278151251922,-0.00690050468284254,-0.00585562162556135
1.4494176842855,0.0264666961517011,0.00393488245785311,0.38629302797406,-0.000435012095400564,-0.0076978888940186,-0.00596254807345016
1.59621292500253,0.0356817609852437,0.00380349031164816,0.427234696174702,-0.000831525405401673,-0.00840917196536141,-0.00587070952908709
1.57167252022573,0.0424704091331387,0.00348207149113363,0.422810565250191,-0.00129351854253445,-0.00810314847154149,-0.00469467854852739
1.54219451813915,0.0491161324263452,0.00322676601550944,0.41664174052168,-0.00175640280251944,-0.00767870958198287,-0.00341937982086944
1.50778792919184,0.0554573229618425,0.00304136020301078,0.408612265569993,-0.00220962774970246,-0.00715995453018384,-0.00208285217539587
1.46853855364022,0.0613786644928588,0.00292545565004567,0.398713722059606,-0.00265072450226173,-0.00657337301783132,-0.000720673596645656
1.42467356353774,0.0667970266705454,0.00287748173530444,0.387035013263227,-0.00308249035342102,-0.00594595701558493,0.000633715020164098
1.37625346817158,0.0716250521094739,0.00289549146378206,0.373644203676784,-0.00350892493843354,-0.00530259066318382,0.00194881652025797
1.32386861950746,0.0757801541267103,0.00297846283351876,0.358743770714502,-0.0039331344721966,-0.00466836259722858,0.0031944365551681
1.26659127988537,0.0790595088546607,0.00312091480604102,0.342083605359084,-0.00434993679031984,-0.00405970056826463,0.00433972530614784
1.2077156098324,0.0814660651045183,0.00332394732324376,0.324505286530027,-0.00475978291595373,-0.00350443212946275,0.00536354271231102
1.13794427658619,0.082162533478851,0.00355483994001941,0.303364250341689,-0.00511572567214064,-0.00298354984259156,0.0062078188103794
1.08589134678544,0.0829310585140877,0.00387839941875551,0.286236761539461,-0.00550913316289356,-0.00258599635776804,0.00697241753718546
0.965127853208197,0.0771099768340759,0.004015414074099,0.249680627085102,-0.00553506591384919,-0.00207092604907204,0.00717637717870959
1.06636943048239,0.0875158641899451,0.00498183801100396,0.270768334390368,-0.00664919236691265,-0.00216124198104041,0.00867271871641525
0.607276829623669,0.0504820451554458,0.00371742534298866,0.143704700406228,-0.00452232946086421,-0.000948740923075514,0.00585633499485864
800.333740047688,66.8309666237176,4.87434373128014,189.667281850026,-5.93237699815339,-1.40985143230609,7.72320351173159
253.209738544355,21.1289812412747,1.52962836797301,59.9982943854217,-1.86107894834345,-0.496530683808824,2.44283844667999
20.0724364773236,1.66557475432685,0.119924987892103,4.74736138704393,-0.145756248953781,-0.0432878776243592,0.193435630118848
-0.278408924273174,-0.0371939791326266,0.00254188402709687,-0.130993275262912,-0.000302752687650026,0.0021281851655828,-0.00172246103939549
-0.692530055008835,-0.0859308667011854,0.00394658489621239,-0.284942970668663,7.43081725411172e-06,0.00422632443096166,-0.00394747612483577
-1.04551855026945,-0.12405901563315,0.00490757034345426,-0.402809484292373,-0.000745904426234095,0.00577520640196528,-0.00369833028450446
-1.30670081046113,-0.145345400632125,0.00489731139916414,-0.472496970484771,-0.0021092244401126,0.00699205131404405,-0.000925745364279706
-1.45902049637767,-0.145914467783067,0.0038823140109867,-0.49237364931575,-0.00318089564623697,0.00752302717687558,0.00284643161039679
-1.49816792694946,-0.125075919076029,0.00219167727645505,-0.469517763954729,-0.00359090810944217,0.0065928298515187,0.00518150888399575
-1.4306581099621,-0.0920739491236655,0.00120622057608456,-0.416687878340091,-0.0032422123884782,0.00473326883635568,0.0043543648126851
-1.26117737515339,-0.0530651829005068,0.00237841381654131,-0.332118296190906,-0.00276383918189709,0.00324467019122473,0.00121481098347012
-1.00030397803265,-0.00761760881388343,0.0048740766902566,-0.214064098054276,-0.00246221492428337,0.00193518680249706,-0.00212172008871252
-0.667864160042167,0.0447830409818726,0.00661636934590263,-0.0695721089457544,-0.00213215020334472,1.97766830321245e-05,-0.00401844449815702
-0.285990274112059,0.10136318045936,0.00694673939525056,0.0943292998709388,-0.00195215673853995,-0.002405447043448,-0.00367324131233847
0.116478954308405,0.15464349321114,0.00744926944096349,0.263917281416739,-0.00220812492283919,-0.00451922673023061,-0.00133391612710166
0.504121752025962,0.198788506185752,0.00854160840882446,0.417414366140154,-0.00312599272446378,-0.00602070209932624,0.00167227857971782
0.837983255110708,0.231531289546564,0.009560003032395,0.531833931876663,-0.0048844450295232,-0.00701119207928464,0.00350580264519106
1.07678959962052,0.255756976491252,0.010126514245896,0.587492955344653,-0.00739607488362779,-0.00693474461002854,0.00284018942120244
1.18784672955935,0.289408356545587,0.00944950764236025,0.579420579986308,-0.00994613374047509,-0.00509504482068888,-7.24460892024255e-05
1.17119385462633,0.315416707401918,0.0102204943115591,0.517313438224388,-0.00976336838130163,-0.00237508482387176,-0.00335869186549666
1.07766382736443,0.270249527791804,0.0131590149704017,0.418165246536817,-0.00761737877286688,-0.000523874103293956,-0.00473374003191492
0.93887170618326,0.159218030516542,0.0155483410762237,0.295868250181038,-0.00668038057265764,0.000727700836264945,-0.00335439012122748
0.75826622632587,0.012255881502531,0.0171614243136302,0.153610705953105,-0.00695966960946461,0.00205824696358888,-0.000349569485758673
0.540889618885462,-0.152079036602505,0.0187478312160937,-0.00345806532468092,-0.00779440281821529,0.00307924954898889,0.00261149081246125
0.298479360861497,-0.32204978417324,0.020859419325569,-0.167055518238123,-0.00885112263730292,0.00322995729483299,0.00415710766440989
0.0518585886618325,-0.488929926611615,0.0232835774194548,-0.328448406133343,-0.0099702297581117,0.00262222935949697,0.0034523712755627
-0.158234548982115,-0.644112393594772,0.0243574962426149,-0.470683569905802,-0.0115148147584718,0.00158326115643683,0.000790583578472013
-0.279764730009778,-0.771784444265228,0.0237468114839065,-0.574235343637645,-0.0124905389314856,-0.000340310008473499,-0.00236429532546394
-0.33638598455806,-0.813573546733507,0.0238747692149897,-0.623719158686244,-0.0097420699461757,-0.00280574013364852,-0.0040576570643067
-0.412989570244886,-0.72694166278644,0.0226564626399967,-0.607124964065652,-0.00616632491216074,-0.00402179584256708,-0.00272637413366378
-0.500211283868056,-0.538957968472657,0.0190978713545935,-0.529063829002522,-0.00495296130453853,-0.00385774910640199,0.000865047697233934
-0.571126600980453,-0.285209690102401,0.0142093785486104,-0.406297166080266,-0.00526438095005829,-0.00342817642357692,0.00425584506657827
-0.617625116050541,2.75366701251792e-05,0.00754083508174053,-0.260725280734069,-0.00539777395394625,-0.00313489532303291,0.00523380390705858
-0.636283897285929,0.28507759173238,-0.000930090056122662,-0.108821873932543,-0.00455088218737483,-0.00223220488886236,0.00330704705008045
-0.619190454814123,0.550373680815637,-0.00826863957589391,0.0446887544409901,-0.00324822363506022,-0.000512850410078921,-0.000294245804415136
-0.563288060022986,0.781134096440754,-0.0125254793845772,0.192820654291015,-0.00205287230270852,0.00119444083069565,-0.0038135167444972
-0.46766438440884,0.963824288823303,-0.0119635375352359,0.329511132156568,-0.00165018779974855,0.00205682714125565,-0.00540996688066046
-0.33358411415862,1.08168436507641,-0.00546583682617252,0.449388202022511,-0.00284031543383725,0.00239606742303216,-0.00388780188886618
-0.178518737091196,1.11255588951277,0.00310970133262533,0.534847718596953,-0.00525319235479618,0.0030715397709434,-8.46324374390214e-05
-0.0339117262131183,1.04423817562861,0.00895948196202336,0.567990488318985,-0.00825540414994205,0.00373828007371733,0.00361103839583414
0.0552748032813633,0.876100483503717,0.0102565488919234,0.538538257204148,-0.0110853643783694,0.00393596882579955,0.00501108875675689
0.0866897797572021,0.612412866288013,0.0111946046116649,0.450724004546689,-0.0112007410077319,0.00404855221734174,0.00327702664942726
0.135939951209037,0.277258013682159,0.0145716729682162,0.324717393327198,-0.00894533096071288,0.0039796041865889,-0.000641203427828301
0.224844444836095,-0.0891720029414989,0.0189038393298015,0.178396436132252,-0.00676832726463975,0.00295880523533629,-0.00442195336686432
0.338492422395987,-0.449028268525658,0.0222895854994906,0.0295869800741517,-0.00569739792437226,0.000646362164466106,-0.00588803754520344
0.468289071802887,-0.768669984440277,0.0222471439431027,-0.109858777186485,-0.00624055200140421,-0.00167744012089262,-0.00417088802287457
0.59996397700002,-1.02490769956819,0.0199641215763925,-0.235866342959406,-0.00790015976712747,-0.00301695630481878,-0.000184913180611684
0.723310563107045,-1.19289227844627,0.0172640023895616,-0.339076349481665,-0.0103856605910225,-0.00420895597851824,0.00397970676659566
0.819744914858091,-1.25404177985214,0.0162424661902688,-0.413693586521792,-0.0120671449130408,-0.00591397256214062,0.00572548533892534
0.83945995817996,-1.22115243819251,0.0171577687790762,-0.455663344250137,-0.0105451716353646,-0.00669220546480464,0.0037533310138205
0.756418104132069,-1.11249438680245,0.0165076690971867,-0.451405018860323,-0.00726893432328845,-0.00578051205157804,-0.000333311943834693
0.589116392659795,-0.929504373964974,0.0137481543614993,-0.397249689522185,-0.0043930678243614,-0.0042493459887284,-0.00387978815282189
0.369590269090896,-0.673117726493077,0.012456067032594,-0.302573072923671,-0.00308663382451257,-0.00273302606686834,-0.0048925926625281
0.123821378760202,-0.358951882237497,0.016017254997463,-0.18062179234166,-0.00374177763693558,-0.000866160338996233,-0.00300701534003191
-0.13260062478308,-0.0170397380728601,0.0228791388469262,-0.0449989549884696,-0.00559874705550405,0.00143022502425572,0.000494612393727008
-0.385044160118404,0.324000550899337,0.0304069568958639,0.0907692442614899,-0.00753799813539666,0.00350371247264919,0.00372106684811545
-0.62149592680567,0.634076365194001,0.0349348998730351,0.215050822661294,-0.00866115569172763,0.0048262563291062,0.00491131105417229
-0.828686764429338,0.881446281636976,0.0339748896935012,0.317878240911269,-0.0089579516892146,0.00569080960800455,0.00323551437331513
-0.985533504840778,1.04283894782852,0.0298697463224517,0.388101042533728,-0.00968590816860187,0.00639227071489256,-0.000362525532899117
-1.07482797971552,1.0988557781713,0.0251158512241062,0.41922065506923,-0.0119384395417285,0.00615281489937574,-0.0035923691783808
-1.07853493894112,1.04431861931585,0.0219574267477443,0.411251695088955,-0.0152072143820325,0.00425131903328967,-0.00424700849959271
-0.976348509902877,0.911223690931892,0.0212521757734837,0.362303343169096,-0.0173919861775945,0.00155109085334158,-0.00217460455857047
-0.773138940251105,0.757074221088669,0.0222619048585293,0.27626134053052,-0.0175924964481467,-0.000939205907132911,0.000821817243805879
-0.502871042457823,0.611652395760989,0.0240916214276585,0.16752642608281,-0.0170960688288211,-0.00317588975816602,0.0029211820668684
-0.203234436316272,0.471230742056153,0.0268314545850661,0.0535675299071497,-0.0166516922709979,-0.00500286620849092,0.00309161431438172
0.0939810950995559,0.332998430776953,0.0302143038353118,-0.0512562733176563,-0.016393427515309,-0.00583570028782063,0.00134170429491471
0.359069353740749,0.204508582929969,0.0326810441987932,-0.138487711462932,-0.0165063613550832,-0.0055253359027159,-0.00135750469677381
0.563008714586875,0.093489693553925,0.0330144354728485,-0.20672576187847,-0.0170517266536267,-0.00436366766183293,-0.00351315384283202
0.682371192707397,-0.00272532705112805,0.0316283387860113,-0.262788821817708,-0.0178405835259558,-0.00230067546286444,-0.00375363634937095
0.714936826036261,-0.107456603111878,0.0305258672315048,-0.310868649036072,-0.0178133560243609,0.000815990635231778,-0.00179732364540617
0.696219340753693,-0.24706054548944,0.0307968470863072,-0.343939044612997,-0.016077359072374,0.0042313207270215,0.00124369364664671
0.666448397538969,-0.419314347277929,0.0316360960715938,-0.349686034645886,-0.013409437019294,0.00673702025685966,0.00355629480590444
0.631299895376134,-0.6061412278946,0.0331004632190748,-0.317745224933361,-0.0106891817107838,0.00790742921840608,0.00359847050675361
0.580360597107762,-0.785120091464599,0.0361918491128489,-0.252265296817696,-0.00845586112729448,0.00820446335502099,0.001279415068285
0.506882811083791,-0.931011547599032,0.0413160860543338,-0.170653333790087,-0.0071766949562726,0.0077515798675716,-0.00187311515182083
0.408635538356294,-1.02398118846082,0.0486240902879487,-0.0912073749796813,-0.00687052419321889,0.00625659927547072,-0.00392478953168349
0.289995586094171,-1.0482726236295,0.0565866237180829,-0.0292904519947551,-0.0073695176906243,0.00409786854030891,-0.00368388622465707
0.161572519285416,-0.99832844705762,0.062282422766088,0.012141500879066,-0.00824627442964161,0.00208536172215222,-0.00132732369488353
0.0313812811385593,-0.880321534255046,0.0648712442300887,0.0385513727541635,-0.00915931314031097,0.000189772893819765,0.00183770962088371
-0.0963113612109785,-0.706861158348491,0.0655737928396512,0.0558362052680948,-0.0100805262860261,-0.00218842733003129,0.00407787029232993
-0.21413295682752,-0.494257549786337,0.0653446930578209,0.0728574512753096,-0.0107758176630403,-0.00485521972524936,0.00406810556700066
-0.314460685389727,-0.253282027607825,0.0638041454852203,0.0923555720584093,-0.0110055290674271,-0.00679858000478683,0.00185472782791623
-0.395272112470801,0.00735845659381179,0.0607978210724009,0.108871421800349,-0.0107473039206113,-0.00773403108496186,-0.00127220546766389
-0.455467702215127,0.275783269346818,0.056314494270498,0.117863970401541,-0.0100785926509586,-0.00812486469370559,-0.00363593024068277
-0.493075873103225,0.543227998277898,0.0490191639299716,0.117172005097503,-0.00958316430537687,-0.00799149493306466,-0.0038302823298789
-0.507690612456288,0.795461648632326,0.0391318685794377,0.110892971972538,-0.00975208045892991,-0.00681115323980952,-0.00165614345301984
-0.498744717947851,1.00906530599699,0.0294123555543391,0.106997530458504,-0.0103863777495597,-0.00466445214107364,0.00153591478128331
-0.46424244383004,1.16390360895634,0.0222023388750139,0.111072302791924,-0.0110225919656549,-0.00222050870052822,0.00381551412314002
-0.404117990877765,1.24381983864487,0.0191872229030589,0.124683295204145,-0.01097668281003,0.000259886381069426,0.00380346022103948
-0.32375791523897,1.24267950656633,0.0202108696308589,0.140001794901709,-0.0102503526104348,0.00292102637243569,0.00149312143880506
-0.230983618888945,1.16861126976679,0.0232906279211175,0.14578427048885,-0.00962773975047171,0.00538056422950143,-0.00176135317265591
-0.135706915396541,1.03568724129417,0.0265008682949105,0.133649244630005,-0.00985024765308031,0.00689177853246669,-0.00402127736818032
-0.0511208571658448,0.857362535469556,0.0286740014441875,0.0987252116518423,-0.0113375258137982,0.00741846516789715,-0.00389503837143831
0.0185481888103582,0.633598991469373,0.0301558918381855,0.0472046582204491,-0.0135326380224232,0.00764513900725309,-0.00155393488988635
0.0818957690424155,0.356577614424871,0.0317537779564763,-0.010397844781013,-0.0156159967574416,0.00769623192214548,0.00164365784073637
0.15384636809046,0.0261611435412824,0.034049403519641,-0.0703071241594152,-0.0172045932232741,0.00700982314721501,0.00414447713336967
0.257275405905749,-0.34239445511434,0.0380808416808267,-0.133621061413446,-0.0177491358163602,0.00536398253328068,0.00470841359357371
0.401812337582784,-0.704233283016443,0.0447998914930145,-0.200604274213561,-0.0167659568989703,0.00335168449827989,0.00293570770051996
0.556064452690497,-1.00367442082373,0.0534878958089099,-0.264221967338407,-0.0143927996947526,0.00134475894095579,-0.000303042458649894
0.670085876807056,-1.21154424152717,0.0615825511855922,-0.310389674856958,-0.0112398217228566,-0.00104795544807509,-0.00334106133240792
0.708533039681581,-1.32118990308462,0.0649881296986357,-0.321157686807692,-0.00830413257914074,-0.00395075525939295,-0.00448407145750543
0.665282362089747,-1.33154450098363,0.060979838693275,-0.282238676311169,-0.00626310816524611,-0.00645421892924876,-0.0029610236399679
0.557495477483065,-1.24861593410261,0.0517669075272102,-0.197193091097342,-0.00502122015012664,-0.00780289452944399,0.000383440278746833
0.405076129458428,-1.08522211169151,0.0411476875061703,-0.0826515596592661,-0.00452436030294097,-0.00843496769060524,0.00358777526450405
0.228737340977905,-0.856001820016035,0.0339766215585756,0.0437507378827922,-0.00443922634177608,-0.00875127573575874,0.00473473327542288
0.046418630426691,-0.579964544944628,0.0332099461560861,0.167104006708607,-0.00423319178687171,-0.00818069350682427,0.00314641319351154
-0.134994283328258,-0.280973035729056,0.0357474568809985,0.276631737847131,-0.0041090086229824,-0.00643033404518272,-0.000257448906038396
-0.31049319990169,0.0167297961062104,0.0384328218795201,0.363617310599814,-0.00436932068286238,-0.00413919373991267,-0.00373963736945561
-0.480913734677978,0.283911302915644,0.0385941247273838,0.423354867288632,-0.00594815381649447,-0.00183885497208877,-0.00538897693293972
-0.653846074580438,0.474481147736481,0.0349617515160481,0.452719125919404,-0.00973427024320395,0.00101982922899117,-0.00417909269713559
-0.80519116899713,0.551220683248873,0.0319881686029666,0.450030925836968,-0.0128133478682608,0.00495802656946841,-0.000971683171323099
-0.863617848643589,0.560474169638276,0.0334277669364423,0.41918386976371,-0.0119079907765079,0.00886582671174091,0.0025861087226097
-0.794700381623596,0.584291329529858,0.0362311811907565,0.351969823628066,-0.00892745721845564,0.0111108444683711,0.00477090459172827
-0.620727675934963,0.63767358932566,0.0370583745003666,0.235839841226832,-0.00615718238350277,0.0114633545922037,0.00430253592132169
-0.38315752500898,0.700538991611884,0.0355352548768684,0.0819767269223124,-0.00456408191673682,0.0107939274451415,0.00145300908740634
-0.119198458039539,0.753091124067567,0.0332828288921426,-0.0850143699498636,-0.00447464763484821,0.00918540978770842,-0.00205466938683343
0.143741841275205,0.78443249255445,0.0323323312386989,-0.243858336273093,-0.00566058660992266,0.00604924066605711,-0.00423840049539594
0.370472803480559,0.799760771150142,0.0322959242387779,-0.370538750643727,-0.00801454402591684,0.00160470908329314,-0.00381285959541396
0.516641818186424,0.823505099486403,0.0308535763129962,-0.449800222923749,-0.0107998338901123,-0.00336554844694681,-0.000904595188972479
0.556964313630072,0.835743199966468,0.0296536793597335,-0.48508472121641,-0.0110664454495176,-0.00873956418284568,0.00290503479096829
0.5400305917813,0.747374210592672,0.0294412065341173,-0.486319603280212,-0.00760524480839333,-0.0136867550707476,0.00520411658397655
0.51333461518496,0.54551099901023,0.0275428381768493,-0.460556132818439,-0.00329882643802893,-0.0162824564704843,0.00428565427986963
0.470728962389363,0.266903585500099,0.0236616974238096,-0.402526533811592,0.000157682268466716,-0.0158297027294671,0.00103680048733212
0.403326342961686,-0.0577692680454261,0.017661622326308,-0.309222122471239,0.00243996791420817,-0.0135202755198934,-0.00236490044349659
0.306135407063946,-0.400115145820853,0.0112132062856714,-0.18370985021234,0.00351676948285075,-0.0104462800548272,-0.00412501354190653
0.182269425920877,-0.734079974725929,0.0056087235093137,-0.0320820700844318,0.00295536099984965,-0.00673310640891431,-0.0034259807171138
0.046020926803411,-1.03043231046906,0.000919910811070531,0.12804817722111,0.000986283381995211,-0.0021747693793561,-0.0008271422195457
-0.0895144072084928,-1.2602901874423,-0.00122472753146835,0.274749473877283,-0.00123179376145258,0.00293111450405959,0.00210880669761847
-0.212176518844195,-1.39855061376878,0.000564588420697097,0.387847868601213,-0.0025364467610986,0.00792637073277536,0.00365949202793022
-0.303847890856329,-1.4266310711968,0.00478327103872098,0.449488038233927,-0.00255933100506267,0.0123495804778516,0.00275362232817939
-0.350526909289366,-1.34227389504714,0.00905416497775701,0.454806919596983,-0.00216832155161355,0.0158666037886647,-0.000249771740763927
-0.34611784204445,-1.1599496132813,0.0117970999130923,0.411151331040199,-0.00236016771143156,0.0177458509106292,-0.00354081804935459
-0.290045266134482,-0.903128332017067,0.0127078132443919,0.333961612332524,-0.003020835845909,0.0173690750577616,-0.00490847270917626
-0.207149143009245,-0.58679056857738,0.0134793959325304,0.240701754435139,-0.00321582669939179,0.0152846546048234,-0.00349686640469837
-0.132010959503478,-0.219050188895068,0.0141771861729913,0.135256536759597,-0.00276685718973935,0.0123588240700978,-0.000481841979364798
-0.0724890596030481,0.177432008333345,0.0142521256168549,0.0189144646881513,-0.00229942895810798,0.0084444776754502,0.00251808000044489
-0.0240424469512819,0.574075404633478,0.0142069859343892,-0.1030228720183,-0.00222033335148969,0.00304008687875487,0.00434208497199643
0.00624185703248699,0.945336444157667,0.0138797439999888,-0.224598284313475,-0.00258355394484199,-0.00341958367551472,0.00422940497332567
0.00209332102318177,1.25950002348186,0.0131862492882024,-0.333439828238597,-0.00294966274127262,-0.00965858660657909,0.00213666691153419
-0.0263233808205277,1.47972022698045,0.0134583375600808,-0.413027261742456,-0.00208729645237174,-0.0149055902724862,-0.000991552107114384
-0.0396553404151051,1.58137834810488,0.0143054439184577,-0.449350222253584,0.000265824338930614,-0.0188895674182309,-0.00355931143475906
-0.0254606223801755,1.55118366823017,0.0144087075193732,-0.42870365074065,0.00264876047216177,-0.0210259087701582,-0.00393986297940508
0.00483716677188157,1.39173430382451,0.0144493101327168,-0.349983945295072,0.0036944865302527,-0.0205656624665324,-0.00172612647079795
0.0456678883511526,1.12770096233301,0.0142482745845403,-0.230157057043589,0.0029577064528259,-0.0178276362761376,0.00173600724584907
0.0896054112437631,0.788738255485855,0.0149311002371795,-0.090082283050849,0.00121273807938073,-0.0138833449755542,0.00437355532090875
0.12841413910127,0.40741701830785,0.0185946634766058,0.0497717580960291,-8.2435913801914e-05,-0.00926376282216764,0.0047890543103747
0.162691684673566,0.0152691855057122,0.0233191179600004,0.176519985848994,-0.000581796662484536,-0.00399514723620927,0.00293996259342993
0.193596291998479,-0.362323911290479,0.0270447915180543,0.284343012724185,-0.000879751684135983,0.00175906154944873,-0.000341809553450485
0.216491540222155,-0.700605008811815,0.0305682353337528,0.365341324755179,-0.00140695286564516,0.00768943426354458,-0.00387245634640991
0.232499076624917,-0.976233285748129,0.0334452779951254,0.414570004699467,-0.00304422714777187,0.0132479054364509,-0.00602421517282131
0.265127737858874,-1.16046227565015,0.0325188608463868,0.434593226283526,-0.0070267715354708,0.018173595763154,-0.0051781283151496
0.321295665669703,-1.21561401389918,0.0299861033994376,0.422589325342337,-0.0106852834341373,0.0226580826287589,-0.00157454792170641
0.334659179634722,-1.15817823590037,0.0304504047574208,0.375991210472086,-0.0100507310838882,0.0253359326153987,0.00263416416495174
0.255709506443442,-1.04470727646108,0.0328981867968878,0.293384671827841,-0.00678340701057991,0.0243388438247772,0.00505411627067331
0.0983166339069123,-0.898179487440234,0.0363412803069911,0.173022897952505,-0.00399955998299763,0.0200872821358514,0.00455271201966857
-0.103294728610368,-0.73762072749215,0.0389411412603473,0.0293031863110083,-0.00338872188210484,0.0144989959068918,0.00188831200995323
-0.311800096789048,-0.576898869460631,0.0399550897493976,-0.114956341457678,-0.00474435632806423,0.00815388765818506,-0.00130179142490428
-0.495096603190402,-0.42418852067732,0.0404999476129007,-0.240066169321719,-0.006973079615925,0.000428882562252768,-0.00369818224320439
-0.620755767184018,-0.298864624546085,0.0401936273155018,-0.327917612263353,-0.00931094249813414,-0.00876740961471795,-0.00455768291050623
-0.652400271837036,-0.216549161972723,0.03856880204613,-0.370678227183739,-0.0106220573067395,-0.0181562719660792,-0.00361068224374438
-0.577026532130089,-0.134141333339291,0.0378383633082198,-0.376626758816911,-0.00909798649726719,-0.0257470733652511,-0.000915716874400253
-0.44062394582354,0.0212376432255199,0.0380840904100933,-0.352021455740402,-0.00590176571168063,-0.0302993270363174,0.00284791633649101
-0.292996735972349,0.246625843055369,0.0367952512956184,-0.302517042775131,-0.00395926746189679,-0.0318233949564277,0.0055841681970654
-0.149894890342927,0.488847038818472,0.0351647493936963,-0.247350485003824,-0.00243246588922557,-0.0299844802141184,0.00531701063986558
-0.014469127292903,0.720511378439702,0.0336445872821991,-0.185286033754508,-0.000477700927347362,-0.0249036353517514,0.00260903360006993
0.11282283130989,0.928051575968472,0.0316328228763258,-0.108389611308666,0.0010711918069803,-0.0179129061130753,-0.000682400665941232
0.232004718631546,1.08934014142553,0.0312436424022146,-0.0244148314550162,0.00163809192063042,-0.00996522810094779,-0.00310250138244903
0.340729258776837,1.18619669821747,0.034134056110832,0.0565247358700884,0.000890228505257782,-0.00136231491829122,-0.00399304039777497
0.430545425151617,1.21041417246995,0.038926585829451,0.127426209612933,-0.0011739491560795,0.00762123954983587,-0.00334480311680154
0.490272364562914,1.157913398049,0.0434553931376627,0.180695277577194,-0.00404677794292752,0.0164245350452502,-0.00149790353499354
0.513483030383166,1.02608904602398,0.0471635187391544,0.207558514592077,-0.00676533077541378,0.0242099052873898,0.000869192539160451
0.49766953851904,0.818277466306256,0.0496589666690143,0.20143169141015,-0.00830020396856487,0.0299224287248853,0.00265206821137249
0.438440382007523,0.545814833023867,0.0491850615778462,0.162869238377438,-0.00835145599393093,0.032671457855684,0.00278129291288346
0.342856849422136,0.224926169831265,0.0453370859099335,0.102091196540485,-0.00772901952794729,0.032269576699497,0.00117464455057672
0.234555397795336,-0.120080010388036,0.0396516300545688,0.0354874561991825,-0.00725954915258754,0.0288623671539098,-0.00105483987263575
0.129145353715652,-0.45741005928494,0.0334042595560875,-0.020699644491094,-0.00680539556069498,0.0226377641001605,-0.00260719889260026
0.0305749692828112,-0.758418058989425,0.0274938631022261,-0.0579198191457256,-0.00595071737233413,0.0143211616761375,-0.00293809220067995
-0.0608425890024118,-1.00319854586712,0.0225746010903783,-0.0768316615091628,-0.0046185812691902,0.0050923889895878,-0.00221219834164503
-0.147509190988142,-1.17912116454394,0.0189178475277403,-0.0796638842379887,-0.00294750001300312,-0.00412414073812456,-0.000743457218061597
-0.232531083812931,-1.27827209473618,0.0165238095681712,-0.065727060341913,-0.00118356763549229,-0.0129621314829608,0.00121115321240589
-0.317526748479202,-1.29815675737365,0.0149885343773586,-0.0342384430210105,0.00017828100535063,-0.0212778437733559,0.00314537673478184
-0.39746641551544,-1.24502609830496,0.0136569070192116,0.00705025708759797,0.000576157104550801,-0.0283408915346781,0.00399905690270414
-0.45734590526092,-1.12935885637692,0.0131265194891428,0.0423353222685623,0.000245698835105069,-0.0325514851560657,0.00282137517557911
-0.489089529807488,-0.957064862431567,0.0146322093704093,0.068410564482967,-7.78676750747751e-05,-0.0330210695478422,8.57158582619738e-05
-0.493190754669322,-0.7345686538994,0.0184044882838813,0.0907611247354905,-0.000478911470581879,-0.0302980572561328,-0.00254708840845808
-0.464339641879181,-0.469542707407556,0.0246306640984948,0.107528701668745,-0.00195774057565744,-0.0251225148877402,-0.00360304151678809
-0.403614409993614,-0.176174316093924,0.0320836787355515,0.114289615941491,-0.00536792615599787,-0.018037726314972,-0.00276791110174426
-0.318305290791125,0.121492896536389,0.0389169026457927,0.106041160652696,-0.010254389332684,-0.00976067850382335,-0.0008017008419998
-0.209175718065564,0.407366658361975,0.0449539175498282,0.0757879406562681,-0.0152519180691604,-0.0010890912227231,0.00130366884510858
-0.0785463766823624,0.678924455033,0.0506787121318629,0.0191494337781178,-0.0189468342830964,0.00738429874398555,0.00276546602181688
0.0595100516303956,0.932005441918046,0.0559822315386858,-0.0590560402583788,-0.0201230639771405,0.0152451454334661,0.00290299610587245
0.184367918416549,1.14988554522039,0.0602226245576544,-0.141930342873624,-0.0182412782151495,0.0221881932251019,0.00130834346161009
0.282180992337191,1.30950982861649,0.0627294032198079,-0.210719884779653,-0.0141986720514713,0.0276857959100574,-0.00147881924224626
0.347985581459314,1.3878903884542,0.0632600024952807,-0.251034185532672,-0.0100067492593113,0.0306605488322101,-0.00380803863645784
0.378574802624687,1.36470725823843,0.0632004205631428,-0.250139375408883,-0.00721533780822244,0.0304295802946854,-0.00406129222412911
0.382811246105217,1.23594899787649,0.0642278257020018,-0.211307860697821,-0.00566664706820999,0.0276591905245233,-0.00212269654896938
0.375694203265545,1.01689231808727,0.0656049694787355,-0.148004449153118,-0.00464870447258033,0.0231911335054752,0.00067107372653774
0.361547477713847,0.725860378653109,0.0665922644042745,-0.065739902343461,-0.00416481113446425,0.0171255780668504,0.00286474123279745
0.341701798852772,0.38496604742864,0.0673075438513409,0.0293370299260317,-0.00444224174060612,0.00961781445940981,0.00379606657075472
0.31859784993513,0.0242258225972727,0.0680262617952241,0.123247649281849,-0.00555959212659519,0.00148308266398134,0.00351499358641563
0.294141217434765,-0.323965359620682,0.0689771089043013,0.20012257360335,-0.00759074141738239,-0.00635703395891708,0.00231401424193158
0.271007249609238,-0.629018027461231,0.0698453475640307,0.248317983418795,-0.0106558211112151,-0.0135221428637003,0.000480648310511622
0.249833581190839,-0.863353022251187,0.0703085193845737,0.262763281701184,-0.0145618737035136,-0.0201669705548019,-0.00150954337015076
0.217544180213236,-1.00866297235122,0.070951793677612,0.243051829324049,-0.0185990242675286,-0.0263872171219529,-0.00287632338253282
0.145138704389481,-1.07301445172981,0.0721986004179572,0.187492197633449,-0.0221045480364101,-0.0314309497496702,-0.00304077265736413
0.0205217438016374,-1.09736603514768,0.0731495717771793,0.0973825993983011,-0.0248289744954255,-0.0337292646790673,-0.00202978434262453
-0.121685503936512,-1.11789285903249,0.0728648841103752,-0.0120939308787058,-0.0265613021237547,-0.0321129764232137,-0.000452531207613791
-0.22887861394063,-1.12546426007691,0.0716005895338592,-0.116785458592125,-0.0265107392800519,-0.0266672272973013,0.000743457150235027
-0.279073423800187,-1.07698126868767,0.0702229600714654,-0.19461765242889,-0.02390722211589,-0.0183997321601247,0.00100798600819289
-0.29115797933044,-0.937231170963966,0.0691902882861351,-0.231962834205672,-0.0192686409006799,-0.00861528731783131,0.000501483326032666
-0.295762074916681,-0.704678241361067,0.0683601655306684,-0.226603445092971,-0.0140463146062447,0.00157621003251399,-0.00036732560273899
-0.307603612905691,-0.403661870183141,0.0675433627785369,-0.185933090984996,-0.00950340478691683,0.0114446058473031,-0.0012031318390487
-0.32536965104905,-0.0664014233990073,0.0669020204875837,-0.122889943207655,-0.00642920183024726,0.0204665282380772,-0.00155046821761576
-0.34136935821853,0.275942422225307,0.0670249067500852,-0.0518702419124153,-0.00518669482486383,0.0281079026919304,-0.000994470329007985
-0.349230068039957,0.595940436176227,0.0683532262001648,0.0151543661908669,-0.00549533185661357,0.0336601108374398,0.000434891556552216
-0.345734599700271,0.871346987051291,0.0709947033264814,0.0717554081861863,-0.00658381613153035,0.0361743142656329,0.00196100746940225
-0.327270407341673,1.08698384583028,0.0753921385651918,0.11577251722905,-0.00813822115530564,0.0348835171334584,0.0024459911961533
-0.292637655734969,1.22885512959492,0.0803227921311351,0.141646339710832,-0.0107275261393197,0.0300358414749234,0.00151794817704578
-0.240935002103497,1.28340397698162,0.0835230788343161,0.140523960772981,-0.0142141741383538,0.0226770489094752,-3.6774681806334e-06
-0.168701949884163,1.25204569959706,0.0845814163489632,0.110753262031144,-0.0172064720729351,0.0137703237317709,-0.00117961308246804
-0.0791677472428411,1.14946100122647,0.0837891815070481,0.0607045643918892,-0.0184604775128916,0.00410224741450854,-0.00163619149509997
0.0158266814964305,0.98866949505345,0.0811139778549995,0.00486163845324518,-0.0176416464512987,-0.00564404939411001,-0.00136466919888249
0.105214594856193,0.775001263114737,0.0765073145374044,-0.0419960566662936,-0.0152487936244611,-0.0149238828372928,-0.0004789684777758
0.184712816647483,0.513196456383352,0.0702899910484368,-0.0701475510312675,-0.0122763219948946,-0.0232746258165092,0.000753351380324146
0.253004298551456,0.214007813619375,0.0632574238959155,-0.0758580237061006,-0.00976983175059736,-0.0301245813255468,0.00180225455380498
0.307617647871294,-0.108170314434033,0.0565006442620967,-0.057577757746937,-0.00819608213251285,-0.0345668341285935,0.00197479264426084
0.347310737012577,-0.435428524253793,0.051145108252997,-0.017557160778218,-0.00704064664203409,-0.0355954309286196,0.00090426686710264
0.374146769967339,-0.742628752894846,0.0477670637504786,0.0325623834019619,-0.0055892650028339,-0.0329264756002949,-0.000875196318336204
0.391827197224336,-1.00328753109988,0.0457199456817683,0.0784786620200749,-0.00413639510648545,-0.0270868270456932,-0.00223597358356167
0.401485253048807,-1.19351534177853,0.0441591609266134,0.10902154643226,-0.00356931586476614,-0.0189031492622951,-0.00252035736341471
0.397924988533326,-1.29417437901994,0.0429596279124798,0.116481229001372,-0.00416313273270682,-0.00930739814316958,-0.00186859337077761
0.372611309807427,-1.29695145908123,0.0419318702447548,0.0994311997605232,-0.00562479637192836,0.000897120184233207,-0.00061672427184457
0.317120079019774,-1.2067054450204,0.0406738467080903,0.0630224810978082,-0.00751484140781994,0.0111462402666466,0.00101658992082941
0.226361976539103,-1.0408623314076,0.0390612663075421,0.0171515063650702,-0.00917399909372519,0.0208656337079974,0.00269657784726674
0.0999868265655708,-0.826170958181312,0.0377099507377625,-0.0286458264461587,-0.00952042845492944,0.0292318444931436,0.0036872625259378
-0.0560640010100833,-0.59173372426293,0.0377439752993927,-0.0731664854117789,-0.0077628475762476,0.03532813699832,0.00303809631849213
-0.21717893335209,-0.354178063072647,0.0389807133807473,-0.117092554853617,-0.00487547452416562,0.0383919606924765,0.00060760178813556
-0.349961255151063,-0.108858725154583,0.0392564309871255,-0.15375292126485,-0.00249276262749355,0.0377132325377427,-0.00223375825698716
-0.440737779297312,0.153111249033967,0.0362859600171688,-0.179948311112993,-0.000718165235882504,0.0328216992459174,-0.00379752146764145
-0.4856267323318,0.424720859636947,0.0289480753357488,-0.189009588298309,0.00117555141355139,0.0247317255625283,-0.00360014638087172
-0.480322952699863,0.681810084702867,0.018468235010845,-0.169991731997194,0.00339455392838505,0.0153528198447823,-0.00240161358097047
-0.42824008989373,0.899565601740056,0.00730487001031625,-0.123058981469768,0.00552507178319327,0.0057230656803975,-0.00101368147421751
-0.339968289510085,1.06076776917089,-0.0025782854358634,-0.0569630423014722,0.00721609988933804,-0.00394022147287668,0.000294081869812723
-0.229180092657236,1.15459931059806,-0.00990345926370765,0.017525928695931,0.00835802655410967,-0.0136153556849996,0.00158336044152831
-0.111083748929896,1.17414926211397,-0.0134893197010183,0.0896652630013275,0.00887866171507706,-0.0231177143040045,0.00280887468194016
0.00145689605982685,1.11483261348666,-0.0121420374284186,0.153327079411549,0.00869442457841355,-0.0317326196576194,0.00348715493836725
0.103239177390522,0.977591979668626,-0.00623092577003127,0.212406477934175,0.00805071444067331,-0.0378851550595357,0.0027818172372442
0.189991040552707,0.776412251215855,0.00151587975670297,0.269263807396443,0.0079212593294764,-0.0399695689665656,0.000431897689011114
0.252305699784888,0.537046395687603,0.00817041247935944,0.313212699841395,0.00913975074662871,-0.0378117852083241,-0.00229224569133269
0.2875605448011,0.292113367242995,0.0116223058532988,0.333473215865595,0.0105925084366694,-0.0321592607485242,-0.00362574322120633
0.293772280747463,0.0646868805628257,0.012532600467428,0.321756385150505,0.01092317804004,-0.0240571173367525,-0.00316890621215427
0.263732142385853,-0.145410171440271,0.0123297513614542,0.275898390439748,0.0103783850748233,-0.0146761780594922,-0.00168214106065707
0.198113942216107,-0.340713589691198,0.0110060392231512,0.201987341305167,0.00940212155006817,-0.00483765679700896,0.000131624439401624
0.107824454289525,-0.513751043341861,0.00883865315259185,0.108803892192127,0.00823497053051288,0.00510422793179009,0.00192977214616157
0.00772410246258568,-0.653137354226089,0.00693893095537007,0.0058396212378907,0.00732390450855287,0.0149049644939141,0.00343141189911625
-0.0886096302470523,-0.752036642085283,0.00609110189135051,-0.0965972325506366,0.00749551547616958,0.0240587532950828,0.00402878144514106
-0.172107577135118,-0.812223789289254,0.00570129553248161,-0.18919787289505,0.00932769494191921,0.0317759408496282,0.00282019287892109
-0.231343843757281,-0.831329280155868,0.00528087439432305,-0.264659809354934,0.0119140826952079,0.037050537162022,-0.000323938681139442
-0.254875024808578,-0.799486703749981,0.00448530287947058,-0.321232343509791,0.0133484800384002,0.038425730536784,-0.00374775294652553
-0.255202401954667,-0.727017174324661,0.00255661672361917,-0.3677633658312,0.0129482999853184,0.0348158204184798,-0.00515184055257228
-0.237807882072601,-0.627428430993125,0.000228359112304736,-0.40223882591335,0.0123048651629411,0.0277480595797144,-0.00403671410599593
-0.186590087113965,-0.505214423958539,-0.00369391869828788,-0.408060193768381,0.0122429725551442,0.019620621372116,-0.00190733573711957
-0.102585181253532,-0.371517157916988,-0.0101633709329077,-0.379889711699871,0.0120801717766512,0.011226468606221,-0.000144077745425814
0.00176150077738579,-0.235639875713867,-0.0182953571241762,-0.322038171888247,0.0113019092779199,0.00258475707204129,0.000853573240517009
0.113360883340515,-0.102558540369595,-0.0269791697031725,-0.241020395830131,0.00995361154326916,-0.00619854205927039,0.00131214678389377
0.219590876523759,0.0234838464820127,-0.0349766215151515,-0.143874603917859,0.00837122938128438,-0.0148718567364951,0.001577208889754
0.309067920767666,0.137368394718847,-0.0407870035382451,-0.0371974574343093,0.0069259804541556,-0.0230674655834659,0.00181855284780249
0.37355548626661,0.234040039568458,-0.0436435882377538,0.073581688608555,0.00593349400286057,-0.0301606619396772,0.00191208579547952
0.409147246608672,0.311266006205113,-0.0447348716593196,0.183074295538809,0.00580704792448234,-0.0351098243833109,0.00153406299706798
0.413518860626105,0.371195638884728,-0.0459266613536337,0.282900585363192,0.00716847913311794,-0.0367132457490988,0.000555773874173671
0.381462979964987,0.418015879992282,-0.0471256096240373,0.361198063177151,0.0102863098540615,-0.0343410297676788,-0.000600860958511961
0.305311861510357,0.455061532292295,-0.0467908695742507,0.407500891578959,0.014544451806373,-0.0283039911824457,-0.00128503103209454
0.177640529690013,0.483710711703555,-0.0437594181210586,0.418360548881178,0.0191558883855746,-0.0195708146850568,-0.00129083105457572
-0.0048621287567552,0.507871547052488,-0.038505261760102,0.397825490968738,0.023678774801299,-0.00926302490002296,-0.000913293752981942
-0.226983047002264,0.540578292250169,-0.0332970307245093,0.354381827505634,0.0271145197476115,0.00164701779380154,-0.000440867032048499
-0.436475992233468,0.590148129539868,-0.0306417788452433,0.297102842915326,0.0280471299170451,0.0122718611814499,0.000213964008014994
-0.573342773470219,0.636565367057044,-0.0308941431205776,0.230396228208499,0.0267636738575814,0.0217353561534781,0.00120915334701442
-0.615661671256954,0.648428988380931,-0.0323448462933812,0.153782715843847,0.0250852123134648,0.0291272031081073,0.00216903132147334
-0.573411677189238,0.604603659541586,-0.0330859718514108,0.0700437276922088,0.0243692535228222,0.0334984669227414,0.00228717151909958
-0.466808685769507,0.495559411755977,-0.0319822913061127,-0.0155050963652935,0.0245878766974167,0.034278290368008,0.00121884697583563
-0.315534231953925,0.324362455721067,-0.0293219973963366,-0.101856264007423,0.0250700181027438,0.0315637603500686,-0.000358291439049064
-0.139904425616094,0.100310334657789,-0.0261876472155297,-0.18638634762361,0.0258382604195037,0.0259167109706516,-0.00140949156592243
0.0365862821608044,-0.170388243124633,-0.0232843175461572,-0.263647740075751,0.0274480942360148,0.0183298979481068,-0.00137701194692165
0.184257144370107,-0.483321886725488,-0.0213934787669119,-0.329794634379392,0.0297632643160028,0.00996930125149136,-0.000321934133220936
0.270171633131931,-0.811571948737211,-0.0224071165348187,-0.383039134165663,0.030981417120207,0.00153476691503582,0.00119400310921507
0.292973613066335,-1.08301637213128,-0.0281219501413314,-0.421553871486034,0.0293928874022428,-0.00698243295992926,0.00224530563057672
0.288182069749139,-1.23564948505029,-0.0364863125179869,-0.436512787286934,0.0265147627190142,-0.0153966213916167,0.00228569661069802
0.275705311077373,-1.25998258063575,-0.0433656158890309,-0.416216383798438,0.0245296694304721,-0.0227059494852362,0.00139005811004923
0.254343765479068,-1.17071930123784,-0.0463290316681889,-0.356985342058765,0.0238626312097037,-0.0279112830405716,-8.02248419862992e-05
0.220186706321257,-0.986017194033162,-0.0447257470362442,-0.261346544948588,0.0240723298740235,-0.0305964759503909,-0.00144293602441014
0.173155772436819,-0.723695999470176,-0.0385883751848832,-0.133704066043651,0.0244158091492115,-0.0306376132048029,-0.00196597766105574
0.11522991409116,-0.405920019415335,-0.0297157470233413,0.0178645897547553,0.0239886587288107,-0.0280246104736033,-0.00137361059507056
0.0496167144019181,-0.0620673608540274,-0.021577813059718,0.177440057385708,0.0224335815807632,-0.0230608520490782,-7.45843567363729e-05
-0.016682740897218,0.27772052617285,-0.0157387715464601,0.326016327756979,0.0203643171605083,-0.016274541302688,0.00115947967923214
-0.0730764285410028,0.585816213942375,-0.0116399737857034,0.44751626441815,0.0187916622806658,-0.00813392408182974,0.001723309742906
-0.106865826773448,0.837362971548888,-0.00838847367309996,0.529402514151495,0.0185344573306066,0.000953928778063495,0.00135785148317528
-0.101853754268507,1.01534113586428,-0.00529305372588392,0.564192319791535,0.0198791522086945,0.0104646260311309,0.000117494423831338
-0.0473336157730377,1.11098053101606,-0.00333647809283916,0.553506336234362,0.0214148461178221,0.0196044212268097,-0.00147908798841658
0.0223982709111429,1.10916555056803,-0.00414838544457309,0.502961240577721,0.020976788673055,0.0274089247959806,-0.00264214433759975
0.0624916029966978,1.0041149375386,-0.00492650744293316,0.411491409688597,0.0193278221440398,0.0327748101111962,-0.00276499636013961
0.0716843924661942,0.810768411765037,-0.00240570324506117,0.278401837280835,0.0177712804182868,0.0348995877564417,-0.00163128527024834
0.0642343822934299,0.554277567692019,0.00304734193492165,0.113142364691739,0.0170553563046075,0.0337938224299043,0.000174523843254301
0.0501641112581117,0.260030491543098,0.00885370003711694,-0.0690465024288213,0.0172203544394352,0.0298405407065748,0.00167996629447523
0.0327160805968829,-0.0469469994769433,0.013078525179895,-0.250889334067349,0.0177680002794987,0.0234590296013242,0.0022877504239326
0.00696356617738279,-0.338774959450691,0.0158267806332506,-0.412613709302546,0.0183960292262417,0.0151856002899277,0.00201862783988507
-0.0398772737590997,-0.587507068670897,0.0178515440207071,-0.537117292233348,0.0188475026113763,0.00550880021364641,0.0011070420532853
-0.107953128272694,-0.767264023828339,0.018375685074896,-0.612466356336143,0.017872581816409,-0.00520875204189429,-0.000322209656921069
-0.15920479814928,-0.860486514420376,0.0177973818899211,-0.633479198834019,0.015263898934256,-0.016401160851268,-0.00195331280303272
-0.178206133875927,-0.863717564414127,0.0188040731493031,-0.602171000952814,0.0128081788002912,-0.0270458988907708,-0.0031512006115968
-0.177372429173434,-0.782147808843054,0.02099946735237,-0.52229438346937,0.0112943617851677,-0.0353916789626508,-0.00307674838976039
-0.165875856551831,-0.628671990263101,0.0209906240745515,-0.399957041967786,0.0105334206800505,-0.0396344686258102,-0.0014823335291913
-0.141918164131548,-0.42358464757716,0.0190225083299327,-0.245509292374249,0.0100732461520256,-0.03951950172184,0.000653507366941916
-0.103999719343753,-0.18433424010319,0.0172868576957961,-0.0677386834514481,0.0103255518836269,-0.0359764410834586,0.00189527217311375
-0.0560274979259818,0.0708065871548426,0.0159879473179376,0.122098352892099,0.0122697525872983,-0.0297675904527494,0.00156609660198108
-0.00150560135076445,0.317839834654438,0.0155553393189528,0.304977902463913,0.0158639239638293,-0.021372732119884,0.000134674704253572
0.0544441125529922,0.532702375393962,0.0154392608398342,0.461690446444592,0.0199530981429949,-0.0112335172636717,-0.00148842030278209
0.10478422757575,0.690689011257098,0.0146657956293116,0.57556056590955,0.0232819440946849,0.000112101204550334,-0.0025496775470884
0.147753863683685,0.766821196080438,0.0142070275323635,0.632036487195544,0.025019829794769,0.011936508877307,-0.00240202488362577
0.192992898685682,0.743738191598608,0.0154765779214013,0.623365131462388,0.0248478769953907,0.0234615685393727,-0.000505170585627873
0.235755149379976,0.622274261487455,0.0166407319100196,0.550337696600161,0.0224025110957209,0.0337191324446969,0.00295443053540384
0.237059310467229,0.427855385235086,0.0169037343092066,0.423959259242252,0.0194951606946705,0.0406987719161003,0.00615126186687435
0.206504267909763,0.20197836722822,0.016509470671566,0.282515348147319,0.0190068227467153,0.0427224127244612,0.00600832507503298
0.150044661869385,-0.0217122924818096,0.0159961326536038,0.143554209136145,0.0190381263568846,0.0408649100003877,0.00250718376423492
0.060045473257678,-0.242690922211345,0.01763513442603,-0.0102951068141633,0.0182575705206325,0.0360630134531875,-0.00142024505395788
-0.0430090431850119,-0.452285085682961,0.0194444148751573,-0.167962132302765,0.0177170720079845,0.0278286710109736,-0.00393899053907931
-0.14214512331657,-0.630786683386793,0.0207817451698291,-0.311277880680037,0.0179712866357575,0.0166355597684023,-0.00483667788407292
-0.234068961137594,-0.759236692832729,0.022746193213444,-0.430080559309235,0.0187651299420664,0.00408208454276483,-0.00473073009803615
-0.318617898142168,-0.816642728814603,0.0249776366947235,-0.514491431780796,0.0196698260067602,-0.00809703623057022,-0.00404276066256151
-0.383341932063182,-0.790337216968677,0.0253497942733009,-0.555535006949222,0.0199311019274964,-0.018411467197138,-0.00256615291693515
-0.394298437416294,-0.690714582082707,0.0234523510439438,-0.548526863443214,0.0197448180876687,-0.0260906881338853,0.000276151129388012
-0.335275604413612,-0.524210723802712,0.0222370956313682,-0.483995915215936,0.0197063938590306,-0.0319365231620343,0.00461957630853454
-0.217736153059351,-0.284649354593236,0.0202102680298238,-0.350050223221402,0.0183911952710791,-0.0376414827961228,0.0087508623922872
-0.0960258696693219,6.69685404266034e-05,0.00598963370334423,-0.1978300418637,0.0165834763376241,-0.0413861148912238,0.00888794200954473
0.00867628686174596,0.269469261843126,-0.013022304726695,-0.0710851788746691,0.0172358000567138,-0.0397152238519213,0.00439125612116934
0.118350310207935,0.523406770805331,-0.0285930166872518,0.0638319520571654,0.0196660647963779,-0.0345022566644377,-0.00145080339462835
0.226469274440661,0.748906806813094,-0.0405179274163242,0.195358561286012,0.0221667336605585,-0.0274902118363437,-0.00583928185935251
0.333580645117494,0.906736237169698,-0.0403555092390843,0.303041336245092,0.0228089694802481,-0.0188993709747915,-0.00722481324480257
0.435158129678711,0.988627016068816,-0.032731291349354,0.392504934120132,0.0213568223756461,-0.00891171737727001,-0.00609210121600723
0.508418631986268,0.997311071925369,-0.0270718875428146,0.458957387979599,0.0193801986530167,0.00146480145801135,-0.00371851164633831
0.537543956080868,0.92008747457941,-0.023440454955306,0.487082944989428,0.0181857999805943,0.0111713208726586,-0.000817901846336188
0.521463170188722,0.746335235522481,-0.0200068060856751,0.472617828062717,0.0175765027379531,0.0200858693402713,0.00246044180144083
0.454871474200091,0.490782390390265,-0.0179859450491889,0.422339037859527,0.0165433023793728,0.0281914956890252,0.00551430425551206
0.320426253972445,0.202062599232238,-0.0182170806126797,0.338367752176013,0.0162048293551783,0.0346205244588596,0.00672417967161726
0.116312979831004,-0.0734746041889712,-0.017741109421193,0.214513576965545,0.0181196979274532,0.038661255252584,0.0045146378534247
-0.117902184324528,-0.327720572278166,-0.0178363561691307,0.0656803706239188,0.0195297112611258,0.0402871802369909,-0.000232050931677308
-0.347649972001521,-0.554793476411936,-0.0204450862259326,-0.0810338481456766,0.0188483256720607,0.0385216132498116,-0.00468698706365673
-0.559241153630672,-0.712256810267269,-0.0208093826002744,-0.2091267844281,0.0181221986548234,0.0324892168691591,-0.00661375860858634
-0.72548061511238,-0.775766780636627,-0.0186351188144127,-0.30841587342041,0.0187670343541827,0.0241179376425069,-0.0058956934307422
-0.819229522353337,-0.759692625970536,-0.0173801904741465,-0.376346124750213,0.0200232986579226,0.0161192063719272,-0.00399523330624596
-0.827736612487938,-0.69446908207333,-0.01835697364247,-0.41432665384483,0.0202191777233769,0.00912253346370389,-0.0022447562702467
-0.752499446552861,-0.617663461131021,-0.0209921360525612,-0.418957467291458,0.019669015836104,0.00268489159794683,-0.000926458402014633
-0.603418857306044,-0.537360626224918,-0.0246726162032697,-0.385725536269154,0.0200206144873375,-0.00351213308607832,0.000459485329255375
-0.393789353214554,-0.442142218601965,-0.0311647719478841,-0.318211298713946,0.0217105108145689,-0.00988015821161776,0.00249032987051442
-0.146006046155046,-0.321884673566095,-0.0442540810733724,-0.232673573809216,0.0239412905650778,-0.0171796794675644,0.00525679997359192
0.105492940369146,-0.180748220675271,-0.0636708619112678,-0.156738726008763,0.0251943453590766,-0.0260000543867528,0.00778547503310381
0.336641772750271,-0.0552373054309438,-0.0758138198768552,-0.0917894861835074,0.0249645949520951,-0.0347670689894842,0.00812098591345752
0.54971375754067,0.0301712439876664,-0.0743811973765632,-0.000787478359643524,0.0241671606608638,-0.0393075656197022,0.00457776101189571
0.722652946194458,0.103216435252438,-0.070124098388324,0.100268178418657,0.024535666815361,-0.039086013512669,-0.00182533088092866
0.829034253418787,0.164184389863387,-0.0616435488045279,0.186585028139641,0.0291175275666726,-0.0365076011976382,-0.00791433934534954
0.890956465253967,0.225691158381204,-0.0625673808297573,0.264564744182115,0.0349562092173474,-0.0318209203784596,-0.00973297051690486
0.887037642893561,0.308181640505365,-0.0729203548702251,0.285048766532515,0.0376218327086936,-0.0246104601671235,-0.00694432448250296
0.774778989577515,0.383670998130768,-0.074656543826133,0.240039022096306,0.0389864408299952,-0.0165269064094195,-0.00257499242394852
0.579565303247103,0.448800547140157,-0.0695378741015495,0.170244227990198,0.0395872955225404,-0.00847852320826995,0.00148713285256451
0.357635385547581,0.508818278580194,-0.0637331389271695,0.101880679145785,0.0389383985546248,0.000149483199288456,0.00460348195861677
0.149912206836124,0.545513595899511,-0.0598207757333061,0.0431427308843498,0.0375315042705025,0.00974577699742351,0.00665987619645089
-0.0367220727490991,0.533392528768915,-0.0579391616338757,-0.00557777340793838,0.0367409750048708,0.0195379902920642,0.00735346143782147
-0.220211164003813,0.466980363777203,-0.056955668981033,-0.0403569262268349,0.0380272466696054,0.0281509303907904,0.00565477921440551
-0.404772580951314,0.357964574582146,-0.0575725009596127,-0.0652932808149054,0.0406181693556149,0.0347288420555855,0.00103130413980116
-0.56959262077586,0.204665845646252,-0.0630861345966896,-0.111872908538516,0.0413203205475341,0.0386589769451028,-0.00444865381147058
-0.710470574087411,0.0382582022470096,-0.0708901041158948,-0.185879364819077,0.0388228151114937,0.0383848558680039,-0.00742713415180579
-0.813371210967636,-0.0876113837097978,-0.074122891018619,-0.242400684564417,0.0348874777084671,0.0339279182475183,-0.00616914500815942
-0.863756136844699,-0.193255662658981,-0.0740466906850929,-0.268842240370596,0.0318847168440711,0.0281672564952293,-0.00247849552697083
-0.861702819716872,-0.283260684821669,-0.0728417445028679,-0.269681169917194,0.0296886779181483,0.0216445656845861,0.00121289778111868
-0.80722923991043,-0.337772115395714,-0.0705169751323143,-0.236574111854026,0.0276938331739851,0.0134244646253867,0.00380215501019175
-0.702683599501649,-0.350949126657312,-0.0677256274979367,-0.170773276670676,0.0262386333372287,0.00344591660190163,0.00541680283333234
-0.554919225580714,-0.328150988456889,-0.0656938304848406,-0.0839336120062172,0.0256632279065992,-0.00722557228067774,0.00638021687457071
-0.370355677549134,-0.281450601818956,-0.0643819989405382,0.00614384472695831,0.025591212827826,-0.0167267472613716,0.00639585642936439
-0.147371706483259,-0.226650039273033,-0.0586607790182256,0.08517750981042,0.025281611141487,-0.0231066098868165,0.00466092391221759
0.107842507664593,-0.171240486127187,-0.0452541746626491,0.155857700497904,0.024203405657644,-0.0260959465245364,0.000670166133867383
0.359390565572558,-0.116942197366626,-0.0319867485316823,0.217935723753932,0.0230401247363765,-0.02780067327843,-0.00498416377187523
0.567393414996514,-0.0677182464209871,-0.0255616728409089,0.25615465835148,0.0238728272655588,-0.0309987799337383,-0.0101030646902587
0.759374497574441,-0.00879842785925994,-0.0167059453538251,0.300461969360026,0.025530263825457,-0.0344685972353272,-0.0105281317028443
0.937560636888541,0.0541819234013966,-0.00760363418023173,0.364760531882495,0.0240279870652402,-0.0325515222365218,-0.00491636112784009
1.03151929694114,0.0885520586425071,-0.00628665041110614,0.391614957028211,0.020016455847313,-0.0264834862687249,0.00230203586806152
1.0521085825498,0.086600398368105,-0.00696212248950179,0.376302492130985,0.0153068141504468,-0.0188129491352113,0.00750430564290326
1.02175427111074,0.0375467503181229,-0.00697498430818681,0.323623971569053,0.0126720827179488,-0.0103772573257356,0.00896329259259123
0.91094861957852,-0.0448646142084172,-0.00627339863234539,0.229830318802605,0.0130223257612606,-0.00170581533842851,0.00724931763038341
0.708445984368798,-0.129460630015746,-0.00283400860690156,0.104192645805171,0.0154369978199374,0.00654739201042197,0.00335623340992587
0.445744886105121,-0.201618471712148,0.0024828053012966,-0.0345740572688999,0.0186130652204065,0.0143108972611072,-0.00183121075553923
0.170587046228249,-0.264365611523542,0.00556524958282299,-0.164620558833272,0.0213259163308894,0.0220177468277664,-0.00700853474231759
-0.0886704519578229,-0.302606539871089,0.00556843515337975,-0.256207911969299,0.0220919792131531,0.0289205922702369,-0.0101390551813711
-0.371330296945501,-0.26663058519534,0.00552706334413654,-0.311866581929587,0.0195954335686903,0.0337540523371449,-0.0087806831397993
-0.669155292902848,-0.160545852678778,0.00192990120314642,-0.355634243298335,0.0165123649724018,0.0368740647498898,-0.00244771283274043
-0.903538441466459,-0.0191680848125201,-0.00576608549081629,-0.366825989480673,0.0169587246497844,0.037845787047363,0.00515170786856726
-1.06800008580524,0.132538599884366,-0.0178260671125093,-0.366096326250582,0.0184356442564363,0.0332010247197076,0.0095008620410458
-1.13814357181329,0.24020326616133,-0.0235402527890934,-0.366825463519559,0.0190477598959461,0.0236901060434063,0.00881647689421358
-1.09071293570405,0.331140915177427,-0.0205437551138053,-0.314008545036612,0.0181722610895144,0.0152807035562646,0.0056899489876808
-0.947989215732937,0.424997963225826,-0.018021768042055,-0.204650090218898,0.0157064336887257,0.00924305625671557,0.00220480518550641
-0.737134021530535,0.504719537168384,-0.0166922023368545,-0.0668473146500622,0.0125923078159965,0.00413826922361402,-0.000957529186185067
