-4.62904603816185,0,-4.49579709934603
-4.62807651724508,0,-4.49769471555173
-4.62613485644442,0,-4.50148870610177
-4.62321581900372,0,-4.50717657532413
-4.61931155284809,0,-4.5147545498328
-4.61441159457519,0,-4.52421754266234
-4.60850287531193,0,-4.53555910543249
-4.60156972889836,0,-4.54877136854056
-4.59359390297949,0,-4.56384496939143
-4.58455457370699,0,-4.5807689686964
-4.5744283648755,0,-4.59953075490376
-4.5631893724435,0,-4.62011593686879
-4.55080919551447,0,-4.64250822493042
-4.53725697498019,0,-4.66668930063818
-4.52249944115866,0,-4.692638675483
-4.50650097185707,0,-4.72033353903539
-4.48922366245458,0,-4.74974859716152
-4.47062740966343,0,-4.7808559010335
-4.45067001074681,0,-4.81362466789955
-4.42930728004921,0,-4.84802109479031
-4.40649318475623,0,-4.88400816658743
-4.38218000183505,0,-4.92154546016033
-4.35631849810845,0,-4.96058894658491
-4.32885813537616,0,-5.00109079379313
-4.29974730241089,0,-5.04299917236049
-4.26893357551354,0,-5.08625806751596
-4.23636400910465,0,-5.13080710084834
-4.20198545754959,0,-5.17658136557616
-4.16574492905414,0,-5.22351127963406
-4.12758997201977,0,-5.27152246119339
-4.08746909370737,0,-5.32053563156355
-4.04533221042293,0,-5.37046655069371
-4.00113112770712,0,-5.42122599069303
-3.95482004818819,0,-5.47271975288739
-3.90635610385117,0,-5.52484873391016
-3.85569990850053,0,-5.57750904615794
-3.80281612516737,0,-5.63059219760851
-3.74767404216163,0,-5.68398533547479
-3.69024815042831,0,-5.7375715574402
-3.63051871387092,0,-5.79123029327531
-3.56847232340203,0,-5.84483775846991
-3.50410242471583,0,-5.89826748013472
-3.43740980920382,0,-5.95139089384994
-3.36840305710149,0,-6.00407800839263
-3.29709892190877,0,-6.05619813340531
-3.22352264541223,0,-6.10762066312763
-3.14770819328161,0,-6.15821590737028
-3.06969840223641,0,-6.20785595904104
-2.98954503117967,0,-6.25641558582062
-2.90730871045755,0,-6.30377313211533
-2.82305878548676,0,-6.34981141626796
-2.73687305335152,0,-6.39441860725269
-2.64883739342877,0,-6.43748906483407
-2.55904529588672,0,-6.47892412728653
-2.46759729433739,0,-6.51863283161017
-2.37460031150614,0,-6.55653255235314
-2.2801669290304,0,-6.59254954690252
-2.1844145944355,0,-6.62661939723138
-2.08746477985527,0,-6.65868734058008
-1.98944210811382,0,-6.68870848426801
-1.89047346231553,0,-6.71664790268087
-1.79068709509053,0,-6.74248061733876
-1.69021175312527,0,-6.76619146370826
-1.58917583161147,0,-6.78777485097125
-1.48770657183139,0,-6.8072344232136
-1.38592931334057,0,-6.82458263237605
-1.28396681020016,0,-6.83984023476835
-1.1819386185448,0,-6.85303572395825
-1.07996056054306,0,-6.86420471340749
-0.978144267606075,0,-6.87338928235262
-0.876596803605201,0,-6.88063729815552
-0.775420366939293,0,-6.88600172772625
-0.67471206859776,0,-6.88953994970653
-0.57456378193371,0,-6.89131307796236
-0.475062058712669,0,-6.89138530563279
-0.376288105142765,0,-6.88982327758384
-0.278317811015274,0,-6.88669549768065
-0.181221824772901,0,-6.88207177586879
-0.0850656672518789,0,-6.87602271869135
0.010090123017989,0,-6.86861926559647
0.104189819758097,0,-6.85993227223544
0.197182320480562,0,-6.85003214093201
0.289020945414994,0,-6.83898849762692
0.379663228985946,0,-6.82686991387105
0.46907070833383,0,-6.8137436718519
0.557208712686618,0,-6.79967556998333
0.644046156711627,0,-6.78472976625724
0.729555340324771,0,-6.76896865633403
0.813711756823233,0,-6.752452783223
0.896493910647281,0,-6.73524077535939
0.977883145575252,0,-6.71738930990687
1.05786348371696,0,-6.6989530981913
1.13642147529657,0,-6.67998489028927
1.21354605890636,0,-6.66053549594487
1.28922843166512,0,-6.64065381915921
1.36346192852688,0,-6.62038690398327
1.43624190985144,0,-6.59977998923818
1.50756565626469,0,-6.5788765700842
1.57743226979598,0,-6.55771846455534
1.64584258027889,0,-6.536345883369
1.71279905603224,0,-6.51479750150618
1.77830571789581,0,-6.49311053023688
1.84236805577447,0,-6.47132078843578
1.90499294693823,0,-6.44946277219473
1.96618857543189,0,-6.42756972189074
2.02596435205883,0,-6.40567368601025
2.08433083451748,0,-6.38380558116311
2.1412996473813,0,-6.36199524784219
2.19688340172023,0,-6.34027150159722
2.25109561426261,0,-6.31866217939444
2.30395062608759,0,-6.29719418102668
2.35546352091908,0,-6.27589350552198
2.40565004316169,0,-6.25478528257301
2.45452651587628,0,-6.23389379907448
2.5021097589382,0,-6.21324252091199
2.54841700765463,0,-6.19285411019322
2.59346583213962,0,-6.1727504381528
2.63727405775735,0,-6.15295259399395
2.67985968694651,0,-6.13348088995668
2.72124082273286,0,-6.1143548629212
2.76143559422426,0,-6.09559327287033
2.80046208436376,0,-6.07721409854371
2.83833826019337,0,-6.05923453062277
2.87508190585419,0,-6.04167096278737
2.91071055852027,0,-6.0245389809848
2.94524144743306,0,-6.00785335124906
2.97869143617326,0,-5.99162800640427
3.01107696827675,0,-5.9758760319803
3.04241401627273,0,-5.96060965166272
3.07271803419506,0,-5.94584021259203
3.10200391359327,0,-5.93157817082002
3.13028594304744,0,-5.91783307722402
3.15757777117198,0,-5.90461356417234
3.18389237307768,0,-5.89192733322706
3.20924202024801,0,-5.87978114416339
3.23363825377693,0,-5.86818080557761
3.25709186090883,0,-5.85713116734888
3.27961285481898,0,-5.84663611521307
3.30121045757284,0,-5.8366985676994
3.32189308620628,0,-5.82732047567362
3.34166834187502,0,-5.81850282472256
3.36054300203012,0,-5.81024564060684
3.37852301558766,0,-5.80254799799779
3.39561350107316,0,-5.79540803270406
3.41181874773602,0,-5.78882295757969
3.42714221964365,0,-5.78278908229105
3.44158656278126,0,-5.77730183710213
3.45515361519777,0,-5.77235580081761
3.4678444202532,0,-5.76794473299937
3.4796592430355,0,-5.76406161054522
3.49059759002532,0,-5.76069866868694
3.50065823209459,0,-5.75784744642956
3.50983923092869,0,-5.75549883641327
3.51813796896056,0,-5.75364313913456
3.5255511828992,0,-5.75227012141334
3.53207500092246,0,-5.75136907893843
3.53770498358485,0,-5.7509289026651
3.54243616846538,0,-5.75093814877582
3.54626311854632,0,-5.75138511185006
3.54917997427297,0,-5.75225790082137
3.55118050919551,0,-5.75354451723238
3.55225818903826,0,-5.75523293523068
3.55240623397924,0,-5.75731118268475
3.55161768385488,0,-5.75976742273876
3.54988546593283,0,-5.7625900350722
3.54720246482053,0,-5.76576769608592
3.54356159400244,0,-5.76928945720264
3.53895586842389,0,-5.7731448204493
3.53337847747022,0,-5.77732381048252
3.52682285762528,0,-5.78181704222807
3.51928276403894,0,-5.78661578333157
3.51075234018913,0,-5.79171201066112
3.50122618479415,0,-5.79709846016249
3.49069941511612,0,-5.80276866944361
3.479167725799,0,-5.80871701255478
3.46662744240497,0,-5.81493872653312
3.45307556885221,0,-5.8214299293905
3.438509828014,0,-5.82818762934061
3.42292869481435,0,-5.83520972517954
3.40633142124599,0,-5.84249499785056
3.38871805284159,0,-5.85004309333511
3.37008943624561,0,-5.85785449711331
3.35044721765939,0,-5.86593050052616
3.32979383206301,0,-5.87427315944503
3.30813248325055,0,-5.88288524570933
3.28546711484815,0,-5.89177019182971
3.26180237261299,0,-5.9009320294704
3.23714355843385,0,-5.91037532222058
3.2114965765682,0,-5.92010509314229
3.18486787275426,0,-5.93012674754259
3.15726436692933,0,-5.94044599136199
3.12869338036589,0,-5.95106874550439
3.09916255810579,0,-5.96200105635629
3.06867978763004,0,-5.97324900266102
3.03725311474844,0,-5.98481859882877
3.00489065773147,0,-5.99671569468029
2.97160052073739,0,-6.00894587154459
2.93739070761338,0,-6.02151433456194
2.90226903717193,0,-6.03442580098748
2.86624306106525,0,-6.04768438424962
2.82931998540293,0,-6.06129347349551
