-2.16589838590816,-1.60624424228473,-1.0105946931634,-0.525891129207207,-0.211063596133089,-0.0553642580530978,-0.00579928453484806
-3.24864992520095,-2.40942655315139,-1.51607042625566,-0.789035980236958,-0.316748161548352,-0.0831234462861265,-0.00871619227032494
-4.33116228930517,-3.21267833282456,-2.02175736716851,-1.05241758889923,-0.422614485033171,-0.110974399465874,-0.0116536740527266
-5.41335242672461,-4.01601812830597,-2.52772114869011,-1.31611089043009,-0.528720543248351,-0.138946526291625,-0.0146183461486109
-6.49513441788025,-4.81946051351163,-3.03402329557838,-1.58018739093235,-0.635122066751079,-0.167068218839664,-0.0176166158416162
-7.5764187370787,-5.62301506823587,-3.54072017315239,-1.84471429235064,-0.741871966711551,-0.195366591593589,-0.0206546270047964
-8.65711150056653,-6.42668533875942,-4.04786191981079,-2.10975360583235,-0.849019753995095,-0.223867216075738,-0.0237382042657565
-9.7371136979952,-7.23046777660804,-4.55549136047954,-2.37536125138333,-0.956610949298104,-0.252593850349319,-0.0268727955321485
-10.8163204047017,-8.0343506520924,-5.06364289813913,-2.64158614187651,-1.06468648315817,-0.281568162749267,-0.0300634126737539
-11.8946199723134,-8.83831293942806,-5.57234138077688,-2.90846924966537,-1.1732820848246,-0.310809449308882,-0.033314570192444
-12.971893195333,-9.6423231704645,-6.0816009413675,-3.17604265430082,-1.28242765918181,-0.34033434448168,-0.0366302217534471
-14.0480124515542,-10.4463382543465,-6.59142380881656,-3.44432857016193,-1.39214665117019,-0.370156524916457,-0.0400136945013659
-15.1228408050325,-11.25030225984,-7.10179909030733,-3.71333835577571,-1.50245539956663,-0.400286407541211,-0.0434676215719484
-16.1962311143931,-12.0541451632426,-7.61270151417703,-3.98307149237801,-1.61336247029558,-0.430730835941036,-0.0469938708212368
-17.2680250612019,-12.8577815515604,-8.1240901511794,-4.25351455481801,-1.72486798861495,-0.461492767151921,-0.0505934737447764
-18.3380521775402,-13.6611092892862,-8.63590709721327,-4.52464015417027,-1.83696295347566,-0.492570948515114,-0.0542665511602493
-19.4061288347732,-14.4640081450321,-9.14807612696877,-4.7964058640651,-1.94962854416686,-0.523959590922946,-0.0580122377074971
-20.4720572014266,-15.2663383804059,-9.6605013194021,-5.0687531315652,-2.06283542003137,-0.555648038918269,-0.0618286052724851
-21.5356241717445,-16.0679393040319,-10.1730656588554,-5.3416061765071,-2.17654301644732,-0.587620439553624,-0.0657125858995714
-22.59660026757,-16.8686277951634,-10.68562961723,-5.61487088455218,-2.29069884119385,-0.619855412412497,-0.0696598948975721
-23.6547385174219,-17.6681968031405,-11.198029724456,-5.88843370070653,-2.4052377763556,-0.652325723744414,-0.0736649549990483
-24.709773318075,-18.4664138310162,-11.7100771365908,-6.16216053177709,-2.52008139207563,-0.684997968267211,-0.0777208225981502
-25.7614192855891,-19.2630194140235,-12.2215562132314,-6.43589566813264,-2.63513727973386,-0.717832262839775,-0.0818191172686446
-26.8093701045678,-20.0577256061795,-12.732223118528,-6.70946073722341,-2.75029841350037,-0.750781956900328,-0.0859499559480663
-27.8532973864777,-20.850214491217,-13.2418044629341,-6.98265370356405,-2.86544255067262,-0.783793365288304,-0.0901018933629039
-28.892849550087,-21.6401367371655,-13.7499960058712,-7.25524793226751,-2.98043168272802,-0.81680552980764,-0.0942618704588493
-29.9276507394912,-22.4271102172374,-14.2564614426966,-7.52699133568759,-3.09511155057293,-0.849750016625683,-0.0984151727836675
-30.9572997977092,-23.2107187231393,-14.7608313026405,-7.79760562521684,-3.20931123899946,-0.882550757309843,-0.102545400940993
-31.9813693164366,-23.9905108004399,-15.2627019876542,-8.06678569271314,-3.32284286681215,-0.915123941951985,-0.106634455382759
-32.9994047851309,-24.7659987390648,-15.761634985238,-8.33419914828437,-3.43550139038595,-0.947377973380708,-0.110662537925935
-34.0109238650932,-25.5366577552161,-16.257156291159,-8.59948604312059,-3.5470645394781,-0.979213491870848,-0.114608172454385
-35.0154158164811,-26.3019254038437,-16.7487560803372,-8.8622588075785,-3.65729290484225,-1.01052347997877,-0.118448247286471
-36.0123411081059,-27.0612012630459,-17.2358886658762,-9.12210243563057,-3.76593019747463,-1.04119345710886,-0.122158081640161
-37.0011312412688,-27.8138469332032,-17.7179727870117,-9.37857494690989,-3.87270369904691,-1.07110177309652,-0.12571151849637
-37.9811888196117,-28.559186394021,-18.1943922664199,-9.63120815673325,-3.9773249221326,-1.10012000942293,-0.129081045935099
-38.9518878968176,-29.2965067617347,-18.6644970756266,-9.87950878248732,-4.07949049710584,-1.12811349560737,-0.132237948686045
-39.9125746328213,-30.0250594862569,-19.1276048439726,-10.1229599114577,-4.1788832999914,-1.15494194681529,-0.135152491186669
-40.8625682868124,-30.7440620238391,-19.5830028415378,-10.361022850442,-4.27517383200281,-1.18046022674852,-0.137794132871058
-41.8011625716064,-31.4527000146852,-20.0299504594643,-10.5931393712383,-4.36802185699383,-1.20451923744139,-0.140131775721971
-42.7276273888242,-32.1501299868288,-20.4676822022124,-10.8187343583277,-4.45707829758021,-1.22696693469255,-0.142134043312359
-43.6412109577324,-32.8354825974428,-20.8954111954594,-11.0372188558573,-4.5419873843405,-1.24764946456276,-0.143769589654902
-44.541142342596,-33.5078664107208,-21.3123332007878,-11.2479935005378,-4.62238904541409,-1.26641241274471,-0.145007435190389
-45.4266343741186,-34.1663721977843,-21.7176311142899,-11.4504523155917,-4.69792151619075,-1.28310215477435,-0.145817326208287
-46.296886950219,-34.8100777291176,-22.1104799111838,-11.6439868287991,-4.76822414090691,-1.29756729114987,-0.146170112944005
-47.1510906903442,-35.4380530143193,-22.4900519830384,-11.8279904654834,-4.83294033016605,-1.30966014762785,-0.146038140582662
-47.9884309061742,-36.0493659281414,-22.8555227989392,-12.0018631555289,-4.89172063107219,-1.31923831746909,-0.145395646469452
-48.8080918404224,-36.6430881465852,-23.206076807634,-12.1650160828459,-4.94422586021676,-1.32616621941254,-0.144219156035257
-49.6092611150296,-37.2183013030523,-23.5409134851944,-12.3168764967456,-4.990130244603,-1.33031664286245,-0.142487869345701
-50.3911343209571,-37.7741032629944,-23.8592534227824,-12.4568924980551,-5.02912451210831,-1.33157225035908,-0.140184029820196
-51.1529196631312,-38.3096143947425,-24.1603443333404,-12.5845377039125,-5.06091887017674,-1.32982700730925,-0.137293266825792
-51.8938426392051,-38.8239837837683,-24.4434669090455,-12.6993157264715,-5.08524582133886,-1.32498750816236,-0.13380490271987
-52.6131505482054,-39.3163951450095,-24.7079403189293,-12.8007643208896,-5.1018627421185,-1.31697417313112,-0.129712218653373
-53.3101168874638,-39.7860724694344,-24.9531273501527,-12.8884591842466,-5.11055419387425,-1.30572228844554,-0.125012669484692
-53.9840454371715,-40.2322851665904,-25.1784389974799,-12.962017282271,-5.11113391071768,-1.29118287457312,-0.119708046286433
-54.6342740813358,-40.6543527423112,-25.3833385121262,-13.0210996880239,-5.10344643359276,-1.27332335683918,-0.113804575767265
-55.2601782017604,-41.0516488207436,-25.5673447622628,-13.0654138519588,-5.08736836520649,-1.25212803689568,-0.107312959387298
-55.8611736446901,-41.4236045059111,-25.7300348975349,-13.0947152935403,-5.06280923397326,-1.22759835570378,-0.100248348373339
-56.4367192128212,-41.7697110315851,-25.8710462830545,-13.1088087001097,-5.02971196531732,-1.19975294954743,-0.0926302556823072
-56.9863186591776,-42.089521679823,-25.9900776973975,-13.1075484394703,-4.98805296996141,-1.1686275052219,-0.0844824071517861
-57.5095221733966,-42.3826529689474,-26.0868898095581,-13.0908385087542,-4.93784186891251,-1.13427442547069,-0.0758325356492963
-58.0059273645365,-42.6487851310041,-26.1613049685738,-13.0586319564511,-4.87912088354893,-1.09676231994483,-0.0667121234269132
-58.4751797570252,-42.887661916015,-26.2132063558441,-13.010929826459,-4.81196392616766,-1.05617534027404,-0.0571560990519594
-58.9169728272979,-43.0990897749717,-26.2425365634215,-12.9477796822096,-4.73647543134344,-1.01261238017824,-0.0472024961796384
-59.3310476176903,-43.282936485059,-26.2492956713902,-12.8692737751329,-4.65278897139943,-0.966186162886403,-0.0368920820379842
-59.717191971019,-43.4391292888213,-26.2335389037333,-12.7755469249239,-4.56106570023954,-0.917022238506585,-0.0262679638043981
-60.0752394339399,-43.5676526238657,-26.1953739448897,-12.6667741794071,-4.46149266890455,-0.865257913498492,-0.0153751810764659
-60.4050678796814,-43.6685455214247,-26.1349579988067,-12.5431683195731,-4.35428105374247,-0.811041133171083,-0.00426029240095452
-60.7065979012751,-43.7418987509809,-26.0524946690838,-12.4049772709851,-4.23966433433955,-0.754529336322315,0.00702903664277929
-60.9797910251993,-43.7878517846288,-25.9482307333099,-12.2524814766937,-4.11789645369299,-0.695888298927817,0.0184444369647748
-61.2246477927155,-43.8065896494023,-25.8224528774526,-12.0859912795617,-3.98924998786788,-0.635290981339398,0.0299372250518909
-61.4412057524495,-43.7983397289453,-25.675484447732,-11.9058443539621,-3.85401434690703,-0.572916390930587,0.0414587724798459
-61.6295374032564,-43.7633685681378,-25.5076822683273,-11.7124032186271,-3.71249402334559,-0.508948469660336,0.0529608516633823
-61.7897481214331,-43.7019787260678,-25.3194335639878,-11.506052854377,-3.56500689957237,-0.44357501372771,0.064395954627323
-61.9219741011659,-43.6145057144527,-25.1111530175446,-11.2871984428606,-3.41188262066473,-0.376986630440701,0.0757175825300717
-62.026380331941,-43.5013150505699,-24.8832799837608,-11.0562632355274,-3.25346103533981,-0.309375735674446,0.0868805045696692
-62.1031586317011,-43.3627994462128,-24.6362758731356,-10.813686555996,-3.09009070438836,-0.240935593874499,0.0978409857273065
-62.1525257499039,-43.1993761473016,-24.3706217123529,-10.5599219338727,-2.92212747342251,-0.171859401474025,0.108556983536634
-62.1747215504527,-43.0114844326702,-24.0868158821104,-10.295435363947,-2.74993310496402,-0.102339413825634,0.118988314697669
-62.1700072807417,-42.7995832752675,-23.7853720281226,-10.020703681542,-2.57387396378676,-0.0325661152716781,0.129096792875197
-62.1386639298499,-42.5641491645685,-23.4668171371318,-9.73621304257217,-2.39431974894165,0.0372725682459552,0.138846339431661
-62.0809906761958,-42.3056740853705,-23.1316897667487,-9.44245749549861,-2.21164226595506,0.106992014646749,0.148203069145921
-61.9973034227481,-42.0246636453075,-22.7805384158125,-9.13993763177374,-2.02621423321671,0.176411609697641,0.157135353167743
-61.8879334161159,-41.7216353413021,-22.4139200206148,-8.82915930144533,-1.83840811746807,0.245355409700992,0.165613861561527
-61.7532259445194,-41.3971169537163,-22.0323985617045,-8.51063238123654,-1.64859499447811,0.313652762703967,0.173611587811964
-61.5935391087007,-41.0516450561052,-21.6365437659791,-8.18486958353759,-1.45714343236348,0.381138887651557,0.181103857610537
-61.409242659263,-40.6857636281414,-21.2269298892877,-7.85238529623522,-1.2644183964934,0.447655410503619,0.188068324127348
-61.200716893666,-40.3000227594051,-20.8041345657334,-7.51369444507611,-1.07078017644157,0.51305085596103,0.194484951810507
-60.9683516061404,-39.8949774322539,-20.368737711195,-7.1693113722208,-0.876583336941845,0.577181093123672,0.200335990557679
-60.7125450840553,-39.4711863728404,-19.9213204701915,-6.81974872671185,-0.682175696210373,0.639909733155669,0.205605941883608
-60.4337031447667,-39.0292109604637,-19.4624641970315,-6.4655163646781,-0.4878973362639,0.701108476878253,0.210281518474886
-60.1322382076291,-38.5696141867712,-18.992749464134,-6.10712025915085,-0.294079650946593,0.760657410161136,0.214351598289274
-59.8085683966606,-38.0929596578044,-18.512755092415,-5.7450614213167,-0.101044438241316,0.818445245047183,0.217807174130656
-59.4631166702432,-37.5998106334486,-18.0230572006368,-5.37983483681163,0.0908969559441482,0.874369504727284,0.220641299420096
-59.0963099752077,-37.090729100446,-17.5242282725462,-5.01192842222383,0.281444434977489,0.928336650781442,0.222849030694703
-58.7085784236409,-36.5662748767091,-17.0168362424323,-4.64182200827275,0.470309882081687,0.980262151513988,0.224427367203966
-58.3003544917262,-36.0270047461694,-16.5014436013581,-4.26998635713478,0.657217816898827,1.03007049072606,0.225375187841
-57.8720722408688,-35.4734716247781,-15.9786065277104,-3.89688222206752,0.84190597112813,1.07769511687405,0.225693185545561
-57.424166562209,-34.9062237594841,-15.4488740468491,-3.52295945783054,1.02412577707171,1.12307833324183,0.225383799246822
-56.9570724463788,-34.3258039630269,-14.9127872254733,-3.14865619040701,1.20364276389933,1.16617113048711,0.224451143375661
-56.4712242809806,-33.7327488881627,-14.370878406852,-2.77439805420811,1.38023685762258,1.20693296368606,0.222900934966204
-55.9670551787391,-33.127588345473,-13.8236704932871,-2.40059750430773,1.55370258211106,1.24533147677078,0.220740418381247
-55.4449963395895,-32.5108446691828,-13.2716762820802,-2.02765321034242,1.72384915994477,1.28134217800681,0.21797828773171
-54.9054764501113,-31.8830321354312,-12.7153978608944,-1.65594953755511,1.89050051342913,1.31494807086813,0.214624607111777
-54.3489211236927,-31.2446564372106,-12.1553260677513,-1.2858561191136,2.05349516765346,1.34613924531114,0.210690728833833
-53.7757523846268,-30.5962142197333,-11.5919400200261,-0.917727522344579,2.21268605899891,1.37491243500716,0.206189209915602
-53.1863881990102,-29.9381926793356,-11.0257067157417,-0.551903009949482,2.36794025395261,1.40127054654566,0.201133727141164
-52.5812420548515,-29.2710692282057,-10.4570807092632,-0.188706395666033,2.51913858441503,1.42522216695588,0.195538991083376
-51.9607225932264,-28.5953112262814,-9.88650386221066,0.17155400773397,2.66617520686153,1.44678105610152,0.189420659533692
-51.3252332916665,-27.9113757806418,-9.31440516909289,0.528585351713543,2.80895709370428,1.4659656305787,0.182795250833376
-50.6751722002614,-27.2197096116488,-8.74120065586829,0.882110131473945,2.94740346597528,1.4827984456908,0.175680057635347
-50.0109317302219,-26.5207489840415,-8.16729334841203,1.23186598785964,3.08144517700026,1.4973056818898,0.168093061646898
-49.3328984939251,-25.8149197001744,-7.59307330674771,1.57760543883165,3.21102405705085,1.50951664177266,0.160052849909693
-48.6414531947596,-25.1026371516584,-7.01891771992613,1.91909554845888,3.3360922290533,1.51946326331374,0.151578533165021
-47.936970564444,-24.3843064248494,-6.44519105563126,2.25611754192586,3.45661140530312,1.52717965451763,0.14268966683018
-47.2198193449131,-23.6603224549495,-5.8722452579783,2.58846637537198,3.57255217480801,1.53270165410737,0.133406175077513
-46.4903623113848,-22.9310702229605,-5.3004199865563,2.9159502694657,3.68389329037598,1.53606642223983,0.123748278463109
-45.7489563328297,-22.1969249893724,-4.73004288955615,3.23839021549036,3.79062096390969,1.53731206458212,0.113736425499597
-44.9959524657897,-21.4582525582755,-4.16142990380761,3.55561946239956,3.89272817759237,1.53647729240842,0.103391228509346
-44.231696077323,-20.7154095655646,-3.59488557471875,3.86748299281087,3.99021401778475,1.53360112070294,0.0927334040330308
-43.4565269927909,-19.9687437850294,-3.03070338944028,4.17383699527983,4.0830830375285,1.52872260559764,0.0817837180062296
-42.6707796642487,-19.2185944464045,-2.46916611705287,4.47454833945966,4.17134465259853,1.52188062184593,0.0705629358555936
-41.8747833553382,-18.4652925598479,-1.91054615016381,4.76949405993984,4.25501257509262,1.51311368044686,0.0590917776078129
-41.0688623388026,-17.7091612418182,-1.35510584297455,5.05856085369989,4.33410428761587,1.5024597859971,0.0473908780505761
-40.2533361030404,-16.9505160379094,-0.803097841621281,5.34164459523895,4.40864056023076,1.4899563328656,0.0354807519359246
-39.4285195644643,-16.1896652388399,-0.254765403355188,5.61864987258171,4.47864501151875,1.47564003886236,0.02338176417348
-38.5947232828237,-15.4269101864679,0.289657298094522,5.88948954653117,4.54414371434759,1.45954691470857,0.011114104924137
-37.7522536770747,-14.6625455673994,0.829944882875931,6.15408433476591,4.60516484627099,1.44171226731044,-0.00130223052605058
-36.901413239811,-13.8968596924264,1.36588049227408,6.41236242167625,4.66173838390718,1.42217073458979,-0.0138474572574492
-36.0425007487079,-13.1301347606902,1.89725553339943,6.66425909421055,4.71389584015247,1.40095634942814,-0.0265020117400375
-35.1758114738493,-12.362647108069,2.42386944124362,6.90971640347023,4.76167004268289,1.37810263013063,-0.0392465585708363
-34.3016373802095,-11.5946674398392,2.94552945753101,7.14868285135088,4.80509495187796,1.35364269470797,-0.0520619931216684
-33.4202673249229,-10.826461048139,3.46205042537935,7.3811131011776,4.84420551605602,1.32760939620008,-0.0649294403048321
-32.5319872493019,-10.0582880151696,3.97325459845164,7.60696771102124,4.87903756173514,1.3000354762189,-0.0778302496748461
-31.6370803658404,-9.29040340339183,4.47897146304645,7.82621288820424,4.90962771651414,1.27095373386337,-0.0907459870951209
-30.7358273406686,-8.5230574342174,4.97903757142281,8.0388202633975,4.93601336209551,1.24039720714942,-0.103658423210157
-29.8285064721024,-7.75649565685669,5.4732963845864,8.24476668266662,4.95823261493417,1.20839936409716,-0.116549518977472
-28.9153938660519,-6.99095910906319,5.96159812276749,8.4440340158317,4.97632433198156,1.1749943006211,-0.129401408529582
-27.9967636091244,-6.22668447152572,6.44379962188722,8.63660897954966,4.99032813899246,1.14021694237138,-0.142196379655456
-27.0728879402832,-5.46390421760537,6.91976419442123,8.82248297359439,5.00028447886229,1.10410324767346,-0.154916852213223
-26.1440374218926,-4.70284675999638,7.38936149322676,9.00165192889052,5.00623467745609,1.06669040870579,-0.167545354811595
-25.2104811109188,-3.94373659573384,7.85246737707439,9.17411616593316,5.00822102436947,1.02801704804054,-0.180064500126259
-24.2724867309511,-3.18679445077207,8.30896377681493,9.33988026229108,5.00628686602001,0.988123407650015,-0.192456959249074
-23.3303208455731,-2.43223742513413,8.75873856130186,9.49895292793356,5.00047670840143,0.947051527453569,-0.204705435501615
-22.3842490334566,-1.68027913939449,9.20168540236342,9.65134688713159,4.99083632674002,0.904845410448987,-0.216792638179547
-21.4345360653719,-0.931129883013738,9.63770363827111,9.79707876565917,4.97741287917303,0.861551171443085,-0.228701256729558
-20.4814460831184,-0.184996764804033,10.0666981352725,9.93616898195508,4.96025502142592,0.817217166374344,-0.240413935894688
-19.5252427801848,0.557916134416854,10.488579146834,10.0686416407956,4.93941301930274,0.771894099213055,-0.251913252395517
-18.5661895837501,1.29740760713308,10.9032621702807,10.1945244278842,4.91493885563103,0.725635103440371,-0.263181693742124
-17.6045498374457,2.03327916271895,11.3106678005064,10.3138485035768,4.88688632812741,0.678495795156083,-0.27420163979319
-16.6405869841205,2.76533486976786,11.7107215803718,10.426648393753,4.85531113448651,0.630534294956733,-0.284955347692259
-15.6745647476881,3.49338119772285,12.103353847307,10.5329618756083,4.82027094085646,0.581811215871568,-0.295424940814884
-14.7067473129874,4.21722685842933,12.4884995754928,10.6328298559102,4.78182542976654,0.532389614855107,-0.305592402352355
-13.7373995024728,4.93668264824959,12.8660982128221,10.7262962390278,4.74003632353239,0.482334905622135,-0.315439574135871
-12.7667869484597,5.65156129135313,13.236093511643,10.8134077818464,4.6949673792002,0.431714730983727,-0.324948161267655
-11.7951762595843,6.3616772847411,13.5984333520822,10.8942139325142,4.6466843512211,0.380598793308829,-0.334099743071156
-10.8228351801176,7.06684674546098,13.9530695565343,10.9687666498764,4.59525491828692,0.329058642300672,-0.342875790799833
-9.85003274077261,7.76688726034743,14.2999576937212,11.0371202004353,4.54074857112462,0.277167419942874,-0.35125769245254
-8.87703939969075,8.46161773847741,14.6390568705672,11.09933092976,4.48323645855002,0.224999563234098,-0.359226784933035
-7.90412717236481,9.15085826636636,14.9703295100311,11.1554570054778,4.42279118973072,0.172630466186349,-0.366764393662286
-6.93156974936918,9.83442996576804,15.2937411129996,11.2055581293058,4.35948659140621,0.120136103497605,-0.373851879606576
-5.95964260090511,10.5121548537825,15.6092600023845,11.2496952160646,4.29339741975668,0.0675926193070335,-0.380470693524166
-4.9886230673394,11.1838557048313,15.9168570477053,11.287930038232,4.22459902769079,0.015075885476325,-0.386602437061957
-4.0187904351036,11.8493559139433,16.2165053686747,11.3203248353623,4.15316698951944,-0.0373389651153927,-0.392228930155333
-3.05042599752777,12.5084793607186,16.5081800166534,11.3469418886,4.07917668627028,-0.0895780237580496,-0.397332284004542
-2.08381310040162,13.1610502732992,16.7918576333015,11.3678430615419,4.00270285624469,-0.141569102120545,-0.401894978725389
-1.11923717227518,13.8068930917011,17.0675160863186,11.3830893098254,3.92381911678297,-0.193242231178914,-0.405899944607431
-0.156985739724687,14.4458323299396,17.3351340828335,11.3927401630161,3.84259746453894,-0.244530153858564,-0.409330645766056
0.802651571994815,15.0776924365276,17.5946907617547,11.3968531835938,3.75910776282078,-0.295368801875477,-0.412171164852836
1.759383052308,15.7022976531334,17.8461652672055,11.395483409059,3.67341722567863,-0.345697746975657,-0.414406287397937
2.71291493194983,16.3194718714512,18.0895363060272,11.3886827843455,3.58558990935797,-0.39546061674215,-0.416021584305
3.66295142202444,16.929038488673,18.3247816931937,11.3764995927942,3.49568622244303,-0.444605465386746,-0.417003491007615
4.60919476458699,17.5308202623116,18.5518778898277,11.3589778948645,3.40376246644389,-0.49308509048025,-0.417339381830457
5.55134529384026,18.1246391655415,18.7707995392991,11.3361569844941,3.30987041870078,-0.540857287400349,-0.417017638179017
6.48910150707562,18.7103162446488,18.9815190075855,11.3080708735274,3.21405696926783,-0.587885034375894,-0.41602770930898
7.42216014458512,19.287671480614,19.1840059346651,11.2747478148907,3.11636382288781,-0.634136602353734,-0.414360164597315
8.35021627790933,19.8565236572725,19.378226804151,11.2362098751775,3.01682727628454,-0.679585585470172,-0.412006736447269
9.27296340597203,20.416690238883,19.5641445386562,11.1924725670165,2.91547807980255,-0.724210849623363,-0.40896035320232
10.1900935588712,20.9679872602804,19.7417181284772,11.1435445510286,2.81234139094696,-0.767996398457244,-0.405215161711544
11.101297409333,21.5102292330564,19.9109023010971,11.0894274163538,2.70743682566788,-0.810931157918347,-0.40076653947153
12.0062643921031,22.0432290714233,20.0716472387411,11.0301155476808,2.60077861135009,-0.853008682367637,-0.395611096557804
12.9046828317931,22.5667980415185,20.2238983507684,10.9655960854564,2.49237584346942,-0.894226786957493,-0.389746667841449
13.7962400799608,23.0807457379337,20.3675961070787,10.8958489845578,2.38223284583271,-0.934587112558461,-0.383172296254304
14.6806226624179,23.5848800911715,20.5026759379662,10.8208471751984,2.27034963228784,-0.974094630892463,-0.375888208109456
15.5575164379546,24.0790074095572,20.6290682049887,10.7405568282747,2.15672246583817,-1.01275709865765,-0.367895781695045
16.4266067698144,24.5629324588651,20.7466982464751,10.6549377257792,2.04134450927335,-1.05058447028795,-0.359197510531918
17.2875787113468,25.0364585825584,20.8554865002797,10.5639437353531,1.92420655977756,-1.08758827956458,-0.349796962815153
18.140117207306,25.4993878651074,20.9553487053495,10.4675233865571,1.80529785853151,-1.12378100058635,-0.339698738642916
18.9839073122313,25.9515213403334,21.0461961826152,10.3656205450339,1.68460696510048,-1.15917539862396,-0.328908426672686
19.8186344272577,26.392659246155,21.1279361946639,10.2581751794351,1.56212268540843,-1.19378388115481,-0.317432561835497
20.6439845565459,26.8226013264831,21.2004723826266,10.1451242147893,1.43783504132994,-1.2276178589331,-0.305278585685647
21.4596445843005,27.2411471803352,21.2637052777114,10.0264024649129,1.31173626937478,-1.26068712633507,-0.292454810870084
22.2653025730571,27.6480966575221,21.3175328838469,9.9019436354814,1.18382183557136,-1.29299926947778,-0.278970391072891
23.0606480835794,28.0432502995139,21.3618513269651,9.77168138849244,1.054091453449,-1.3245591097866,-0.26483529763106
23.8453725163051,28.4264098233115,21.3965555655438,9.63555045803123,0.922550091945146,-1.35536818982955,-0.250060303833985
24.619169473831,28.7973786453457,21.4215401561386,9.49348780648532,0.789208960092887,-1.38542430738776,-0.234656977716294
25.3817351434404,29.1559624416072,21.4367000667645,9.34543380962827,0.654086455451164,-1.41472110292878,-0.218637683937774
26.132768698143,29.5019697393687,21.4419315301198,9.19133345829089,0.517209063403763,-1.44324770492516,-0.202015595120731
26.8719727141482,29.8352125350204,21.4371329277912,9.03113756365499,0.378612194656708,-1.47098843683931,-0.184804712789543
27.5990536021192,30.1555069316994,21.4222056957395,8.86480395254467,0.238340948504225,-1.49792258909229,-0.167019897834495
