0.0592968225,-1.5690860141,-1.4795687841,-0.137132142,-1.09768027,0.135447267,0.0749668433
0.0614316222487137,-1.5690989716421,-1.47798698344507,-0.129017465383342,-1.09942365401464,0.128719969748364,0.0275163233895087
0.0656785970818351,-1.56914836456405,-1.4747140354496,-0.112956001514685,-1.10301601962813,0.115652055507801,-0.062756274722018
0.071991537059906,-1.56928283147707,-1.46955549282809,-0.0892922222584779,-1.10858815805444,0.0969466815663763,-0.186338463077502
0.0803030364625174,-1.56957647270091,-1.46232706523054,-0.0585487978479262,-1.11617052165772,0.0734657506089327,-0.328889788423808
0.0905346351833247,-1.57012249531778,-1.45308510829844,-0.0214044961669337,-1.12557004759197,0.0460170749310872,-0.472370003986014
0.100469830840085,-1.57087159985289,-1.44300854831997,0.0134022655973891,-1.13420375252752,0.0201005373141221,-0.556856412999752
0.110042953176561,-1.57181397159218,-1.43252406605113,0.0452843514434077,-1.14173584428151,-0.00446314844442779,-0.576380718793074
0.11918838880503,-1.57292836237389,-1.42202408897756,0.073699163906284,-1.14788478414772,-0.0273209583533197,-0.53157017197844
0.127840115012541,-1.57418304392194,-1.41177282808307,0.0981639586315572,-1.15245336738818,-0.0475782912587673,-0.428996658334929
0.135938272416528,-1.57552836435506,-1.40187652976536,0.118282079418518,-1.1554717494186,-0.0639689541103131,-0.280375548675352
0.143461043731284,-1.57689140338062,-1.39230414847515,0.133937347377459,-1.15737711954581,-0.0753490906374749,-0.102996761186622
0.150311429629688,-1.5781657469265,-1.38284169111173,0.144512742381569,-1.15895346356224,-0.0806297446684867,0.0848780254933278
0.156926747706787,-1.57937222629369,-1.37362791163049,0.153105015814305,-1.16077496858749,-0.0822939531046551,0.26769687236233
0.161369592389975,-1.57984272017274,-1.3628726592986,0.147050917888621,-1.16644476528722,-0.0728960451630728,0.3597290292554
0.161501256566736,-1.57872340314802,-1.3482475141289,0.114058553741099,-1.18086707033877,-0.0469902233360713,0.240244332129243
0.16117152059178,-1.57725413494696,-1.33152587369595,0.0784243653186467,-1.19738667273962,-0.0185042541028707,0.102832797163088
0.158162973344086,-1.57477457303787,-1.31229721911505,0.0295245552214427,-1.21709716831383,0.0199114525550314,-0.0679797241796913
0.150493515321071,-1.57095072056086,-1.29267280700052,-0.0385246016732967,-1.23703896333986,0.0704308884398245,-0.181236263086662
0.142612581949105,-1.56670435896485,-1.27546622806307,-0.107324381407615,-1.25679889951465,0.121041235093655,-0.27618717681763
0.133309863370139,-1.56211854039471,-1.26248823973671,-0.178782892639981,-1.27411303742537,0.17069303022393,-0.288619926597233
0.119949855635667,-1.55740729257013,-1.25401156765616,-0.251367880626478,-1.28541134775141,0.213577508212412,-0.0671729661352184
0.103307154214638,-1.55280929703057,-1.24854239274581,-0.317067777755571,-1.29383730031243,0.248945627320437,0.268085151736888
0.0845490381426141,-1.5482861634071,-1.24563076908619,-0.367730112783345,-1.30357845845916,0.272997441376756,0.521336728384828
0.0647859333909408,-1.54381837905702,-1.24489585021307,-0.3974281469861,-1.31564299194295,0.279958290270612,0.562655374190349
0.0450124392629596,-1.53963503529255,-1.24498323013972,-0.402826194909736,-1.33007698605782,0.269449346844279,0.384575451393663
0.026048410842007,-1.53617860995665,-1.2436304895279,-0.383292203347817,-1.34688020773659,0.245902098465422,0.0865936130425077
0.00838064710121927,-1.53393225466767,-1.23824223534041,-0.341367609880818,-1.36384811956042,0.212449851191817,-0.167069399388769
-0.00751704994525594,-1.53315968351696,-1.22629725265072,-0.281385593905934,-1.37903129339004,0.168675087738771,-0.234961266371084
-0.0209518238352714,-1.53398428307004,-1.20377429151777,-0.20834968248609,-1.39391768336074,0.118138256733319,-0.0851281181324314
-0.0309748731353564,-1.53652339452613,-1.16467858423555,-0.127466832794411,-1.4142802767233,0.07144664909362,0.181145658321044
-0.0363481096870757,-1.54093785346544,-1.1064533012065,-0.0437836037546043,-1.44763938539903,0.0370153635668926,0.383968317830974
-0.0360830622637515,-1.54733654213929,-1.03954190743769,0.0366332699979796,-1.49338316376208,0.0155709740114224,0.381521401233594
-0.0300928014509742,-1.55509021866937,-0.979998646053244,0.106762841823997,-1.54348057304269,0.00684157358932927,0.159237192783995
-0.0192004894685758,-1.56318812887201,-0.931630901497523,0.159448822213818,-1.59175205012524,0.0134306470263162,-0.158993189010602
-0.00472309054910983,-1.57094526075782,-0.889713408179036,0.188311779661856,-1.63399548635546,0.0329762760830651,-0.390083292853406
0.0120123279861279,-1.57774109001646,-0.848586737368513,0.189763976016802,-1.66995241880289,0.0573729404476342,-0.412763768176306
0.029801460583375,-1.58282743941578,-0.80314282986977,0.163365217328996,-1.70278563906179,0.0822337235661991,-0.216973081829443
0.0475940492670991,-1.58532835958915,-0.749118397787049,0.111716650983951,-1.73750877029687,0.10737702451137,0.0967445761891048
0.0643914443633306,-1.58424360651492,-0.684983418030433,0.0404234847829775,-1.77947962985862,0.128185712527938,0.351656724834857
0.0789031443313974,-1.57886030144412,-0.617737078939175,-0.0436239463270539,-1.82701932466124,0.134998651535957,0.400510087803483
0.0902673101096138,-1.56948383735966,-0.565659204064449,-0.133348026283351,-1.87042955615026,0.126538340388669,0.224451259826072
0.0984133782226294,-1.55738748241216,-0.536439672101766,-0.222216033542272,-1.90444228923763,0.112162151514953,-0.052691639514251
0.106051414603132,-1.54511647601402,-0.516965234213865,-0.311195357038426,-1.93235807321466,0.100979768971972,-0.320150356510727
0.112415709057599,-1.53275370018844,-0.505575740006765,-0.397617005595274,-1.9533445069528,0.0910142040247304,-0.496468026503331
0.114281593092248,-1.52053373489141,-0.505390901326914,-0.464945349022164,-1.96319433917786,0.073960208971439,-0.302336223271103
0.111699903840831,-1.50908591189233,-0.512813256475826,-0.507277126333128,-1.96476439611338,0.0588162041567796,0.162654950704472
0.105482646646318,-1.49860782280531,-0.525236121805137,-0.51906706441514,-1.96608417382503,0.0558238977878072,0.637220518267914
0.0966342558411653,-1.48901550719359,-0.541759048752822,-0.497362912701474,-1.97207756759194,0.0561252529775676,0.866307164019608
0.0857143444521685,-1.48068440998143,-0.563033224579897,-0.444264206903408,-1.98066305131811,0.0508263501583544,0.727883314909059
0.073327863446227,-1.47422763381388,-0.589411483046552,-0.364569532319436,-1.99365044697715,0.0452391274010712,0.261268814289986
0.0593976065900717,-1.47045305082799,-0.623642324419069,-0.266682425887476,-2.00593899898513,0.0518066815367537,-0.287913487748729
0.0432104141878471,-1.46966210285072,-0.673497686676074,-0.161814827304945,-2.00389442700905,0.0612302555964027,-0.585293630127854
0.0247835865784969,-1.47115029415946,-0.745273201960607,-0.0597770486734658,-1.98271868933114,0.0587481431590811,-0.48372662899889
0.00461674149303647,-1.47398306788721,-0.829235955587426,0.0305940664359258,-1.94712785725614,0.0475696484272847,-0.0692963378369198
-0.0151138755661772,-1.47798926290956,-0.904262046486095,0.10479562223979,-1.91371057970112,0.0400248882244381,0.400931233210678
-0.0317172148713574,-1.48382592882292,-0.969049814099089,0.161071667036626,-1.89255035443899,0.0333313115680896,0.643071668374495
-0.0437868294264755,-1.49209750599192,-1.03079516288836,0.196031807899905,-1.88233693323767,0.0198295137407339,0.52412801334504
-0.0504063577397576,-1.5029905976754,-1.09752906312787,0.207190251420874,-1.87906713092433,0.00728051513963053,0.104861113959766
-0.0514941493535263,-1.51651299004784,-1.17518484547088,0.192253791078263,-1.87316455355552,0.0106121790061865,-0.382141683543886
-0.0477261309357705,-1.5327582519173,-1.26756152890737,0.150177266757723,-1.85157753702771,0.0272815613215846,-0.655406260040854
-0.0393958685938723,-1.55188566246752,-1.37886792144456,0.0847896097098032,-1.80902460015442,0.0459905177741275,-0.551932984453021
-0.0268641951154227,-1.57426653907183,-1.5058669065647,0.0018362525115607,-1.7473316599183,0.0718962006252293,-0.0960426238115563
-0.0103309413023131,-1.60024468710677,-1.63246674311392,-0.0910414011284994,-1.68295388945071,0.121067511700171,0.461112497959003
0.0100258323310375,-1.62881840583356,-1.73852705833246,-0.184197718524378,-1.63924923688373,0.181678932975745,0.774358177937669
0.0332010322210272,-1.65741392273002,-1.82032148837617,-0.269993068180609,-1.61604150870425,0.232794026324211,0.685980579484867
0.0579857232076594,-1.68396212483966,-1.88579921810193,-0.341402311811701,-1.60710413134271,0.274045545293584,0.266501294610907
0.0825599680093226,-1.70699258835379,-1.94135185725011,-0.395463149110088,-1.60540465732472,0.312750938588279,-0.230810110541883
0.105058618844726,-1.72487736346349,-1.99381189689348,-0.432820403063406,-1.60058360859444,0.340188939114657,-0.508210121942908
0.124490313833244,-1.73636281546801,-2.04954746645795,-0.452385490894906,-1.58967813884144,0.343095842858065,-0.42259888159352
0.139788441591143,-1.74090384144367,-2.11136575561701,-0.453644137637851,-1.57070301736528,0.323976509771791,-0.0194158190056131
0.15030389889427,-1.73873036076491,-2.18154396434653,-0.435692077528572,-1.54487483023423,0.29449722715345,0.485506364658713
0.160740952592012,-1.73660703542897,-2.25875449197945,-0.418031402218999,-1.51859698705673,0.273947679563846,0.971291212448481
0.171434271759826,-1.73456829494963,-2.34466215773493,-0.40016558526468,-1.49328560157757,0.257101237112117,1.43116369843886
0.182572744522091,-1.73257584904552,-2.43982505723421,-0.382424931043064,-1.46844682106917,0.23886094643272,1.86960567839287
0.187655404053217,-1.7246491563697,-2.54095173085921,-0.354917889414335,-1.43313417202283,0.201116108002263,1.65746719177798
0.186762099772929,-1.71246302072223,-2.64736366005559,-0.316493210908825,-1.40259960518596,0.146244888400177,0.814587393595177
0.179976371906184,-1.6978683291888,-2.75367234025969,-0.263288594145002,-1.39730644187021,0.117422614930032,-0.408605001964269
0.16506898753067,-1.67782610845633,-2.85101357242456,-0.211161187798859,-1.38149240235991,0.12766965383367,-1.33369748165974
0.143311015182769,-1.65355572607985,-2.94856094977644,-0.161655347938995,-1.35179835029476,0.125139989666397,-1.64950295721925
0.116519092890567,-1.62770376297039,-3.05209597499289,-0.113160968787018,-1.31933342607871,0.0970323220206191,-1.29994951375125
0.0851802279380761,-1.60040180765977,-3.15308130903738,-0.0750382736123626,-1.27138239514587,0.0527916823925732,-0.338121790505888
0.0502320566553599,-1.57297376305758,-3.250665264406,-0.0478902741823758,-1.20949780274235,0.0533734177397229,0.868022959968323
0.0143899153221077,-1.55008860051375,-3.36152104563498,-0.0178816283402319,-1.16924142847575,0.0747931534920198,1.62563301491639
-0.0213633458524213,-1.53128380925108,-3.47473194797026,0.00689123496565377,-1.13554144057228,0.0738017163513075,1.72909489775457
-0.0555213427853183,-1.51719793863328,-3.58738298225761,0.0221240223440057,-1.09987209090163,0.0536561104876705,1.16917787205261
-0.086403348914184,-1.51091908422178,-3.70668835610032,0.0336894709651403,-1.08130666160397,0.0379220691241461,0.0773693148938115
-0.114716794065416,-1.51033214427495,-3.83391124416556,0.0340819923682069,-1.06374148818114,0.0933470672485524,-1.0435769823993
-0.140051096472542,-1.51163548534349,-3.96284388905555,0.0141029509884103,-1.01615616354311,0.175575603004603,-1.64844952407252
-0.160560084583846,-1.51674138300592,-4.09691693976369,-0.020384272074511,-0.965403062060033,0.245881070433928,-1.6076257455688
-0.175209482579304,-1.52458738376157,-4.23354864756236,-0.0686838782230549,-0.914161929486897,0.300922692109113,-0.931153315992975
-0.183563540460715,-1.53129162164522,-4.35504912519991,-0.132981297037024,-0.848887592877941,0.370712117429335,0.227153974778122
-0.187250047935748,-1.53903566876702,-4.46780897441424,-0.199597987144634,-0.803672455991298,0.471455756139934,1.2685285017621
-0.18568626605707,-1.54975859367054,-4.5740417894734,-0.264741120834883,-0.77567851057368,0.552368287021792,1.76702946075527
-0.1773913293156,-1.56165220265359,-4.66127700311336,-0.328591138576278,-0.748877841409228,0.616999538904404,1.63818302627413
-0.162986417207537,-1.57473816978514,-4.73974220716944,-0.381674550963553,-0.727137764473151,0.660836180919885,0.907247114574362
-0.144810423498479,-1.5885413323488,-4.81485580872401,-0.409412875334751,-0.72038780095857,0.694643963542249,-0.187346125740656
-0.121880252945729,-1.59926611737039,-4.86542516387137,-0.413104626258636,-0.715631699768649,0.720285857964106,-1.12704445322655
-0.0937261445984784,-1.60705670655447,-4.90246700767759,-0.398911160534421,-0.707466687337813,0.714616618755102,-1.59845059975441
-0.0626789089568776,-1.61311972831144,-4.94290314177431,-0.36457132147517,-0.701253734020243,0.679453166053112,-1.51477656420792
-0.0303007168327003,-1.6167343411097,-4.98681311246088,-0.313170771498396,-0.692347719867622,0.611261837316305,-0.8689665586439
0.0027145944382696,-1.61562321661343,-5.01806459912779,-0.248931944493416,-0.67193506321298,0.521392554648964,0.199883064176262
0.0329430053080419,-1.61132097315812,-5.05401628787674,-0.165720626999005,-0.650609740238989,0.43332719732963,1.19731338438501
0.0582615672626835,-1.60740190516216,-5.12147020819732,-0.0705973863414592,-0.626221820422529,0.321879749300709,1.66523306113155
0.0781649878925617,-1.60371928552646,-5.20290008530391,0.0225601607561175,-0.591793197103291,0.183305630865347,1.45184269762368
0.0897252708100544,-1.60052980985779,-5.2798127030352,0.108484939104826,-0.568751990416726,0.026030858802558,0.591828337755281
0.0913263258416283,-1.5968948338286,-5.33969593256355,0.182594835494364,-0.58219474318365,-0.0932052160353332,-0.589517179418697
0.0883222994749525,-1.5897785385752,-5.39665047117085,0.231410786045875,-0.57998159562912,-0.147364195251406,-1.42545435434975
0.0807081890884938,-1.57985704142976,-5.44886168039629,0.253383656728184,-0.564762706220867,-0.199349788257244,-1.65469030166737
0.0679745841939636,-1.5678021870515,-5.4955662840601,0.248031741361289,-0.548113156816315,-0.261349094718684,-1.25033696174308
0.0529284719589705,-1.55319879194805,-5.55068269941421,0.212035004707758,-0.503626752308328,-0.306546337059133,-0.307781880425569
0.0356597910397416,-1.53721989517667,-5.61454037387508,0.144166347954684,-0.441230432080934,-0.256869698243751,0.794116494044678
0.0133776895301902,-1.5209909988342,-5.68650261400271,0.0542627558568703,-0.404006039399848,-0.154674719048337,1.4744667366003
-0.00951170909881778,-1.50341473260597,-5.77427827966724,-0.0507648898714624,-0.374245418891866,-0.0599892767586597,1.47115509390874
-0.0310551920923109,-1.4856156428039,-5.85471473290282,-0.16104716216407,-0.365540100616045,0.0262910753559345,0.767022160891114
-0.0526910738718298,-1.46945958415396,-5.92402737137502,-0.26499635112523,-0.390069333251208,0.158205892376598,-0.386681041144431
-0.0699748685158676,-1.45483861929635,-5.95485562718183,-0.360135619852508,-0.411618782054139,0.336405670885668,-1.27231621007721
-0.0829151866396464,-1.44280079385953,-5.96538374928023,-0.441975394564575,-0.426398251009639,0.494499213160613,-1.5408122965669
-0.0923253178708947,-1.43479816964018,-5.97270264535642,-0.502732636637469,-0.44133105002233,0.620429069683994,-1.16996103719852
-0.0962735858193318,-1.43150013305652,-5.96881203230117,-0.538277169689274,-0.4500977481109,0.716416148200675,-0.275218660442332
-0.0946192410331737,-1.43181652423709,-5.95093948932619,-0.538196569540046,-0.459470254639143,0.798258367593702,0.794519948365005
-0.0906493415038495,-1.43539437511569,-5.93756126779771,-0.498877867805095,-0.478252968709652,0.855283062226444,1.5845283690557
-0.083999315581863,-1.44342313177756,-5.92563238130253,-0.431615473951167,-0.49736275938634,0.884667490754148,1.88107829330701
-0.0739028894633825,-1.45594882276494,-5.90512307336292,-0.345830885070981,-0.511211626645324,0.903219453372053,1.64718667115739
-0.0618803776998508,-1.47220393758034,-5.878779510666,-0.248375353076308,-0.521465350123912,0.899362223702052,0.909686199734416
-0.0496687643564627,-1.48971172620478,-5.85056874373646,-0.139168824199665,-0.539181363094072,0.859415601194496,-0.183531853657017
-0.0328823050810169,-1.50586304016727,-5.79223652807877,-0.0254356040115368,-0.573038986665619,0.799093789972806,-1.21031739718841
-0.0103367056808887,-1.52188729930429,-5.72404073097203,0.074775789334503,-0.607185862545328,0.717727896075506,-1.7428016650419
0.0130852818470308,-1.53839934161307,-5.66564396508212,0.154688078329464,-0.650533679448361,0.630742016049622,-1.71285417966343
0.0355212490620052,-1.55476047870757,-5.61675307483893,0.207581118512684,-0.701756957197337,0.538091604778413,-1.13311739631871
0.057748496573366,-1.56895038203035,-5.58596126331646,0.227572137994651,-0.731754823506308,0.439281157765455,-0.089196365916921
0.0760593068478327,-1.57924122573431,-5.56321588520407,0.220836823212585,-0.752538187918161,0.367034055816183,0.989505054772342
0.0864006217652076,-1.58783161104657,-5.52206325290247,0.191536587274895,-0.792149673681714,0.2906356245347,1.6075874555802
0.0902051567138502,-1.5950832945532,-5.4622202222678,0.1375098163056,-0.831580991589216,0.196724789659074,1.60525390703833
0.0867493435208974,-1.60079024706115,-5.38259438201125,0.0674223353473048,-0.880975338512127,0.0844229010623728,0.960077144467088
0.0735125811426479,-1.60553719908293,-5.2912205022733,-0.0052692659334286,-0.964010436227319,-0.0158615857157255,-0.13092201371913
0.0541994183397343,-1.60935304548722,-5.20581110651083,-0.0867943814030012,-1.04355662366827,-0.0610442366786944,-1.10844704482686
0.031376916339864,-1.61172136871054,-5.13285726563137,-0.175890789516362,-1.09754104568648,-0.102598259096251,-1.51039216694321
0.00501083284462718,-1.6118868558075,-5.07632872634726,-0.257567516146092,-1.13388908255063,-0.166587703254449,-1.22402223161705
-0.0220516980105279,-1.60921491856475,-5.02258133521722,-0.327302346471947,-1.14443610448154,-0.231518557393792,-0.320720977526164
-0.0482072133630004,-1.60490318500211,-4.97083603755245,-0.381803302377944,-1.13897018062818,-0.225128780657804,0.826678510327158
-0.0760811265955343,-1.59897265509702,-4.92801103249111,-0.40757659605271,-1.16101096478782,-0.17366072356941,1.61859799721561
-0.103786024681268,-1.59058651112986,-4.88236016051357,-0.406907063043233,-1.20465044728206,-0.138453502047213,1.82906569391328
-0.128926388614296,-1.58026321485115,-4.82865783087459,-0.384678527662013,-1.25804046084728,-0.128605917865879,1.40287831861506
-0.151692134160525,-1.56909543039808,-4.77255737076522,-0.3386950671791,-1.33431416904464,-0.12547968286231,0.387282605985962
-0.169893990902586,-1.55786129658279,-4.71264110649342,-0.274983499496905,-1.42888864796764,-0.0528936083741867,-0.799203535492402
-0.179986607004306,-1.54584972221332,-4.6276208581332,-0.210438194294461,-1.50462283619632,0.0579065470019271,-1.46494970989168
-0.183575882689196,-1.53390850102478,-4.51766549370285,-0.146369856263853,-1.58165957810589,0.152901950091244,-1.45633607764273
-0.180521737232087,-1.52322813436689,-4.38762622441208,-0.0908093593585472,-1.66454416327393,0.233650206406174,-0.807838064647571
-0.169733814404282,-1.51378733611241,-4.23747574897883,-0.0543016087174167,-1.74276732579107,0.332675997540593,0.281340233134574
-0.155284300249524,-1.50514736921352,-4.08280808098101,-0.0267019639781594,-1.8378741263113,0.469458120543372,1.27514770177689
-0.137724963288836,-1.50036031938203,-3.94094738386814,-0.0032273928676472,-1.93777742659522,0.596960693160013,1.76512701787934
-0.114638083875458,-1.50148373878033,-3.80432542545081,0.00928787633464535,-2.02029095615113,0.715479224804152,1.72182050385931
-0.0863372662841717,-1.50937452516615,-3.66697352746718,0.011712117404916,-2.08801623389794,0.820432779719868,1.18817178586305
-0.0559743091628557,-1.52359702020862,-3.53094532068305,0.00912434999225085,-2.15365471751264,0.892186063224301,0.266798575431905
-0.0256191531428003,-1.54145244488653,-3.40009081856134,-0.00484425854472522,-2.2160607197329,0.92659783365935,-0.721442167697622
0.00755283372482724,-1.56205144429591,-3.27635126728068,-0.0346513073387868,-2.27461112728994,0.913557823148897,-1.47405384282648
0.0432832666739045,-1.58584107005004,-3.16523699038852,-0.0720316299489319,-2.33822628632737,0.871942222171075,-1.85130850589418
0.0786049979072868,-1.61218380938315,-3.06570842766471,-0.110653456076536,-2.41448043099323,0.829656517129965,-1.80673773987388
0.111815084374749,-1.63947711628163,-2.97496585880307,-0.148535953171715,-2.5033325340814,0.781968209766763,-1.312303049949
0.142512797596345,-1.66462688140022,-2.89347569585488,-0.189136870905359,-2.59117702705743,0.703967918879292,-0.38998205003761
0.167596236067104,-1.68533473330994,-2.80997125828608,-0.236579683706955,-2.6743966078248,0.601596479605387,0.69640727866801
0.184200449151171,-1.70400246669957,-2.70857754787576,-0.281456747075127,-2.76768054635141,0.478014776924886,1.49295516563637
0.193987567501613,-1.72022887367308,-2.60221304589988,-0.318499926573556,-2.85362867246001,0.33039174473812,1.75607351692186
0.197252056177829,-1.73199763547299,-2.49970947063305,-0.347729106281308,-2.92351198037827,0.166370489008061,1.41624196724194
0.191931023332262,-1.73943137801812,-2.39232500892364,-0.368639883002548,-3.00512162479674,-0.0143252610403673,0.490079717331047
0.177584009856262,-1.74184091712413,-2.27901333819632,-0.38097146709141,-3.11505869012925,-0.160443828756717,-0.714575084244346
0.1587874945548,-1.73585210493726,-2.18089320155341,-0.381513998855435,-3.20622110803523,-0.263139912731648,-1.51732699586807
0.1355061600184,-1.72284280452603,-2.08720159693389,-0.370239121676127,-3.29161902161895,-0.375207507629305,-1.69409072976662
0.108107988518997,-1.70376552662318,-1.99259514170967,-0.349199840877936,-3.37677450758268,-0.502873703535637,-1.22890084010634
0.0792034452005956,-1.67768907997094,-1.90613182116751,-0.317148318843999,-3.43422947310444,-0.609146825216967,-0.237842347015755
0.050135193023148,-1.64792978153464,-1.81417602546633,-0.268288821317447,-3.48308432778013,-0.603696370067108,0.864068020432535
0.0195309611699033,-1.61877643542203,-1.69728259566408,-0.210776202052934,-3.57144171553788,-0.534925445090445,1.56483911870982
-0.0106836207317217,-1.58950352671845,-1.5590338733048,-0.150985121769348,-3.68610917157768,-0.475381897678568,1.64755038082547
-0.0382294084027667,-1.56170967184097,-1.39435942541954,-0.0933326843743018,-3.82357547790825,-0.435069654549393,1.08972235523398
-0.0611074185385011,-1.5403778384054,-1.20073907057827,-0.0446553404550897,-3.99946047178721,-0.373308332766748,0.0502806030536139
-0.0759348695073809,-1.52443728656456,-0.984500065012217,-0.000985524366395593,-4.18641336374051,-0.2273322077139,-0.981895920033687
-0.0825626128245294,-1.51005114010407,-0.752718484057033,0.0409016879207114,-4.35661362338784,-0.0616719008397804,-1.52917014903329
-0.0810469984346945,-1.49880220076863,-0.532052891204273,0.0733092376505152,-4.52245461696213,0.0789719910025296,-1.43064141708871
-0.0711618510000497,-1.48987906366756,-0.327276125360612,0.094407122806931,-4.68341590493112,0.198487006275392,-0.716423799778291
-0.0545162586622654,-1.4809735299113,-0.120278953264372,0.105119427328443,-4.8388399521148,0.330732601941817,0.364374223406299
-0.0363302055897319,-1.47428198426218,0.101280421150737,0.0923974314232435,-5.02160673383558,0.483418481590635,1.21567359551504
-0.0189079871904614,-1.47119713168989,0.336345398727917,0.055678928321734,-5.21814831624546,0.625193139639721,1.55137969990921
-0.00393182767382613,-1.47196962633919,0.581764984620149,0.000284596757783882,-5.40982956589005,0.754920896424408,1.31914852409782
0.00582000843714256,-1.47965336468989,0.81792638350267,-0.0732700458750046,-5.59672187069848,0.866057850034419,0.559147632808812
0.00800695799084407,-1.49635845638507,1.00730883470786,-0.155708535226519,-5.76195320551246,0.957265385104723,-0.410549532694149
0.00509229707554778,-1.51712645603367,1.14439734303054,-0.233442734888423,-5.89093124074822,1.00490913371123,-1.14420382787852
7.82722037934463e-05,-1.53950632883853,1.24327370855429,-0.304533509854993,-6.00016007859633,1.00665925693866,-1.47458986126061
-0.00607885436750603,-1.56304439465038,1.31531605216813,-0.36392719303347,-6.10112672652937,0.973245594321671,-1.34904662273194
-0.0132448610091435,-1.58604419410038,1.37765488346265,-0.403894672367845,-6.19815658064274,0.897300857239421,-0.783638808259355
-0.0220231419024062,-1.60642240181337,1.44624837541902,-0.416176778870463,-6.29026235310959,0.775688405879108,0.0749954801173992
-0.0325215970890233,-1.62475879524703,1.5178472441194,-0.39831859456874,-6.37852066980873,0.621508276967259,0.898373116914206
-0.0433449812586806,-1.64158936130974,1.59135317762617,-0.357577375734839,-6.47047574668764,0.434388620749099,1.30662370251268
-0.0539544598953209,-1.65523212615624,1.68271401088105,-0.300189354196974,-6.57252203141391,0.213481229563761,1.11901430655844
-0.0647939571001958,-1.66529936072135,1.79708617034499,-0.229601222307143,-6.70118476786157,-0.0254458681503325,0.354318878763872
-0.0752024903324826,-1.67027755168975,1.94513315487007,-0.153322105786201,-6.86640427748114,-0.219645076143745,-0.637633141861027
-0.0846048737969387,-1.66631738320502,2.16130035493836,-0.0858546656255967,-7.04402096918137,-0.350129681111178,-1.27306456960924
-0.0947727056895508,-1.65418686430703,2.4409622968681,-0.0314502984266226,-7.22791652421806,-0.465770474773689,-1.34279090841206
-0.106504209846099,-1.63618634916157,2.7543058097505,0.00759666191409392,-7.40339566427148,-0.566604542174235,-0.854110743448375
-0.117612113742158,-1.61489629737089,3.07384939154146,0.0274689220888397,-7.55323940440609,-0.602257486389588,0.0284221373506967
-0.123104386348479,-1.59380903313329,3.38504519784257,0.0336621324494878,-7.70175011774975,-0.532221014194047,0.923333728450659
-0.121750995248682,-1.57500195788275,3.6834596639167,0.0350268684072021,-7.87154151071033,-0.417277917538257,1.39225125772969
-0.113439214883509,-1.55821596548186,3.97278499028791,0.0304485527016034,-8.05366341225595,-0.306612091521367,1.27023242380958
-0.097001641120739,-1.54366441275013,4.25479322720494,0.0233735141023984,-8.24993928186576,-0.20011546199903,0.583755416043389
-0.0718059882463686,-1.53125588210217,4.53471565221888,0.0158602173971237,-8.46126848426462,-0.0524478801869037,-0.415162141139403
-0.0408050054928201,-1.51806428196044,4.82976199303629,-0.00410778929868952,-8.66244946579585,0.120046248225763,-1.1694972767429
-0.00648993718676311,-1.50308884610178,5.12747669237666,-0.0377566681504065,-8.85703218636803,0.26223191248221,-1.36973824648322
0.0284998055206774,-1.48611517164991,5.40790477908628,-0.0821365117632552,-9.04819622693398,0.370464072189978,-0.986080509852415
0.0594801042542799,-1.46730207728721,5.64873904123394,-0.138810440385124,-9.21965622487195,0.453723599539231,-0.187799969390048
0.0855658189624032,-1.45026949501687,5.83599985807714,-0.208077467473958,-9.36761512118916,0.52125057118226,0.653105482227231
0.108755291795628,-1.43698050336873,5.98013623126243,-0.282594873959432,-9.49789302364768,0.558734590712842,1.16437250949063
0.12805370518457,-1.42700678020974,6.08767434860742,-0.35081567158933,-9.60079344237735,0.557205025385383,1.16569839715728
0.142788334099556,-1.42100106174504,6.16890818616326,-0.404613975109811,-9.68195403533386,0.517752707709136,0.659630551611859
0.152668241612401,-1.42068602406473,6.23393326812158,-0.442887826090895,-9.76154893740544,0.449077895444686,-0.188969282788073
0.155039212777702,-1.42608225860012,6.27697794997553,-0.462049230483991,-9.83561561293556,0.369684938257025,-0.975369622794006
0.149308510317074,-1.43513102287614,6.29884610110223,-0.454359614602273,-9.9044778900487,0.275446036287079,-1.36406758647184
0.136866822153007,-1.44711424459498,6.30647559063431,-0.419822000508865,-9.97902914668548,0.162419462632567,-1.2318510058103
0.117709809914973,-1.46153342917471,6.29546768620434,-0.361863833272312,-10.0438498629833,0.0311418474871188,-0.583457355259823
0.0920926230777797,-1.47803309202253,6.26010446801782,-0.284335291695781,-10.079241160484,-0.0856890617025574,0.346261595956663
0.0636349585551044,-1.49710340614852,6.20897629820749,-0.195377566816672,-10.1105886803866,-0.173906315615746,0.992330237834839
0.0328804705791596,-1.51795982481585,6.13185668372501,-0.103589659892984,-10.137642002859,-0.264453314729977,1.03966704961379
-0.000384328310299291,-1.53947193605963,6.0215458282393,-0.0196423570673835,-10.1611173131595,-0.346848060554563,0.49409047634557
-0.0347349659682713,-1.56023193958356,5.89718933578331,0.0496567003534785,-10.1926712995273,-0.369047363911325,-0.378795153823045
-0.0692198857224659,-1.57722875417171,5.79414452309464,0.106738838047027,-10.2208592578316,-0.3158718630122,-1.08265574356671
-0.10134039008844,-1.59023290143601,5.71692932230535,0.148325872672163,-10.2410529249683,-0.246149644539886,-1.27160170122754
-0.127821102171415,-1.59963620087199,5.65242659458238,0.170948619830756,-10.2541996407742,-0.18430746937845,-0.873569491991655
-0.146094547603437,-1.60416744974916,5.59625425223573,0.17722413729714,-10.2534032216026,-0.104202879684597,-0.0340522727957153
-0.154295107956514,-1.6052611454192,5.52703085345438,0.16371589997416,-10.2504530090575,0.0253026113584173,0.823572514274515
-0.152272183192417,-1.60557686805397,5.42568796238167,0.127229002682952,-10.2523367740429,0.160305406291673,1.27011351520226
-0.139524641302783,-1.6055223328632,5.29707182576242,0.0753586017529142,-10.2411635936778,0.270169025849495,1.1420099154624
-0.116150490934132,-1.60717426230002,5.14353756980077,0.0122158884580895,-10.2154907353677,0.355122921897764,0.479991432277627
-0.0844724752302745,-1.611214742391,4.98489899893084,-0.062371836115364,-10.1891350170735,0.432375992248437,-0.423213495140479
-0.0459100560821022,-1.61403174647607,4.84318312999747,-0.140357397567336,-10.162650247013,0.496887302856642,-1.08514196819575
-0.00131057310375649,-1.61599189312638,4.72555211355052,-0.213569339363674,-10.1519328202571,0.528447464705555,-1.26172911203292
0.0469170043314138,-1.61740525183787,4.63279742984826,-0.27622179465386,-10.1665521231381,0.523842025673444,-0.91990130900582
0.0963525941941924,-1.61670313925645,4.55360740073584,-0.323366633778467,-10.1916128705868,0.4831389682442,-0.174937154469973
0.143609672688586,-1.61380963409835,4.4829825541251,-0.357165036557702,-10.2224437107846,0.41649019182878,0.609063306324321
0.185917449048252,-1.61059152747879,4.42626966932816,-0.37889795033082,-10.2636643338222,0.317205757631232,1.01349771035156
0.221788951970196,-1.60729067229221,4.38091061363075,-0.38609242827231,-10.3064136535268,0.183798990766934,0.879409147914641
0.248690706114158,-1.60367690391254,4.34339086014419,-0.381951804983931,-10.3578705402822,0.0338978254084249,0.255468803228753
0.265278861852389,-1.59938396211292,4.3093733722804,-0.367528166935925,-10.4205646159215,-0.0917432761818493,-0.575318722518487
0.273187859010113,-1.59438606376246,4.27663028316373,-0.337492458288919,-10.4730381714034,-0.183631696103779,-1.16290535378605
0.272301560499042,-1.5890834120611,4.2491385208811,-0.295754144401575,-10.5149377592298,-0.272653158227209,-1.23272540047823
0.262602229617428,-1.58360250388419,4.22959989277966,-0.247611916487504,-10.5449206515924,-0.362763272798215,-0.750973743340386
0.244967142865283,-1.57874805462824,4.22462674597353,-0.194246064904458,-10.5582086701274,-0.410472186829842,0.0805742476999893
0.217786879141865,-1.57614233319595,4.24168446546582,-0.142964653409395,-10.5835917149416,-0.38488662504903,0.827443898151831
0.181177988767182,-1.57537249580262,4.27333759588761,-0.100929733209021,-10.6348270716448,-0.330626103807267,1.13613693421016
0.137730220592603,-1.57589452880274,4.31414079223713,-0.0697032870465192,-10.7044641727009,-0.273913077809255,0.888435729647521
0.0891356224573509,-1.57799522582241,4.35960075571556,-0.0527732406241607,-10.7921105828589,-0.198031143084858,0.150682429113711
0.0384411542434476,-1.58153588115069,4.41077675884999,-0.0475368662911033,-10.8835625155857,-0.0651041524484672,-0.716614164522345
-0.0100316787180679,-1.58524305913943,4.47222591205657,-0.045665389325839,-10.957846773431,0.0893912655389272,-1.17868019643559
-0.0546228491120956,-1.58907856429107,4.53709700268936,-0.0473333419801007,-11.0229581973934,0.227258519350829,-1.06022374900364
-0.0928598177750777,-1.5932428981216,4.60331575891173,-0.0494595120826734,-11.0811919944034,0.349204242683314,-0.437143403588737
-0.129178139383107,-1.59702809103403,4.66879308486046,-0.0502052694838842,-11.1373419297576,0.485415930697211,0.235014488367504
-0.157500202350912,-1.59866361599361,4.72437281368526,-0.0535093555621284,-11.1949149680171,0.600131637338182,0.759303172345873
-0.177122192188404,-1.59882390027338,4.77348283295795,-0.0588621465229426,-11.2506442276174,0.672886807395475,0.901487083970189
-0.18698022571646,-1.59804801123345,4.82049326721801,-0.0641584044246831,-11.3028648469247,0.697168890321769,0.616360090411832
-0.186746974168636,-1.59536531857313,4.86319937945605,-0.0688979993584139,-11.3554568045319,0.67697094285443,0.0192601192898246
-0.175517495439599,-1.59019827729103,4.9013752991346,-0.0693166024821685,-11.4079630904628,0.621431061411002,-0.613650006535386
-0.152686111542729,-1.58419417738658,4.94089745635222,-0.0632704693602777,-11.4604469957034,0.530222241405808,-0.991368575808124
-0.119408162275822,-1.57847767227891,4.98374696790666,-0.0539613353044212,-11.51525706263,0.402047348221949,-0.943098765213857
-0.0770853192770431,-1.57290014505513,5.03210156416735,-0.0429096008226341,-11.5666505028519,0.243245069860907,-0.445866134869858
-0.0275766968724845,-1.56686619331462,5.08731599123413,-0.0321434223273853,-11.6066260759604,0.0832743615966106,0.295909968116399
0.0251879113863661,-1.5599552750852,5.14091083492216,-0.0304459415043516,-11.6475282699543,-0.0541203174558539,0.817673627187395
0.078313650768186,-1.55210078291481,5.18865246508236,-0.0406758466130084,-11.6959698390508,-0.182310772093241,0.856798075467038
0.129059162686693,-1.54302692664683,5.22611493172941,-0.0627137782840309,-11.7541669032177,-0.292212628802265,0.425884792352672
0.17506427884186,-1.5333683254382,5.25052602262043,-0.0968422503845726,-11.8197672445052,-0.344740565473843,-0.251097896964309
0.215863435878694,-1.5243954889515,5.27155344914893,-0.139576624284175,-11.8749785898834,-0.325936948900597,-0.812706386187349
0.250204230437241,-1.51602687514268,5.29025033098633,-0.186690125561594,-11.9083111883022,-0.271031897197307,-0.97235134500148
0.2762557325024,-1.5085285306601,5.30244134287345,-0.235085468635838,-11.9186962164457,-0.197764796618348,-0.655151080274992
0.292880858615716,-1.50296934304,5.31043839245892,-0.281478049098413,-11.9092164818066,-0.0868878259926459,-0.00890646346013913
0.298190856019936,-1.4993479261002,5.30591794522067,-0.324996967052962,-11.8962788739515,0.0723303001462672,0.602920164429996
0.291192197380315,-1.4971603095528,5.28418155505223,-0.364127482833621,-11.8903554382814,0.243492832998116,0.849979203838565
0.272406020913955,-1.49686933519996,5.25170509958609,-0.395730932648447,-11.8872576432248,0.399402380096193,0.617150659506869
0.242438390970872,-1.49856859394043,5.20842266086557,-0.416453935936327,-11.8845416775528,0.539087125027981,-0.00572104696167706
0.20356100222024,-1.50205944786616,5.15637345537472,-0.418979549225254,-11.8738724600077,0.663870399161336,-0.685090008702106
0.15867669780201,-1.50804482873487,5.10400570575346,-0.400098500834099,-11.8533655823213,0.753864965188248,-1.05945318020357
0.1095256630905,-1.51689973159929,5.0516118718906,-0.363247060250057,-11.8307833795614,0.798895286831597,-0.999373352499165
0.0585740081836083,-1.52825911861838,4.99778142751515,-0.309791422496294,-11.8068580955095,0.796228603049474,-0.542863298008122
0.00841197628049286,-1.54074183768905,4.9358340475897,-0.239727342640216,-11.7757638394021,0.746389468539631,0.127588658003797
-0.0399756897634574,-1.55231216059759,4.84967312860411,-0.15913425125121,-11.7320561696204,0.653255449783793,0.702484067985672
-0.0853933845686974,-1.56200477442869,4.73194748698128,-0.077024594348778,-11.6731677786129,0.517650870277922,0.89526713361958
-0.125293478859985,-1.56836565713858,4.58384490859668,0.000805180263774456,-11.6010522827293,0.350217841116059,0.607920955063871
-0.156616002353476,-1.56937461007758,4.42882267649135,0.07044480827451,-11.5361545193576,0.181456966906969,-0.0167707426256033
-0.176664559564702,-1.56744157848391,4.30008581691631,0.132062409652391,-11.4866914270715,0.0374463541367902,-0.620166489234281
-0.184798566627622,-1.56586335324511,4.19861943357648,0.184158973171489,-11.4393472490647,-0.0914855851142065,-0.877593564638361
-0.181012613464345,-1.5654168583795,4.118412453703,0.221329529424259,-11.3875347642166,-0.215276302206877,-0.667823974974352
-0.165548616704497,-1.5669347089016,4.05217210595572,0.239621730253342,-11.3248149783148,-0.314467010307854,-0.0812383774842986
-0.139970203510174,-1.57044691141742,3.98863914411502,0.233095993157907,-11.2579000586324,-0.355925106247325,0.570094636906456
-0.106212026390161,-1.57479815517903,3.92011069475628,0.197552964575527,-11.2022795648392,-0.352088641886864,0.937483603268805
-0.0661992673001172,-1.58000283769042,3.84038308420475,0.135863825374367,-11.1572030323076,-0.330010917536841,0.846936014944833
-0.0232748628449324,-1.58666062879976,3.74028595788488,0.051788194228008,-11.1167383510267,-0.28799236123364,0.300846199532011
0.0185178148807939,-1.596204219341,3.62539836791117,-0.0490220341153289,-11.0748463288726,-0.203492511471743,-0.454613691822713
0.0578296626085363,-1.60960432398896,3.53285016283117,-0.155059537856611,-11.0292923868156,-0.0874155664418537,-0.946261864497245
0.0943940363723171,-1.62535210881543,3.4778949661154,-0.257581820729395,-10.9874664596117,0.0275850591917892,-0.919517077256055
0.127222836054469,-1.64214308619441,3.4534695788334,-0.346485561219638,-10.9505487581212,0.140407710908385,-0.424034335182334
0.155318572347593,-1.65840267564754,3.44662676012018,-0.415432655856781,-10.91771039162,0.267039386254396,0.247770095889628
0.177287334873413,-1.67200533655003,3.44978655820902,-0.465869795489351,-10.8987399806671,0.394495396828825,0.696231555569878
0.191635736234361,-1.68264734772961,3.46550575010917,-0.49520414733392,-10.8904765433692,0.494617328562674,0.709527747199068
0.197441287270999,-1.68994092173157,3.49579907176145,-0.501219488704976,-10.8904555581544,0.559730338104107,0.294868245128886
0.195009069924018,-1.69303865794427,3.53918483954864,-0.484087276838739,-10.9014748876386,0.597836580910509,-0.363907437509886
0.185342764678377,-1.69262049379647,3.5988680649208,-0.441121406622644,-10.9214202402062,0.611587274472056,-0.940443149730036
0.168455503269316,-1.68973164041474,3.6884315017808,-0.375313279515902,-10.9599104317744,0.592157725444402,-1.16610774574096
0.144549120855473,-1.68487614500082,3.82356787007576,-0.296123994913459,-11.0289063898875,0.535201441333398,-0.917380786993873
0.115208353345283,-1.67884251483481,4.01651263788175,-0.211596891971745,-11.1261049230698,0.442292473716848,-0.244179006983853
0.0813998305559212,-1.6715740485122,4.26939405731483,-0.132006644805977,-11.2504802462892,0.326735945628083,0.526769014598746
0.0430811151224214,-1.66387595641826,4.57835720341722,-0.0685928444091866,-11.4032071285192,0.183602082884109,0.986885977372981
0.00347031295732146,-1.656803976487,4.92410384742301,-0.0228154234388737,-11.5722164028599,0.00582557372095232,0.938900779700183
-0.0340843384926742,-1.64839493841502,5.272504618869,0.00659633072555997,-11.7531810659939,-0.194977974087236,0.370126102441395
-0.0677918409776539,-1.63741709692081,5.60430940191134,0.0216401649431012,-11.9420061838236,-0.368600054332704,-0.466725761202429
-0.0939381154988514,-1.62417387045414,5.93115543217695,0.0279583074086253,-12.1172979851893,-0.492055362985901,-1.07944928941555
-0.112349053826128,-1.60674175827193,6.26532120932073,0.0286018050572184,-12.2751694670585,-0.598263669552889,-1.21608141264432
-0.124342877294366,-1.58465174143096,6.61009000059394,0.0233525809809992,-12.4169727381814,-0.690264809396524,-0.856656482279256
-0.130497689115768,-1.55897899654422,6.96540410064294,0.00861155675640569,-12.5410538935693,-0.726633792676733,-0.135177916793735
-0.133223364532499,-1.53343387934314,7.32406350942601,-0.022165032394782,-12.6630088886474,-0.657825052381303,0.673271314487958
-0.134937614658501,-1.5134959787496,7.66478241451282,-0.0689565190275503,-12.7996403302813,-0.514884560677522,1.21000067709655
-0.134393393763734,-1.50186875345217,7.95662335298183,-0.129030539587644,-12.9354310027343,-0.357083663096308,1.20830997803503
-0.129366826905685,-1.49942815511091,8.16829186592117,-0.198197636215974,-13.0549472126081,-0.193180337534846,0.653610413339461
-0.118602123029144,-1.50524610410641,8.29882052183543,-0.267810265644824,-13.1560602523212,0.0172674990961199,-0.21732209610705
-0.103046182357125,-1.5151824105332,8.39223984421083,-0.331084295220715,-13.2264781990306,0.270654858240218,-0.918002302073855
-0.0841073019451557,-1.52800392706092,8.46663528950465,-0.382042090789238,-13.2754190136281,0.506041275833191,-1.09870100786805
-0.0622316127610627,-1.54370362448049,8.52422749877253,-0.41509457217282,-13.3155938761973,0.703957352905744,-0.719800649506453
-0.0388837987228947,-1.5606775054316,8.57998199318342,-0.42604937257032,-13.3518282837897,0.864305503848838,0.0457507397999471
-0.0165028941856114,-1.57915513978321,8.64365843420723,-0.406598970569095,-13.3935474577395,0.983352246345503,0.847785582290288
0.0044177212070736,-1.599858013735,8.71369856176279,-0.356669082524019,-13.4386278910503,1.05614322396191,1.41005601849505
0.0239567412111039,-1.62116659264439,8.79903186402674,-0.2864277132285,-13.484306444316,1.094063511582,1.59901105165337
0.0411626529314916,-1.641300121512,8.91912935163785,-0.206628154647152,-13.5367559443399,1.10886375053323,1.38107961714546
0.0542928741676656,-1.65956554808615,9.09294065972684,-0.12519354653475,-13.6093145587537,1.08713981744194,0.766372418166392
0.0594860077366502,-1.67578172783889,9.3261943190933,-0.0455740004547474,-13.7177241121741,1.01356640963325,-0.169860110013231
0.0526722164852405,-1.68888016892203,9.59525212946538,0.0220597355204173,-13.8472291024701,0.905699574808403,-1.0447341735922
0.0381496880111888,-1.69867134507271,9.86667109903287,0.0692588619129474,-13.9768199083413,0.768465975601986,-1.48454144712961
0.0211102972562444,-1.70527439503493,10.1278178558952,0.0981083414566974,-14.1117909893975,0.612783684445499,-1.41729942186694
0.00396436918284043,-1.70732701155093,10.3819361265964,0.106453952663367,-14.2479102721585,0.438437986932483,-0.830305223190402
-0.0127723821755512,-1.70368134660879,10.6320707216398,0.0899312519303153,-14.3632111426014,0.259579780963475,0.181235051349557
-0.0252891933913836,-1.69420415715034,10.8794194217782,0.0596166183926538,-14.4725481953626,0.107098826088725,1.10931203296207
-0.0319208682366763,-1.67618664268565,11.1378259228599,0.0240441174521832,-14.5901521474809,-0.0543046716898742,1.49698295364945
-0.0348625301557272,-1.6488729998119,11.4065202216775,-0.0184550463483103,-14.7073980467693,-0.240452483156619,1.24169128230196
-0.0339691255436989,-1.61460830662713,11.6587266261687,-0.0629029316822684,-14.8351861876951,-0.432218315245125,0.409374269804807
-0.0300788107098288,-1.57322314431721,11.8746142447806,-0.106142166683349,-14.9658100851299,-0.55014635407973,-0.677850952016158
-0.028099933923082,-1.52583610399934,12.0541081226964,-0.155387516868387,-15.0589804798271,-0.60265482150697,-1.46825458914719
-0.0262221117803235,-1.47772922546781,12.2073753102773,-0.210138230813627,-15.1225277180234,-0.663034724131787,-1.67513132932966
-0.0228706459079635,-1.43226741772444,12.3432975399898,-0.265364135768579,-15.1664789570473,-0.742471439027698,-1.2850608414866
-0.0200379272045503,-1.39205476393279,12.4596376973649,-0.318986845194725,-15.1800950634532,-0.801144819428057,-0.39338474503282
-0.0185216887131389,-1.35763490567127,12.5543994926062,-0.361923440225361,-15.1723334344006,-0.751580319271829,0.674741521733835
-0.0145853489957545,-1.32960450321566,12.645805974828,-0.389878508016627,-15.1858835680177,-0.61684089162565,1.47364255291373
-0.00814835368276309,-1.31027637035345,12.7361927074694,-0.40794580577735,-15.2163804832492,-0.478085299343628,1.71879395618987
-0.00097740094158045,-1.30077800790723,12.8199518953573,-0.415174352435584,-15.2465914918442,-0.357431627759904,1.33664470648523
0.00732576211043896,-1.29997953786957,12.9040826254225,-0.405483869377136,-15.2904888608908,-0.237150275246351,0.384770987756732
0.0157621100192501,-1.30830516387218,12.9868549384023,-0.377285176168812,-15.3421475986486,-0.0517788560935777,-0.753031519716895
0.0215146800734572,-1.32875944745151,13.055966321,-0.339923069933679,-15.3618564246885,0.160027430157738,-1.47795974011109
0.0250727279853657,-1.35872023635151,13.1188556742397,-0.292110399189672,-15.3799241505175,0.35327197644357,-1.60437106868657
0.0260946521450856,-1.39556900717124,13.1760013357046,-0.233357778693282,-15.4119360773055,0.528496641152802,-1.13540066659946
0.0232061800614213,-1.43930162806523,13.2164787342205,-0.170476599109586,-15.4404108719076,0.681029123582247,-0.178122044037396
0.0194049558041929,-1.48856368843986,13.2523403237005,-0.113465133783213,-15.4699866043925,0.812971498562064,0.904235660545215
0.017036828156706,-1.53774826784866,13.2998193623496,-0.0590225334291925,-15.5116196969536,0.914961947701816,1.66645891582394
0.0132909689370293,-1.58503147308645,13.3530851723007,-0.00603267041665815,-15.5455133781701,1.00652889418669,2.01684335084288
0.00711367446380591,-1.62924944502808,13.4111150135371,0.0401907569978302,-15.5661512565989,1.12038670101071,2.02494274556964
-0.00126797821196673,-1.66824015306963,13.4726306318233,0.0759176677275879,-15.5759776925551,1.25952234244022,1.75585870013808
-0.0111678750735321,-1.69958707543933,13.5340040069369,0.0990161489444861,-15.5779791294179,1.39868528183214,1.2791638134806
-0.0214844710299645,-1.72154023132949,13.5908269872524,0.106497397751106,-15.5743416843469,1.49949833630877,0.689737130451842
-0.0312975589960088,-1.73362618331603,13.6424788280258,0.0953793715416026,-15.5671467917709,1.52738103628683,0.0693565014420791
-0.0403325481870214,-1.73625494293295,13.6929639789775,0.0653879364611972,-15.5591610667373,1.46464749554125,-0.53717947891209
-0.0488900052761684,-1.73022231873805,13.7472645679001,0.0195373075015204,-15.5544225403015,1.31932870026543,-1.07935315907113
-0.0575124181235306,-1.71621223018962,13.8069201682751,-0.0363943889168329,-15.5582725469947,1.11925588065176,-1.45639939165059
-0.0662964266772941,-1.69466734612302,13.8699593783939,-0.096246426921258,-15.576941860722,0.890804756327195,-1.53616984515066
-0.0747949752327993,-1.66697985105675,13.9327003915798,-0.155410701181337,-15.6128674773997,0.63801936338965,-1.19793671476044
-0.0818353830490289,-1.63657720406483,13.9867381452823,-0.212692906544017,-15.6492990153371,0.351603481508895,-0.417166346086085
-0.0859389674083603,-1.60485022864227,14.0330452528419,-0.267388472739688,-15.6663283679783,0.065421486190863,0.557076320610834
-0.0881057202233546,-1.56907568158472,14.0870462053814,-0.310698026558416,-15.691442678165,-0.193981866117209,1.23702995208969
-0.0887088969528973,-1.53143970618325,14.1408260603652,-0.338763082882202,-15.7271163922356,-0.454655437695205,1.33624338800503
-0.0867279850167165,-1.494613608651,14.1882129886102,-0.352361676951383,-15.7741112354984,-0.714273305185047,0.825430249215203
-0.0825028685955941,-1.45945950145896,14.2338397742328,-0.34825496464598,-15.8443592879611,-0.916036789614408,-0.0920603370547715
-0.077830816484866,-1.42964713493692,14.26923902806,-0.319638351029773,-15.9156483554773,-0.99922357695885,-0.990858387697099
-0.0718412641599241,-1.40829891490002,14.2844539755737,-0.272311209842314,-15.9677548600752,-1.01966122898887,-1.5798012954533
-0.0637299741694035,-1.39552840728776,14.2804541037991,-0.214883552002267,-16.0036726380945,-1.04069456251346,-1.75697371058167
-0.053779860993165,-1.39167466948131,14.2537355375332,-0.153625955389893,-16.0217464692947,-1.08076549433668,-1.52986666572114
-0.0427460850730099,-1.39850891742756,14.1953564145395,-0.0935844333745396,-16.0107878918751,-1.12115685004267,-0.957854540910659
-0.0326185408818858,-1.41732580906492,14.1090700815403,-0.0356726353462284,-15.9687987458121,-1.0974896951724,-0.17593902770943
-0.025149577866431,-1.44560624421996,14.0097243107881,0.0188109985371395,-15.9158845109134,-0.95651109398138,0.604903388931022
-0.0193098805236165,-1.47997942127612,13.8991711653221,0.0609834977577307,-15.8730159270827,-0.738082033345866,1.11478878480059
-0.0142357199546854,-1.51898841021945,13.7816951262644,0.0836833039899439,-15.8469968561687,-0.501589610794401,1.16686280237995
-0.0101018642915005,-1.5592876983501,13.6586788195307,0.0869395575266711,-15.8340718277815,-0.259768077454047,0.722275486531343
-0.00653892359274353,-1.59629110372535,13.5215726471248,0.0732578552805924,-15.8240805738417,0.00978479440576358,-0.056623211373291
-0.0035077054092568,-1.62956320472083,13.3785230579382,0.0417641851482547,-15.800751268421,0.30965956655614,-0.77564940749291
-0.00107654555348853,-1.65845584593824,13.2367129844135,-0.00430776122761574,-15.7673914433839,0.59184868547306,-1.08244469429354
0.00160354695528568,-1.67966346400986,13.097738677934,-0.0553258780660664,-15.7445337449823,0.827661439082608,-0.888990458890785
0.00452040849616688,-1.69230922001735,12.9729464074852,-0.10531127694801,-15.7404516739622,1.00567049333573,-0.319003442086326
0.0079258326123244,-1.69716115908156,12.8685362832812,-0.153698335266344,-15.7514667236108,1.11620412221022,0.410637102424818
0.0128535006719647,-1.69417518383736,12.7858096512556,-0.197185930241658,-15.7718670762481,1.16354919776458,1.07867376163021
0.0187990910403554,-1.68288573403345,12.7188740477324,-0.228354915698243,-15.7923144962586,1.17319110803804,1.56573840905621
0.0244438822257322,-1.66366191346322,12.6573396259381,-0.242876393161248,-15.8029956255416,1.18281570288414,1.86507732193346
0.0289317269283517,-1.63753296419511,12.592859408341,-0.240383858400239,-15.7987261298,1.2225657408774,2.00723145769341
0.0318669818795289,-1.60583590978976,12.5193086099202,-0.222921734715879,-15.7778945247955,1.30795561941407,2.02868419179975
0.0331084885675903,-1.57010099254313,12.4316148303415,-0.194332061058024,-15.7408594353966,1.44235754617224,1.97761051633825
0.0326431999507421,-1.53203819439837,12.3255561483673,-0.160054219830223,-15.6897920152581,1.62188981348115,1.92980536175686
0.0306070707164433,-1.49351375931151,12.1989315219245,-0.126532116587948,-15.6292429790327,1.84278868079816,1.99446111859296
0.0277051359950227,-1.45647813906027,12.0547512386974,-0.0993231991707799,-15.5656410476787,2.10981555122269,2.28637733298971
0.0255886259568756,-1.42275457563437,11.9049940595292,-0.0798688444904351,-15.5018792811299,2.43064454837252,2.84438695499118
0.0250329848909955,-1.39365609362191,11.7650873435449,-0.0677844184419908,-15.4343644058345,2.78498454850073,3.51362637748021
0.024777771175443,-1.37073914614011,11.639147463231,-0.068277993729125,-15.3726007506962,3.13944584355779,3.95045332886359
0.0252725170672378,-1.35585765519528,11.5297505154398,-0.0817504337821165,-15.329182968973,3.48695018278621,3.93698114174328
0.0272674022779665,-1.34982789149303,11.4390953476612,-0.103858596029769,-15.3132454143337,3.80396660283286,3.50198688034937
0.0306552960589118,-1.35400909442676,11.3716976593981,-0.133592021431573,-15.3239701344468,4.04119371767736,2.87185036885393
0.0355651857430497,-1.36958921720155,11.3362534904043,-0.168751616779396,-15.3468892890398,4.177695420822,2.28759908072216
0.0421498946829455,-1.39529612814974,11.331785670056,-0.203455578888611,-15.3689642254561,4.24379533933594,1.88390129280104
0.0500021480116638,-1.42876664624829,11.348610810048,-0.232663816042848,-15.3832265425308,4.27941621054856,1.70719646573119
0.058481748340168,-1.46784132895783,11.3775785978519,-0.25318923780537,-15.3858959230988,4.3046826701085,1.75308282909711
0.0670834208653103,-1.51062613837883,11.4131926436115,-0.262827220410696,-15.3746477212852,4.31610649257684,1.9964512523597
0.0754068954370178,-1.55536362262723,11.4528145275921,-0.260545311489774,-15.349297144906,4.28877312538957,2.40316449199093
0.0829321107982871,-1.60034463229147,11.4947381127944,-0.247158868266729,-15.3139642053348,4.18497416267653,2.92783950401876
0.0888550519027412,-1.64359743695111,11.5345214821464,-0.224878866236324,-15.2787501755678,3.97954269195599,3.48270439948535
0.0924271316792093,-1.68235023275812,11.5614129682704,-0.194747608768118,-15.2554139814349,3.68980185088358,3.88489606206245
0.0933792549860117,-1.71390828609913,11.5644553914892,-0.157574559091036,-15.245747286991,3.3579228798923,3.94033125260148
0.091150094005276,-1.73667621884485,11.5367364436748,-0.118354342666025,-15.2386968763124,3.00647764390552,3.60394153688675
0.085438491007247,-1.74917110903024,11.4738342364585,-0.0812002015885011,-15.2170958344836,2.64275637853752,3.03834633329103
0.0777826150397698,-1.75027985560801,11.3822205839544,-0.0445411634265391,-15.1714466780453,2.2941552318489,2.55024191359017
0.0690905887245409,-1.74034719673466,11.2715394790487,-0.0115999088728722,-15.1124027947138,1.99499519744668,2.33228245873086
