-1.8,0,-8.81385994826415e-12
-1.79999979379618,0,-0.000805937896188021
-1.79999670074354,0,-0.00322374807838353
-1.7999832975919,0,-0.00725340337887035
-1.79994721275191,0,-0.012894802119406
-1.79987112790908,0,-0.0201476836806134
-1.79973278202765,0,-0.0290115103218315
-1.79950497948636,0,-0.0394853153494062
-1.79915560458157,0,-0.0515675178176629
-1.79864764512063,0,-0.0652557040835367
-1.79793922830559,0,-0.0805463767057523
-1.79698367256196,0,-0.0974346715489837
-1.79572955940361,0,-0.11591404414598
-1.79412082981836,0,-0.135975926871564
-1.79209690999928,0,-0.157609359023597
-1.78959287152016,0,-0.180800592494611
-1.78653963123791,0,-0.205532676430796
-1.78286419627787,0,-0.231785025079671
-1.77848995939631,0,-0.259532973917686
-1.77333704979161,0,-0.288747330111363
-1.76732274402631,0,-0.319393924381225
-1.76036194110107,0,-0.351433172380183
-1.75236770486508,0,-0.38481965473311
-1.74325187583947,0,-0.419501725870226
-1.73292575315638,0,-0.455421162673876
-1.72130084567722,0,-0.492512864689966
-1.70828968945549,0,-0.530704618169447
-1.6938067265773,0,-0.569916936436492
-1.67776923808427,0,-0.610062988962212
-1.66009832121506,0,-0.651048630992927
-1.64071989866823,0,-0.692772544584688
-1.61956574508188,0,-0.735126500387578
-1.59657451355254,0,-0.777995747478452
-1.57169274289793,0,-0.821259535955778
-1.54487582463362,0,-0.864791773908458
-1.51608890741238,0,-0.908461816806039
-1.48530771609201,0,-0.952135383416946
-1.45251926276097,0,-0.995675588163716
-1.41772242804907,0,-1.03894407551992
-1.38092839293566,0,-1.08180223781904
-1.34216090405427,0,-1.12411249387721
-1.30145635914785,0,-1.16573960233508
-1.25886370376981,0,-1.2065519808056
-1.21444413541756,0,-1.2464229999637
-1.16827061684532,0,-1.2852322207975
-1.12042720610324,0,-1.32286654348161
-1.07100821663394,0,-1.35922123780621
-1.02011722624391,0,-1.39420082781128
-0.967865958675163,0,-1.42771980718053
-0.914373065563723,0,-1.459703166919
-0.859762839550875,0,-1.4900867226813
-0.80416389102824,0,-1.51881723558527
-0.74770782133299,0,-1.5458523271432
-0.690527924129378,0,-1.57116019574486
-0.632757944268327,0,-1.59471914860392
-0.574530919745875,0,-1.61651696891421
-0.515978127701253,0,-1.63655014287707
-0.457228149989271,0,-1.65482297503521
-0.398406068057192,0,-1.67134662283594
-0.339632791001082,0,-1.68613808248331
-0.281024515111116,0,-1.69921915794742
-0.222692308246312,0,-1.71061544357942
-0.164741808257168,0,-1.72035534829947
-0.107273021577051,0,-1.7284691859949
-0.0503802061249442,0,-1.73498835282579
0.00584817818513581,0,-1.73994460782678
0.0613294678145964,0,-1.74336946874259
0.115986758183466,0,-1.74529373063419
0.169748843887575,0,-1.74574711059642
0.222550147508432,0,-1.74475801804429
0.274330645179282,0,-1.74235344652365
0.325035794156626,0,-1.73855897991552
0.374616464809615,0,-1.73339890324325
0.423028876849832,0,-1.72689640605503
0.470234537418415,0,-1.71907386453535
0.516200176927598,0,-1.70995318709611
0.560897677384615,0,-1.69955620721751
0.604303987335894,0,-1.6879051067653
0.646401017552237,0,-1.67502285292343
0.687175512092138,0,-1.66093363226748
0.726618890362011,0,-1.64566326637344
0.764727057145635,0,-1.6292395947002
0.801500179187846,0,-1.61169281227136
0.836942428665321,0,-1.59305575185526
0.871061695632262,0,-1.57336410281605
0.903869273168915,0,-1.55265656147619
0.935379520378242,0,-1.53097491056659
0.965609509484991,0,-1.50836402801602
0.994578664033767,0,-1.48487182781766
1.02230839553088,0,-1.46054913789863
1.04882174583164,0,-1.43544952171799
1.07414304217129,0,-1.40962905167279
1.09829757102622,0,-1.38314604327353
1.12131127604271,0,-1.35606075946531
1.14321048415797,0,-1.32843509445237
1.16402166284342,0,-1.30033224598653
1.18377121019336,0,-1.27181638437529
1.20248527842842,0,-1.24295232553018
1.22018963033155,0,-1.21380521429028
1.23690952722146,0,-1.18444022309298
1.25266964631529,0,-1.15492226989128
1.26749402474977,0,-1.12531575808651
1.28140602711417,0,-1.09568434020154
1.29442833309119,0,-1.06609070608962
1.3065829416865,0,-1.03659639567768
1.31789118853477,0,-1.00726163558734
1.3283737728793,0,-0.978145198461555
1.33805079101282,0,-0.949304283444535
1.34694177321897,0,-0.920794416004015
1.35506572155006,0,-0.892669365135969
1.36244114610219,0,-0.864981075934938
1.3690860977897,0,-0.837779615532571
1.37501819596891,0,-0.811113130486052
1.38025464960567,0,-0.78502781382133
1.38481227101849,0,-0.759567880089455
1.3887074815519,0,-0.734775546965171
1.39195630884145,0,-0.71069102209455
1.39457437561851,0,-0.687352494074204
1.39657688026852,0,-0.664796126611466
1.39797856959912,0,-0.643056055068181
1.39879370449306,0,-0.622164384726997
1.39903601931582,0,-0.602151190236983
1.39871867611703,0,-0.583044515794879
1.39785421481084,0,-0.564870375700498
1.39645450064044,0,-0.54765275499194
1.39453067032959,0,-0.531413609921425
1.39209307839757,0,-0.516172868079013
1.3891512451659,0,-0.501948428013396
1.38571380801529,0,-0.48875615824007
1.38178847746182,0,-0.476609895571663
1.37738199961206,0,-0.465521442756652
1.37250012652955,0,-0.455500565474768
1.36714759599943,0,-0.446554988813327
1.36132812211507,0,-0.43869039344144
1.3550443980287,0,-0.431910411811651
1.3482981121073,0,-0.426216624853975
1.34108997861153,0,-0.421608559789165
1.33341978386805,0,-0.41808368987994
1.32528644872805,0,-0.415637437163503
1.31668810789663,0,-0.414263179463447
1.3076222064776,0,-0.413952263248771
1.29808561381591,0,-0.414694024155416
1.28807475445001,0,-0.416475817154551
1.27758575572172,0,-0.41928305839416
1.26661461131393,0,-0.423099280695857
1.2551573597168,0,-0.427906204492999
1.24321027614948,0,-0.433683826217855
1.23077007599363,0,-0.440410526187147
1.2178341272024,0,-0.448063198243958
1.20440066851081,0,-0.456617403547713
1.19046902966617,0,-0.466047550775154
1.1760398493137,0,-0.476327104645372
1.16111528562763,0,-0.487428824114124
1.14569921428958,0,-0.499325030813199
1.12979740801482,0,-0.511987907343888
1.11341769155609,0,-0.525389823866101
1.09657006602604,0,-0.539503690054737
1.07926679653368,0,-0.554303327931007
1.06152245758623,0,-0.569763859343298
1.04335393152782,0,-0.585862100015279
1.02478035651803,0,-0.602576950167751
1.00582302223324,0,-0.619889769850017
0.986505213608724,0,-0.637784725406339
0.966852005503479,0,-0.65624909209473
0.946890014090307,0,-0.67527349692516
0.926647113924265,0,-0.694852085451939
0.906152132841052,0,-0.714982596688721
0.885434539842749,0,-0.735666331632489
0.86452414365553,0,-0.756908003152592
0.84345082137665,0,-0.778715458220086
0.822244297248926,0,-0.801099267532476
0.800933990826761,0,-0.824072182345938
0.779548951420431,0,-0.847648463484939
0.758117891633323,0,-0.871843092704157
0.736669327100856,0,-0.89667088142827
0.715231822435849,0,-0.922145495984333
0.693834335297089,0,-0.948278421406354
0.672506641996549,0,-0.975077887466152
0.651279819826582,0,-1.0025477806444
0.63018675404174,0,-1.03068656434839
0.60926263184652,0,-1.05948622703611
0.588545382365127,0,-1.08893127440913
0.568076020741067,0,-1.11899777799908
0.547898856318408,0,-1.14965248886148
0.528061529112906,0,-1.18085202226203
0.508614845075691,0,-1.21254211766932
0.489612388404423,0,-1.24465697839522
0.471109897715699,0,-1.27711869702364
0.453164401642338,0,-1.30983677633603
0.435833117877126,0,-1.34270776060691
0.419172127573386,0,-1.3756149985898
0.403234844295974,0,-1.40842856680287
0.388070303591182,0,-1.44100538930947
0.373721306091898,0,-1.47318959741331
0.360222454374744,0,-1.50481317876926
0.347598132001142,0,-1.53569696941633
0.335860482614602,0,-1.56565204306726
0.325007457645232,0,-1.59448154838404
0.315021012664178,0,-1.62198303558228
0.3058655437545,0,-1.64795129725543
0.297486664821005,0,-1.67218172381759
0.289810432363219,0,-1.69447414111972
0.28274312328397,0,-1.71463705737127
0.276171661141852,0,-1.73249220074725
0.269964764698167,0,-1.74787918196702
0.263974858622995,0,-1.76066007335353
0.258040740591004,0,-1.77072366423316
0.251990944776673,0,-1.77798913895313
0.245647684328231,0,-1.78240893388149
0.238831201893504,0,-1.78397056624293
0.231364315407269,0,-1.78269728916098
0.223076922869021,0,-1.77864750796447
0.213810228945559,0,-1.77191298301755
0.203420478522672,0,-1.76261593234582
0.191782024572289,0,-1.7509052217588
0.178789613560725,0,-1.73695188221034
0.164359833095894,0,-1.72094421916406
0.14843172563228,0,-1.70308277675208
0.130966622382394,0,-1.68357539454559
0.111947289117238,0,-1.66263255341116
0.091376498923697,0,-1.64046315676121
0.0692751571560154,0,-1.61727084155355
0.0456801032676221,0,-1.59325086519439
0.0206417061820382,0,-1.56858757369115
-0.00577864236769327,0,-1.54345242479148
-0.0335110457381416,0,-1.51800251776442
-0.0624795537373828,0,-1.49237956826581
-0.0926044809075448,0,-1.46670926117702
-0.123804534290252,0,-1.44110091501737
-0.155998700549514,0,-1.4156473971269
-0.189107848678699,0,-1.39042523802499
-0.223056011016524,0,-1.3654949049979
-0.25777131308711,0,-1.34090120792414
-0.293186532811177,0,-1.31667382346321
-0.329239282452081,0,-1.29282793582176
-0.3658718222378,0,-1.26936500217267
-0.403030532271396,0,-1.24627365733073
-0.440665087831396,0,-1.2235307746175
-0.47872740073264,0,-1.20110269751892
-0.51717040412133,0,-1.17894664983886
-0.555946768073443,0,-1.15701232127214
-0.595007637234355,0,-1.13524361192241
-0.634301478740863,0,-1.11358050494702
-0.673773118892548,0,-1.09196102307603
-0.713363031403766,0,-1.07032321397361
-0.753006920175447,0,-1.04860710267065
-0.79263561742159,0,-1.02675654741299
-0.832175295845282,0,-1.00472093840327
-0.871547973388156,0,-0.982456686593478
-0.910672272463217,0,-0.959928460930419
-0.949464383541894,0,-0.937110145969797
-0.98783917590411,0,-0.913985506155064
-1.02571139611159,0,-0.89054855699621
-1.06299689672091,0,-0.866803655814435
-1.09961384301817,0,-0.842765334900748
-1.13548385310994,0,-0.818457907478808
-1.17053303553952,0,-0.793914881692128
-1.20469289782489,0,-0.769178220134752
-1.23790110822871,0,-0.744297482567982
-1.27010210116789,0,-0.719328887862049
-1.30124752364257,0,-0.69433432834338
-1.33129652577547,0,-0.669380366060102
-1.36021590299345,0,-0.644537236384787
-1.38798010063996,0,-0.619877880161115
-1.41457109401764,0,-0.595477021497749
-1.43997815819047,0,-0.571410304471981
-1.46419754249152,0,-0.547753498519874
-1.48723206474281,0,-0.524581779202414
-1.50909063983491,0,-0.501969088357668
-1.5297877566504,0,-0.479987575362937
-1.54934291643973,0,-0.458707119310984
-1.56778004474123,0,-0.438194930316502
-1.58512688783457,0,-0.418515226877642
-1.6014144035695,0,-0.399728985188614
-1.61667615525037,0,-0.381893755502079
-1.63094771610433,0,-0.365063540046693
-1.6442660907366,0,-0.349288726591697
-1.6566691588926,0,-0.334616071495448
-1.66819514581749,0,-0.321088725959068
-1.67888212253748,0,-0.30874629921193
-1.68876753849277,0,-0.297624952465145
-1.69788778813658,0,-0.287757517665453
-1.70627781238252,0,-0.27917363534769
-1.71397073513755,0,-0.271899906202711
-1.72099753460168,0,-0.265960051334709
-1.72738674854783,0,-0.261375076560321
-1.73316421241247,0,-0.258163436502023
-1.73835282872967,0,-0.256341194627834
-1.74297236622051,0,-0.255922175792498
-1.74703928670301,0,-0.25691810823412
-1.7505665979095,0,-0.259338752366738
-1.75356373028256,0,-0.263192014078927
-1.75603643586178,0,-0.268484040595589
-1.7579867074643,0,-0.275219297280488
-1.75941271649769,0,-0.283400624048612
-1.76030876791564,0,-0.293029270319671
-1.76066527103204,0,-0.304104907678243
-1.76046872513913,0,-0.316625619614815
-1.75970171912812,0,-0.330587867908921
-1.75834294457983,0,-0.34598643538513
-1.75636722207603,0,-0.362814344929789
-1.75374554077518,0,-0.381062754806511
-1.75044511159618,0,-0.400720830457324
-1.7464294346579,0,-0.421775593130023
-1.74165838192741,0,-0.444211745836898
-1.7360882963327,0,-0.468011477331845
-1.72967210889281,0,-0.493154244998346
-1.7223594757054,0,-0.519616537776039
-1.71409693690348,0,-0.54737162052466
-1.70482809994343,0,-0.57638926153649
-1.69449384980836,0,-0.606635445267262
-1.68303258889456,0,-0.638072072764564
-1.67038050948545,0,-0.670656652735078
-1.65647190179388,0,-0.704341986708738
-1.64123950055717,0,-0.739075852328062
-1.62461487308497,0,-0.774800689411158
-1.60652885147146,0,-0.811453294100601
-1.58691201137457,0,-0.848964527107127
-1.56569519931805,0,-0.887259042772539
-1.54281010987143,0,-0.926255046390823
-1.51818991329359,0,-0.965864087915992
-1.49176993327566,0,-1.00599090081964
-1.46348837328081,0,-1.04653329540544
-1.4332870886508,0,-1.08738211630171
-1.40111240013769,0,-1.12842127409203
-1.36691594283886,0,-1.16952786106037
-1.33065554269135,0,-1.21057236077266
-1.29229611075558,0,-1.2514189606425
-1.25181054354031,0,-1.29192597569236
-1.2091806156567,0,-1.3319463903851
-1.16439784921594,0,-1.37132852363986
-1.11746434269442,0,-1.40991681994938
-1.06839354057889,0,-1.4475527668926
-1.01721092407733,0,-1.48407593631676
-0.963954602640726,0,-1.51932514310314
-0.908675786085506,0,-1.55313971181311
-0.851439117817678,0,-1.58536083774446
-0.792322851102743,0,-1.61583302514682
-0.731418852533742,0,-1.64440558170153
-0.668832419824976,0,-1.67093414503677
-0.604681904762083,0,-1.69528221419455
-0.539098136489339,0,-1.7173226567651
-0.472223645189094,0,-1.73693916101054
-0.404211691443199,0,-1.75402760184258
-0.335225111965063,0,-1.76849729009082
-0.265434997735089,0,-1.78027207614321
-0.195019225626523,0,-1.78929128175236
-0.124160869142918,0,-1.79551043751546
-0.0530465176877735,0,-1.79890180813369
0.0181354633339267,0,-1.79945469286741
0.0891966974652601,0,-1.79717549441702
0.159950552414392,0,-1.79208755553152
0.230213851269319,0,-1.78423076872398
0.299808507103472,0,-1.77366097029675
0.368563051087204,0,-1.76044913521137
0.436314027859015,0,-1.74468039396912
0.502907236282291,0,-1.72645289643092
0.568198798604868,0,-1.70587655028517
0.632056046224504,0,-1.683071663606
0.694358215510629,0,-1.65816752162869
0.754996952230472,0,-1.63130092754839
0.813876627883336,0,-1.60261473591299
0.870914475502561,0,-1.57225640515911
0.926040556122158,0,-1.54037659318112
0.979197570046854,0,-1.50712781669376
1.03034052927389,0,-1.47266319171651
1.07943630889386,0,-1.43713526893499
1.12646309608039,0,-1.40069497412912
1.17140975542549,0,-1.36349066042578
1.21427512896904,0,-1.32566727594135
1.2550672883993,0,-1.28736564750199
1.29380275566559,0,-1.24872187862236
1.33050570674084,0,-1.2098668578131
1.3652071715951,0,-1.17092587158362
1.3979442416735,0,-1.13201831519808
1.42875929438873,0,-1.09325749330566
1.45769924239758,0,-1.05475050196716
1.48481481378243,0,-1.01659818329735
1.51015986773626,0,-0.978895143892668
1.53379074897825,0,-0.941729828371106
1.55576568291889,0,-0.905184639672489
1.57614421255528,0,-0.869336098211316
1.59498667720497,0,-0.834255032505009
1.61235373247537,0,-0.800006794485172
1.62830591030253,0,-0.766651493311631
1.64290321746537,0,-0.734244242126393
1.65620477067443,0,-0.702835412789737
1.66826846613221,0,-0.672470894220388
1.67915068135034,0,-0.643192350506627
1.68890600697308,0,-0.615037475459376
1.69758700638376,0,-0.588040240738177
1.7052440009488,0,-0.562231135095725
1.71192487887302,0,-0.537637392656703
1.71767492579061,0,-0.514283208474311
1.72253667539134,0,-0.492189939896165
1.72654977857449,0,-0.471376292523909
1.72975088982911,0,-0.451858489772401
1.73217356975341,0,-0.433650425229264
1.73384820284554,0,-0.416763797188731
1.73480192991957,0,-0.401208224889957
1.73505859472133,0,-0.386991346133921
1.73463870453734,0,-0.374118896089584
1.73355940480345,0,-0.362594767233338
1.73183446792659,0,-0.352421050500323
1.72947429673052,0,-0.343598057865797
1.72648594312287,0,-0.336124326723055
1.72287314275223,0,-0.329996606584601
1.71863636657955,0,-0.325209828808211
1.71377289042211,0,-0.321757060241388
1.70827688363944,0,-0.319629441888232
1.70213951821306,0,-0.318816113932808
1.69534909952313,0,-0.319304128702734
1.68789122014016,0,-0.32107835342511
1.67974893792492,0,-0.324121364911952
1.67090297966055,0,-0.328413338610988
1.6613319713245,0,-0.333931934765883
1.65101269593998,0,-0.340652184743082
1.63992037972573,0,-0.348546380895358
1.62802900698468,0,-0.357583973640263
1.61531166383645,0,-0.367731479728481
1.60174091050089,0,-0.378952405962534
1.58728918138013,0,-0.391207192888665
1.57192921166272,0,-0.404453183222412
1.55563448858249,0,-0.418644619972643
1.53837972480776,0,-0.433732679389073
1.52014135071024,0,-0.449665543963654
1.50089802146835,0,-0.466388520753
1.4806311340954,0,-0.483844210241311
1.45932534854932,0,-0.501972730812147
1.43696910608097,0,-0.520712003620065
1.4135551369155,0,-0.539998102221842
1.38908094824791,0,-0.559765670708048
1.36354928238649,0,-0.579948413228947
1.33696853372608,0,-0.600479656687038
1.30935311212127,0,-0.621292986919807
1.28072373922268,0,-0.642322956864886
1.25110766352599,0,-0.663505862932008
1.22053877938273,0,-0.684780583056835
1.18905763518128,0,-0.706089466654443
1.1567113165075,0,-0.727379262930557
1.12355319153892,0,-0.748602069799626
1.08964250843156,0,-0.769716281118607
1.05504383823028,0,-0.790687505273815
1.01982636203948,0,-0.811489423649874
0.984063007916976,0,-0.832104553558915
0.947829451159935,0,-0.852524877299673
0.911203001117292,0,-0.872752297698938
0.874261407949875,0,-0.89279888132508
0.837081633176887,0,-0.912686854059844
0.799738637464167,0,-0.932448320224656
0.762304246793838,0,-0.952124686084296
0.724846162674567,0,-0.97176578105254
0.687427182220125,0,-0.991428684652403
0.650104688787136,0,-1.01117628317139
0.612930462898926,0,-1.03107559557786
0.575950846479828,0,-1.05119592199306
0.539207271796877,0,-1.07160687820997
0.502737141504547,0,-1.09237638503586
0.466575019987992,0,-1.11356868074409
0.430754071359853,0,-1.13524241849307
0.395307658588463,0,-1.15744889885407
0.36027100358566,0,-1.18023047198677
0.325682801229328,0,-1.20361912649154
0.291586681854104,0,-1.22763526480251
0.258032426273205,0,-1.25228665034569
0.225076853478555,0,-1.27756750134297
0.192784321661734,0,-1.30345770121758
0.161226805601164,0,-1.32992209640867
0.130483535320966,0,-1.35690985866879
0.100640200224335,0,-1.38435389966822
0.0717877383255419,0,-1.41217033970213
0.0440207412761658,0,-1.4402580481287
0.0174355129561479,0,-1.46849828958266
-0.00787217647847333,0,-1.49675452591
-0.0318095965200189,0,-1.52487243822434
-0.0542897746780619,0,-1.55268024562715
-0.0752343748724271,0,-1.57998940601614
-0.0945766752615788,0,-1.60659578884222
-0.112264572694854,0,-1.63228140814425
-0.128263524710038,0,-1.65681679483862
-0.142559320689398,0,-1.67996406805806
-0.155160553581279,0,-1.70148073452214
-0.166100645807448,0,-1.72112420147139
-0.175439271924302,0,-1.73865693310941
-0.183263021132471,0,-1.75385211552736
-0.189685159384688,0,-1.7664996262473
-0.194844386759503,0,-1.77641204009657
-0.198902541435931,0,-1.78343035337588
-0.202041273875428,0,-1.78742908378959
-0.204457796594341,0,-1.7883204129065
-0.206359895832714,0,-1.78605708502578
-0.207960459641781,0,-1.78063385888583
-0.209471821585109,0,-1.77208741755935
-0.211100233110993,0,-1.76049476265411
-0.2130407587931,0,-1.7459702347109
-0.215472840897624,0,-1.7286613968507
-0.218556711631917,0,-1.70874408216774
-0.222430753963889,0,-1.68641693235653
-0.227209836042213,0,-1.66189574733333
-0.232984578821726,0,-1.6354079299401
-0.239821466980803,0,-1.60718725574734
-0.247763681523104,0,-1.57746913548095
-0.256832517521609,0,-1.54648647529806
-0.26702924924837,0,-1.5144661842666
-0.278337313485426,0,-1.48162633259396
-0.290724696144226,0,-1.44817392974694
-0.304146424002214,0,-1.41430326826349
-0.318547079821209,0,-1.38019476540949
-0.333863273697288,0,-1.34601422904894
-0.350026015416001,0,-1.3119124742946
-0.366962941764171,0,-1.27802522199616
-0.384600359616739,0,-1.24447321751006
-0.402865070946408,0,-1.21136251737867
-0.421685950623448,0,-1.1787849016692
-0.440995252899722,0,-1.14681838009098
-0.460729628560757,0,-1.11552777002115
-0.480830842356462,0,-1.08496533366935
-0.501246189595483,0,-1.05517146927969
-0.521928621429979,0,-1.026175457043
-0.542836599728588,0,-0.997996263921272
-0.563933713631182,0,-0.970643412685424
-0.585188099867016,0,-0.944117919173957
-0.606571716697905,0,-0.918413298373067
-0.628059526107598,0,-0.893516634909825
-0.649628640096223,0,-0.869409707628294
-0.67125748453431,0,-0.846070151868051
-0.6929250282543,0,-0.823472637662976
-0.714610116518854,0,-0.801590037997248
-0.736290937560282,0,-0.780394558980576
-0.75794463951464,0,-0.759858803585176
-0.779547103759215,0,-0.739956742423493
-0.801072870275917,0,-0.720664568712616
-0.822495201888874,0,-0.701961419667077
-0.843786267509682,0,-0.683829952575832
-0.864917420069664,0,-0.6662567702041
-0.885859542600351,0,-0.649232696397031
-0.906583435732109,0,-0.632752908410599
-0.92706022137772,0,-0.616816937228967
-0.947261740141828,0,-0.601428550746814
-0.96716092361805,0,-0.586595537122848
-0.986732126796756,0,-0.572329406877065
-1.0059514099556,0,-0.558645032522121
-1.02479676336178,0,-0.545560243856608
-1.04324827167782,0,-0.533095395701815
-1.06128821800463,0,-0.521272923036234
-1.07890112995744,0,-0.51011689636404
-1.09607377204398,0,-0.499652587911088
-1.11279508993473,0,-0.489906057010377
-1.12905611304039,0,-0.480903760920838
-1.14484982221681,0,-0.472672195390322
-1.1601709894815,0,-0.465237567570049
-1.17501599642493,0,-0.458625502436484
-1.18938263760437,0,-0.452860782685679
-1.20326991467625,0,-0.447967121133398
-1.21667782640339,0,-0.443966963973845
-1.22960715900518,0,-0.440881322803477
-1.24205928063561,0,-0.43872963307058
-1.25403594310648,0,-0.437529636518908
-1.26553909336756,0,-0.437297285142738
-1.2765706966855,0,-0.438046664230584
-1.28713257299846,0,-0.43978993205312
-1.29722624750552,0,-0.442537273786323
-1.30685281617409,0,-0.44629686735434
-1.31601282651288,0,-0.451074859017774
-1.32470617365166,0,-0.456875346731285
-1.33293201149587,0,-0.463700369525505
-1.34068867848536,0,-0.471549901410296
-1.34797363728246,0,-0.480421848533018
-1.3547834275447,0,-0.490312048547634
-1.36111363079768,0,-0.501214271353975
-1.36695884631277,0,-0.51312022055077
-1.37231267680769,0,-0.526019535111779
-1.3771677227255,0,-0.53989979094325
-1.38151558380622,0,-0.554746502114794
-1.38534686664459,0,-0.57054312167707
-1.38865119692715,0,-0.587271042090345
-1.39141723506116,0,-0.60490959539085
-1.39363269394804,0,-0.623436053319014
-1.39528435771379,0,-0.642825627727818
-1.39635810029118,0,-0.663051471682669
-1.39683890285099,0,-0.684084681758558
-1.39671086920595,0,-0.705894302137257
-1.39595723845888,0,-0.728447331207998
-1.39456039433823,0,-0.751708731479766
-1.39250187085873,0,-0.775641443721366
-1.38976235416173,0,-0.800206406355326
-1.38632168062886,0,-0.825362581240544
-1.38215883162141,0,-0.851066987082527
-1.37725192547451,0,-0.877274741803556
-1.37157820766606,0,-0.903939115281588
-1.36511404038104,0,-0.931011593917904
-1.35783489299559,0,-0.958441958510152
-1.34971533530503,0,-0.986178376879094
-1.34072903560578,0,-1.01416751261286
-1.33084876600098,0,-1.04235465114027
-1.32004641752094,0,-1.07068384411388
-1.30829302781587,0,-1.09909807276336
-1.29555882427422,0,-1.12753943046305
-1.28181328542679,0,-1.15594932423896
-1.2670252233986,0,-1.1842686943198
-1.25116288995077,0,-1.2124382501197
-1.2341941083013,0,-1.24039872023928
-1.21608643241923,0,-1.2680911132079
-1.19680733485,0,-1.29545698479331
-1.1763244233595,0,-1.32243870681406
-1.1546056857984,0,-1.34897973155299
-1.13161976161743,0,-1.37502484514031
-1.10733623744841,0,-1.40052040271212
-1.08172596315928,0,-1.4254145378118
-1.05476138385281,0,-1.44965733844331
-1.02641688247429,0,-1.47320098245257
-0.996669127089699,0,-1.49599982553557
-0.965497416550449,0,-1.51801043616329
-0.932884018224391,0,-1.53919157306303
-0.898814491774614,0,-1.55950410257052
-0.863277993617061,0,-1.5789108551119
-0.826267557668731,0,-1.59737642221466
-0.787780349267317,0,-1.61486689769382
-0.747817890633123,0,-1.63134956891978
-0.70638625786612,0,-1.64679256625305
-0.663496251120198,0,-1.66116448074346
-0.619163541158992,0,-1.67443396196502
-0.573408796857024,0,-1.68656930933738
-0.526257799255267,0,-1.69753807143441
-0.477741548412437,0,-1.70730666857827
-0.427896369430547,0,-1.71584005445349
-0.376764023616361,0,-1.72310143254745
-0.324391829736946,0,-1.72905204292528
-0.270832798735657,0,-1.73365103416957
-0.216145783126576,0,-1.73685543423757
-0.160395639649487,0,-1.73862023248117
-0.103653400751024,0,-1.73889858310045
-0.0459964472068677,0,-1.73764213782142
0.0124913291028806,0,-1.73480151257436
0.0717193863937819,0,-1.73032688939072
0.131590435026118,0,-1.72416875066014
0.192000399383368,0,-1.71627873836142
0.252838459798303,0,-1.70661062602381
0.313987194913625,0,-1.69512138616204
0.37532284381556,0,-1.68177233098502
0.43671570493602,0,-1.66653029956936
0.49803068509076,0,-1.64936886070088
0.559128007210044,0,-1.6302694975061
0.619864079520773,0,-1.60922273808116
0.680092522434709,0,-1.58622919578664
0.739665342532352,0,-1.56130048384812
0.798434236193073,0,-1.53445997143199
0.856251999008469,0,-1.50574335240124
0.912974011508191,0,-1.47519900335017
0.968459767259774,0,-1.44288811403424
1.02257440633896,0,-1.40888458064295
1.07519021567937,0,-1.37327466015468
1.12618805797604,0,-1.33615639187911
1.17545869261275,0,-1.2976387998575
1.22290395538906,0,-1.2578408966986
1.26843776843988,0,-1.21689051537301
1.31198695740156,0,-1.17492300023044
1.35349185927422,0,-1.13207979187635
1.3929067112264,0,-1.08850694246283
1.43019981745209,0,-1.04435359840999
1.46535349780508,0,-0.999770486650284
1.49836382802456,0,-0.954908438316517
1.52924018669756,0,-0.909916980564183
1.55800462850926,0,-0.86494302315571
1.58469110670179,0,-0.820129661784623
1.60934456995074,0,-0.775615115131228
1.63201996008919,0,-0.73153180755793
1.65278113732329,0,-0.688005604388787
1.67169975889765,0,-0.645155202059279
1.68885413571459,0,-0.603091671215548
1.70432808934315,0,-0.561918147193834
1.7182098293296,0,-0.52172965928586
1.73059086789942,0,-0.482613087822081
1.7415649861681,0,-0.444647236375877
1.75122726298508,0,-0.407903005274402
1.75967317463259,0,-0.3724436520409
1.76699777087684,0,-0.338325124319494
1.77329493038838,0,-0.305596451168504
1.7786566963559,0,-0.274300179271345
1.78317269123667,0,-0.244472841525078
1.78692960802633,0,-0.216145446551083
1.79001077418246,0,-0.189343978862492
1.79249578338643,0,-0.16408990066058
1.79446018964909,0,-0.140400647468239
1.79597525783173,0,-0.118290111003991
1.79710776443032,0,-0.0977691038245835
1.79791984242801,0,-0.0788458012969818
1.79846886412598,0,-0.0615261573873566
1.79880735608721,0,-0.0458142915681436
1.79898294064506,0,-0.0317128448419519
1.79903829881593,0,-0.0192233034647721
1.79901114989271,0,-0.00834628942462556
1.79893424346688,0,0.000918182901228325
1.79883536012195,0,0.00857048408160074
1.79873731754264,0,0.0146111812071621
1.79865797929215,0,0.0190408835755478
1.79861026402375,0,0.0218601221973965
1.79860215341562,0,0.0230692621571355
1.79863669786553,0,0.0226684373120412
1.79871201864432,0,0.0206575243038013
1.79882130552408,0,0.0170361810630514
1.79895281158121,0,0.0118039057396153
1.7990898461464,0,0.00496010785195976
1.79921076628315,0,-0.00349577901962847
1.79928896868036,0,-0.0135641488707027
1.79929288423068,0,-0.0252450403451206
1.79918597805039,0,-0.0385379195301429
1.79892675819864,0,-0.053441428637985
1.79846879685116,0,-0.0699531010399569
1.79776076817191,0,-0.0880690431542161
1.79674650759411,0,-0.107783584168355
1.79536509765071,0,-0.129088895083165
1.79355098587298,0,-0.151974579107907
1.79123414058297,0,-0.176427236138437
1.78834025061754,0,-0.202430004862503
1.78479097511273,0,-0.229962086960374
1.78050424941789,0,-0.258998258895909
1.77539465296868,0,-0.289508377908804
1.76937384449494,0,-0.321456890001105
1.76235106924277,0,-0.354802348929563
1.75423374192168,0,-0.38949695643042
1.74492810782468,0,-0.42548613506539
1.73433998299612,0,-0.46270814612845
1.72237557243498,0,-0.501093765925298
1.70894236312939,0,-0.540566034356799
1.69395008624772,0,-0.581040090025992
1.6773117401087,0,-0.622423105965894
1.65894466268438,0,-0.664614339476697
1.63877163944402,0,-0.70750530839943
1.61672202943623,0,-0.750980104387144
1.59273288975902,0,-0.794915851334016
1.56675007612964,0,-0.839183314084887
1.5387292952917,0,-0.883647658903173
1.50863708364212,0,-0.928169362991491
1.47645168587216,0,-0.972605265744201
1.44216380772358,0,-1.01680974951106
1.40577721826185,0,-1.06063603264978
1.36730917942008,0,-1.10393755275599
1.32679068398031,0,-1.14656941341729
1.28426648758156,0,-1.18838986388838
1.23979492567008,0,-1.22926177796667
1.19344751236345,0,-1.26905409628375
1.1453083247614,0,-1.30764319540198
1.09547318302491,0,-1.344914147652
1.0440486432507,0,-1.38076183763871
0.991150826458353,0,-1.4150919047758
0.936904112552085,0,-1.44782148600232
0.881439732607183,0,-1.47887973882538
0.824894295997373,0,-1.50820813178264
0.767408290520462,0,-1.53576049702259
0.709124593675869,0,-1.56150284760494
0.650187031574615,0,-1.58541296994598
0.590739018697866,0,-1.60747980918669
0.530922307044154,0,-1.62770267178226
0.470875867390167,0,-1.64609027498576
0.410734918782547,0,-1.66265967688477
0.350630115375173,0,-1.67743512309829
0.290686892744268,0,-1.69044684710113
0.231024969255387,0,-1.70172986046789
0.171757992280805,0,-1.71132276726225
0.112993314360464,0,-1.71926663356039
0.0548318809614268,0,-1.72560393896262
-0.0026317905836741,0,-1.730377632211
-0.0593095620932683,0,-1.73363030798665
-0.115119576092088,0,-1.73540351687566
-0.169986126841962,0,-1.73573721558892
-0.223839517264643,0,-1.73466935996374
-0.276615915030995,0,-1.7322356391713
-0.328257217587512,0,-1.7284693459571
-0.378710932276676,0,-1.72340137466009
-0.427930074207695,0,-1.71706033616947
-0.475873081340102,0,-1.70947277684976
-0.522503743507003,0,-1.70066348675694
-0.567791139938671,0,-1.69065588115035
-0.61170957832161,0,-1.67947243836481
-0.65423852757509,0,-1.66713517654539
-0.69536253634213,0,-1.65366615158242
-0.735071129636358,0,-1.63908795884109
-0.773358677090869,0,-1.62342422198156
-0.810224227723305,0,-1.60670005332628
-0.845671307944179,0,-1.58894247184306
-0.879707681558125,0,-1.57018076684237
-0.912345072598257,0,-1.5504467978726
-0.943598853851422,0,-1.52977522394452
-0.97348770574776,0,-1.50820365801221
-1.00203325179295,0,-1.48577274545073
-1.02925967783535,0,-1.46252616796859
-1.05519334313511,0,-1.4385105768489
-1.07986239142582,0,-1.41377546152056
-1.10329636995059,0,-1.38837296114077
-1.12552586386349,0,-1.36235762807371
-1.14658215248278,0,-1.3357861528657
-1.16649689274903,0,-1.30871706056046
-1.18530183396711,0,-1.28121038801569
-1.20302856658196,0,-1.25332735133729
-1.2197083064321,0,-1.22513001171824
-1.23537171470474,0,-1.19668094693639
-1.25004875273175,0,-1.16804293460949
-1.26376856984798,0,-1.13927865210031
-1.27655942179982,0,-1.11045039677065
-1.28844861664653,0,-1.08161982915312
-1.29946248473116,0,-1.0528477405778
-1.30962636909869,0,-1.02419384588482
-1.31896463268491,0,-0.995716601085131
-1.32750067866727,0,-0.967473045205071
-1.33525698053646,0,-0.939518665063039
-1.34225511869001,0,-0.911907281368641
-1.34851582064709,0,-0.884690954294765
-1.35405900231831,0,-0.857919906535448
-1.35890380811946,0,-0.831642461811527
-1.36306864808221,0,-0.805904996805868
-1.36657123047612,0,-0.780751904585029
-1.36942858880902,0,-0.756225567680183
-1.37165710240959,0,-0.732366339144372
-1.37327251011367,0,-0.70921253006437
-1.37428991687169,0,-0.686800402174445
-1.3747237933661,0,-0.665164164388446
-1.37458796897519,0,-0.644335972230265
-1.37389561864114,0,-0.624345929296636
-1.37265924439682,0,-0.605222090027968
-1.37089065247713,0,-0.586990463191316
-1.36860092708738,0,-0.569675015594758
-1.36580040202384,0,-0.553297675655363
-1.36249863144016,0,-0.537878336535755
-1.35870436113015,0,-0.52343485864933
-1.35442550175108,0,-0.509983071414637
-1.34966910544474,0,-0.497536774218429
-1.34444134732527,0,-0.486107736627862
-1.33874751329487,0,-0.475705697978559
-1.33259199561983,0,-0.46633836655998
-1.32597829765083,0,-0.458011418725789
-1.31890904900221,0,-0.450728498377667
-1.31138603241306,0,-0.444491217408975
-1.30341022339778,0,-0.439299157852812
-1.29498184365158,0,-0.435149876659634
-1.28610042900444,0,-0.43203891423465
-1.27676491251261,0,-0.429959808092933
-1.26697372303833,0,-0.428904113232275
-1.2567248993988,0,-0.428861431059304
-1.24601621987228,0,-0.429819448898008
-1.23484534654125,0,-0.431763992221878
-1.22320998362626,0,-0.43467909177858
-1.21110804863748,0,-0.438547067655641
-1.19853785472029,0,-0.443348632400363
-1.18549830209986,0,-0.449063015250236
-1.17198907595197,0,-0.455668109592745
-1.15801084738982,0,-0.463140645811121
-1.14356547362279,0,-0.471456391527703
-1.12865619273278,0,-0.480590380901327
-1.1132878079553,0,-0.490517174042686
-1.09746685587203,0,-0.501211146785697
-1.08120175255451,0,-0.512646810000557
-1.06450291149116,0,-0.52479915636012
-1.04738282713921,0,-0.537644030982245
-1.02985611823382,0,-0.551158520683694
-1.01193952562365,0,-0.565321354729556
-0.993651860449085,0,-0.580113308002357
-0.975013899985604,0,-0.595517595529253
-0.956048230471272,0,-0.611520245403844
-0.936779038722152,0,-0.628110435457397
-0.917231857268681,0,-0.645280777729971
-0.897433271022886,0,-0.663027534034925
-0.877410596953072,0,-0.681350745868912
-0.857191551677837,0,-0.700254262743019
-0.836803925013398,0,-0.719745654807943
-0.81627527998834,0,-0.739835998463085
-0.795632701324856,0,-0.760539527439017
-0.774902614530908,0,-0.781873146489076
-0.754110696259691,0,-0.803855810078938
-0.733281893274355,0,-0.826507773985735
-0.712440562152297,0,-0.849849733098852
-0.691610734898624,0,-0.87390186350385
-0.670816507236296,0,-0.898682790693018
-0.650082537021038,0,-0.924208508115161
-0.629434630678088,0,-0.950491271014133
-0.608900386566094,0,-0.977538489543507
-0.588509856553448,0,-1.00535164261497
-0.568296181578773,0,-1.03392523016992
-0.548296154119293,0,-1.06324577705451
-0.528550660610014,0,-1.09329089703682
-0.509104959939812,0,-1.12402842137692
-0.490008759885403,0,-1.15541559334742
-0.47131606115642,0,-1.1873983286898
-0.45308474786631,0,-1.21991054249402
-0.4353759129116,0,-1.25287354552929
-0.418252916205991,0,-1.28619551756027
-0.401780182431587,0,-1.31977107142363
-0.386021752660935,0,-1.35348092924975
-0.371039610897514,0,-1.38719174073707
-0.35689181259562,0,-1.42075608228466
-0.343630448099507,0,-1.45401268444396
-0.331299480362967,0,-1.48678694282769
-0.31993250395294,0,-1.51889177342096
-0.309550481736239,0,-1.5501288760748
-0.30015952702043,0,-1.58029046849651
-0.291748812018125,0,-1.60916154576018
-0.284288697453247,0,-1.63652270564651
-0.277729191317053,0,-1.66215355655757
-0.271998854839637,0,-1.6858366914613
-0.267004277657538,0,-1.70736216846357
-0.262630238600375,0,-1.72653238791706
-0.2587406504039,0,-1.74316720119934
-0.255180353916997,0,-1.75710903332233
-0.25177777982908,0,-1.76822775806168
-0.248348436054721,0,-1.77642503879901
-0.244699112074653,0,-1.78163784841219
-0.240632625721494,0,-1.78384091221864
-0.235952882478025,0,-1.78304787953351
-0.230469981247187,0,-1.77931111672976
-0.224005090187881,0,-1.77272011754164
-0.216394833895834,0,-1.7633986311429
-0.207494976448171,0,-1.75150070107772
-0.197183246872279,0,-1.73720587664862
-0.185361225030132,0,-1.72071389579033
-0.171955276779985,0,-1.70223914338783
-0.156916589112655,0,-1.68200516525086
-0.140220403114534,0,-1.66023947299811
-0.121864572748928,0,-1.63716881796584
-0.101867591221429,0,-1.61301505163227
-0.0802662268960944,0,-1.58799163294444
-0.0571129012689116,0,-1.56230079404281
-0.0324729264860716,0,-1.53613133758626
-0.00642170293179911,0,-1.5096570116941
0.0209580387630722,0,-1.48303539166789
0.0495788806205111,0,-1.4564071896778
0.0793511849339914,0,-1.42989591282465
0.110185333865534,0,-1.40360779482838
0.141993693529201,0,-1.37763193567386
0.174692259404921,0,-1.35204059570154
0.208201944838441,0,-1.3268896048283
0.242449481306594,0,-1.30221886279609
0.277367909185725,0,-1.27805292145789
0.312896651536131,0,-1.25440165388422
0.348981180776602,0,-1.23126102619572
0.385572308162084,0,-1.20861399524595
0.422625147070515,0,-1.18643155760223
0.460097821114447,0,-1.16467397218061
0.497950004684238,0,-1.143292170511
0.536141394549791,0,-1.12222935578214
0.574630214997652,0,-1.10142277605041
0.613371854901527,0,-1.08080564026776
0.652317723343566,0,-1.06030913024783
0.691414392105345,0,-1.03986444935058
0.730603070482271,0,-1.01940484106349
0.769819432849537,0,-0.998867508655008
0.808993794719465,0,-0.978195370766564
0.848051610919515,0,-0.957338596562341
0.88691425170149,0,-0.936255876681204
0.925500000098381,0,-0.91491540121086
0.963725206997607,0,-0.893295531630982
1.00150553888757,0,-0.871385168692855
1.03875725626975,0,-0.849183831365926
1.07539846723242,0,-0.826701472522994
1.11135030947356,0,-0.803958064593346
1.14653802400939,0,-0.780982992979129
1.18089189394568,0,-0.75781429686969
1.21434803127504,0,-0.734497796643402
1.2468490031896,0,-0.711086144843251
1.2783442965795,0,-0.687637834286202
1.30879062512397,0,-0.664216192706122
1.33815208771061,0,-0.640888388845636
1.36640018997046,0,-0.617724470420965
1.39351374267106,0,-0.594796450110841
1.41947865176667,0,-0.572177451809119
1.4442876152574,0,-0.549940925907235
1.46793974183325,0,-0.528159939362745
1.49044010572391,0,-0.506906543754714
1.51179925136008,0,-0.486251222394488
1.53203266047245,0,-0.466262415809113
1.55116019317735,0,-0.44700612349773
1.56920551347651,0,-0.428545578733682
1.58619550846518,0,-0.410940992305415
1.60215970942378,0,-0.394249360421568
1.61712972187911,0,-0.378524331519547
1.63113867067357,0,-0.363816126386727
1.64422066508325,0,-0.350171505807934
1.65641028808417,0,-0.337633779873605
1.66774211298669,0,-0.326242853103734
1.67825024984449,0,-0.31603529964827
1.68796792330161,0,-0.307044463000943
1.69692708287095,0,-0.299300574896947
1.70515804604296,0,-0.292830888343609
1.71268917410551,0,-0.287659820043655
1.71954658011238,0,-0.283809097809917
1.72575386807137,0,-0.281297908921782
1.73133190212767,0,-0.280143045736703
1.73629860429344,0,-0.280359045237057
1.74066877911613,0,-0.281958319555906
1.74445396358196,0,-0.284951274879362
1.74766230051312,0,-0.289346416462321
1.7502984337322,0,-0.295150437813389
1.75236342332959,0,-0.302368292400394
1.75385467947461,0,-0.31100324649797
1.75476591335264,0,-0.321056912042798
1.75508710398413,0,-0.332529258581091
1.75480447988234,0,-0.345418603588839
1.75390051473062,0,-0.359721580621022
1.75235393650371,0,-0.375433084905236
1.75013974971731,0,-0.392546196142303
1.74722927076328,0,-0.4110520784162
1.7435901765722,0,-0.430939857253443
1.73918656713713,0,-0.452196474013606
1.73397904273123,0,-0.474806517943897
1.72792479695321,0,-0.498752036398053
1.72097772703701,0,-0.524012323909627
1.71308856316037,0,-0.550563691028822
1.70420501877779,0,-0.578379214086742
1.69427196428027,0,-0.60742846734796
1.68323162654111,0,-0.637677239357502
1.67102381713461,0,-0.669087235687308
1.65758619220278,0,-0.701615770744323
1.64285454708289,0,-0.735215451820701
1.62676314888005,0,-0.769833859147451
1.60924511015995,0,-0.805413226354931
1.59023280682819,0,-0.841890126442705
1.5696583430358,0,-0.879195169109464
1.54745406558517,0,-0.917252716078302
1.52355312978666,0,-0.955980621856291
1.49789011801329,0,-0.995290008166227
1.47040171130314,0,-1.03508508105332
1.4410274132511,0,-1.0752630003638
1.40971032410663,0,-1.11571381187369
1.37639796145057,0,-1.15632045276502
1.34104312207156,0,-1.1969588413507
1.30360477772159,0,-1.23749806188047
1.26404899533553,0,-1.27780065486117
1.2223498701014,0,-1.31772302253971
1.17849045753249,0,-1.35711595797579
1.132463688502,0,-1.3958253044348
1.08427324915469,0,-1.43369274963454
1.03393440581747,0,-1.47055675667728
0.981474753613959,0,-1.50625363031234
0.926934866569417,0,-1.54061871355082
0.870368826693658,0,-1.57348770567465
0.81184460995977,0,-1.6046980884586
0.751444308344926,0,-1.63409064310036
0.689264169226401,0,-1.66151103610297
0.625414436452855,0,-1.68681144836831
0.56001898131479,0,-1.70985221824735
0.493214716345291,0,-1.73050346645966
0.425150790267332,0,-1.74864666883637
0.355987568289544,0,-1.76417614192729
0.285895408121583,0,-1.77700040677291
0.215053248273894,0,-1.78704339765267
0.14364703115049,0,-1.79424548539723
0.071867988857805,0,-1.7985642888396
-8.91757304360549e-05,0,-1.79997525305746
-0.0720281765279411,0,-1.7984719790383
-0.143753061920736,0,-1.79406629603872
-0.215070123072087,0,-1.78678807492523
-0.285789753714724,0,-1.77668478786917
-0.355728224051545,0,-1.76382082661091
-0.424709334421396,0,-1.74827659781254
-0.492565918541911,0,-1.73014741952256
-0.559141171200473,0,-1.70954224726847
-0.624289780974011,0,-1.68658226162268
-0.687878854639377,0,-1.66139935117238
-0.749788626112458,0,-1.63413452564918
-0.809912948760009,0,-1.60493629359116
-0.868159575527723,0,-1.57395903742581
-0.92445023632646,0,-1.5413614164298
-0.978720526368783,0,-1.50730482482583
-1.03091962255466,0,-1.4719519285205
-1.08100984752418,0,-1.43546529987689
-1.12896610262948,0,-1.39800616565035
-1.17477519187193,0,-1.35973327897729
-1.21843505888105,0,-1.32080192224849
-1.25995395837963,0,-1.2813630439477
-1.2993495824007,0,-1.24156252918463
-1.33664815991894,0,-1.2015406007615
-1.37188354665288,0,-1.16143134521401
-1.4050963196993,0,-1.12136235636818
-1.43633288947987,0,-1.0814544875361
-1.46564463930199,0,-1.04182170250334
-1.49308710073152,0,-1.00257101489391
-1.51871917100287,0,-0.963802505281007
-1.5426023768901,0,-0.92560940548808
-1.56480018785934,0,-0.888078239837101
-1.58537737992966,0,-0.851289013595975
-1.60439945049131,0,-0.815315439503737
-1.62193208336023,0,-0.78022519396666
-1.63804066257582,0,-0.746080195281974
-1.65278983285841,0,-0.712936897026757
-1.66624310421552,0,-0.680846590522241
-1.67846249790215,0,-0.649855711028413
-1.68950823077998,0,-0.62000614302633
-1.69943843506399,0,-0.591335520596151
-1.70830891047475,0,-0.56387751949188
-1.71617290591416,0,-0.537662138046843
-1.72308092793707,0,-0.512715964517113
-1.72908057348807,0,-0.489062428885649
-1.734216384602,0,-0.466722037511661
-1.73852972301827,0,-0.445712589322353
-1.74205866292653,0,-0.426049372513304
-1.74483790033801,0,-0.407745340955447
-1.74689867785868,0,-0.39081126970692
-1.74826872392281,0,-0.375255889203412
-1.74897220582613,0,-0.361085997857184
-1.74902969617321,0,-0.348306552938653
-1.74845815262208,0,-0.336920739751159
-1.74727091106836,0,-0.326930019244769
-1.74547769265804,0,-0.318334154353653
-1.74308462525159,0,-0.311131215488656
-1.74009428017826,0,-0.305317565776181
-1.73650572531565,0,-0.3008878268102
-1.73231459570311,0,-0.297834825879186
-1.72751318304256,0,-0.296149525846264
-1.7220905455549,0,-0.2958209391004
-1.71603263973801,0,-0.296836027259312
-1.70932247560914,0,-0.29917958859022
-1.70194029700611,0,-0.302834135420299
-1.69386378846251,0,-0.307779764131348
-1.68506831005855,0,-0.313994020668015
-1.67552716147723,0,-0.32145176483033
-1.66521187626158,0,-0.330125036963533
-1.6540925469704,0,-0.339982930995286
-1.64213818156559,0,-0.350991478094818
-1.62931709092977,0,-0.36311354553902
-1.61559730691079,0,-0.376308755653355
-1.6009470297171,0,-0.390533429947549
-1.58533510284544,0,-0.405740563777255
-1.56873151301197,0,-0.421879837021262
-1.55110791178024,0,-0.438897666358104
-1.53243815473676,0,-0.456737304742662
-1.51269885315994,0,-0.475338993607941
-1.49186993216308,0,-0.494640173132912
-1.46993518827202,0,-0.514575755604699
-1.44688283832756,0,-0.535078466438871
-1.42270605049375,0,-0.556079256776845
-1.39740344701908,0,-0.577507790719826
-1.37097956726503,0,-0.599293009143641
-1.343445278422,0,-0.621363770621565
-1.31481812033109,0,-0.643649568211975
-1.28512256999858,0,-0.66608131869277
-1.25439021083116,0,-0.688592218198694
-1.22265979146678,0,-0.711118655108165
-1.18997715949182,0,-0.733601167425871
-1.1563950565111,0,-0.755985427848857
-1.12197276318121,0,-0.778223235276851
-1.08677558614091,0,-0.800273486895773
-1.05087418345862,0,-0.822103100379875
-1.01434373139088,0,-0.843687851574007
-0.977262942923172,0,-0.865013089680709
-0.939712957607953,0,-0.886074290012427
-0.90177613228028,0,-0.906877404340913
-0.863534772737259,0,-0.927438971322561
-0.825069856580403,0,-0.947785954829629
-0.786459806082531,0,-0.9679552864934
-0.747779375947051,0,-0.987993100278747
-0.709098722949162,0,-1.00795366098464
-0.670482721609077,0,-1.02789800430299
-0.631990581521013,0,-1.04789232217619
-0.593675807567284,0,-1.06800614209471
-0.555586524494593,0,-1.08831036099618
-0.517766163479676,0,-1.10887520204064
-0.480254482311641,0,-1.12976816462889
-0.443088865111595,0,-1.15105203413053
-0.406305824726151,0,-1.17278300820734
-0.369942613511327,0,-1.19500898246766
-0.33403883804123,0,-1.2177680212436
-0.298637971336171,0,-1.24108702173071
-0.263788662477469,0,-1.26498056381813
-0.229545756910237,0,-1.28944992563806
-0.195970959450722,0,-1.31448223757767
-0.163133093632457,0,-1.34004974589634
-0.13110793307161,0,-1.36610916109243
-0.0999776008309107,0,-1.39260107504769
-0.0698295497493084,0,-1.41944944359124
-0.040755149609607,0,-1.44656114612021
-0.0128479158951941,0,-1.47382564995024
0.0137985794747875,0,-1.50111482293933
0.039093071324912,0,-1.52828295258794
0.0629491908098523,0,-1.5551670423205
0.0852882291955643,0,-1.58158746502568
0.106042016241009,0,-1.60734905903393
0.125155842644759,0,-1.63224275112866
0.142591341359635,0,-1.6560477832284
0.158329224958847,0,-1.67853460220287
0.172371757490263,0,-1.69946844422889
0.184744822324856,0,-1.71861360516978
0.195499436306552,0,-1.73573833702572
0.20471255952433,0,-1.75062024991929
0.212487063575805,0,-1.76305203423067
0.218950752429121,0,-1.77284725582802
0.224254379770969,0,-1.77984592823028
0.22856867265275,0,-1.78391953886579
0.232080447265597,0,-1.78497521061425
0.23498797958358,0,-1.78295871891114
0.237495860535146,0,-1.77785615753086
0.239809611960789,0,-1.76969414517661
0.242130358471224,0,-1.7585385774154
0.244649838712577,0,-1.74449203885375
0.247546000055042,0,-1.72769008392943
0.25097936047048,0,-1.70829666017119
0.255090250181468,0,-1.68649897977143
0.259996973801951,0,-1.66250214436331
0.265794869796847,0,-1.63652379946682
0.272556193927542,0,-1.6087890476096
0.280330719422044,0,-1.57952579188829
0.289146928539895,0,-1.54896062301519
0.299013665592258,0,-1.51731530896931
0.30992212686752,0,-1.48480390114161
0.321848074632077,0,-1.45163043604807
0.334754177145056,0,-1.41798718731469
0.348592391891058,0,-1.38405340766371
0.363306323283571,0,-1.34999449345001
0.3788334980128,0,-1.31596150316773
0.395107510772253,0,-1.28209096464428
0.412060000577835,0,-1.24850491197134
0.429622423908983,0,-1.21531110146792
0.447727596237704,0,-1.18260336523462
0.466310978962001,0,-1.15046207041815
0.485311694988099,0,-1.11895466154908
0.50467326363282,0,-1.08813627170129
0.524344054249335,0,-1.05805039526588
0.54427746778208,0,-1.02872962042547
0.564431865783109,0,-1.00019642266137
0.584770276493924,0,-0.972464021689035
0.605259916522676,0,-0.94553730315369
0.625871573563036,0,-0.919413803501785
0.646578899807005,0,-0.89408475214038
0.667357666768655,0,-0.869536159923955
0.688185030060434,0,-0.84574993785713
0.709038847489845,0,-0.822705025351726
0.729897086211433,0,-0.800378504009654
0.750737345332223,0,-0.778746671135488
0.771536510194372,0,-0.757786047223737
0.792270544415131,0,-0.737474293508407
0.81291441642627,0,-0.717791019102669
0.833442149332211,0,-0.698718461938314
0.853826976801476,0,-0.680242033188214
0.874041583606321,0,-0.662350720638537
0.894058407317554,0,-0.645037352114354
0.913849977368724,0,-0.628298725165564
0.93338926893284,0,-0.612135613501375
0.952650051445993,0,-0.59655266394287
0.971607214786072,0,-0.581558199874776
0.990237059710112,0,-0.567163948343808
1.00851754285487,0,-0.553384708169859
1.02642847015862,0,-0.540237975855436
1.04395163578237,0,-0.527743544872303
1.06107090637715,0,-0.51592309225257
1.07777225280054,0,-0.50479976448533
1.09404373311912,0,-0.494397772669462
1.10987543196882,0,-0.484742004822033
1.12525936213201,0,-0.475857661283947
1.1401893345928,0,-0.46776991736668
1.15466080341951,0,-0.46050361578788
1.16867069166555,0,-0.454082990072196
1.18221720413714,0,-0.448531418957705
1.19529963240259,0,-0.443871210952935
1.20791815685313,0,-0.440123417537292
1.22007365000313,0,-0.437307673083962
1.23176748456949,0,-0.435442059381323
1.24300134923603,0,-0.434542992559953
1.25377707439295,0,-0.4346251302997
1.26409646966217,0,-0.435701297078841
1.27396117454987,0,-0.43778242526046
1.28337252318572,0,-0.440877509783821
1.29233142376757,0,-0.444993574243471
1.30083825300202,0,-0.450135646264668
1.3088927655281,0,-0.456306740272858
1.31649401803521,0,-0.463507845982593
1.32364030754345,0,-0.471737921168223
1.33032912310659,0,-0.480993887505948
1.33655711002285,0,-0.491270628485543
1.34232004549498,0,-0.5025609885778
1.34761282456476,0,-0.514855773011037
1.35242945505646,0,-0.528143747658824
1.35676306019537,0,-0.542411638673778
1.36060588752201,0,-0.557644131621406
1.36394932269719,0,-0.57382386997622
1.36678390678875,0,-0.590931452942568
1.36909935564722,0,-0.608945432657786
1.3708845800146,0,-0.627842310928378
1.37212770506974,0,-0.647596535743888
1.37281608819434,0,-0.668180497910887
1.37293633384772,0,-0.68956452825341
1.37247430456601,0,-0.711716895938409
1.37141512725289,0,-0.734603808606544
1.36974319410591,0,-0.758189415120608
1.36744215772393,0,-0.782435811885434
1.36449492016871,0,-0.807303053842647
1.36088361600592,0,-0.832749171398033
1.35658958962801,0,-0.858730194694028
1.35159336746133,0,-0.885200186788777
1.34587462598094,0,-0.912111287438495
1.33941215679482,0,-0.939413769292037
1.33218383040984,0,-0.967056108384406
1.32416656064793,0,-0.994985070846817
1.31533627203362,0,-1.02314581772095
1.30566787281117,0,-1.05148202965947
1.2951352365582,0,-1.07993605309865
1.2837111956241,0,-1.10844906918792
1.27136754981785,0,-1.13696128634195
1.25807509387861,0,-1.16541215673426
1.24380366726076,0,-1.19374061637144
1.228522229631,0,-1.22188534757476
1.21219896518687,0,-1.24978506175991
1.19480141844742,0,-1.27737879936511
1.17629666352682,0,-1.30460624266179
1.15665150808061,0,-1.33140803603332
1.13583273212108,0,-1.35772610717961
1.1138073607598,0,-1.3835039816637
1.09054296869091,0,-1.4086870823345
1.06600801293448,0,-1.43322300451428
1.0401721890855,0,-1.45706175750645
1.01300680514135,0,-1.48015596302639
0.984485165994351,0,-1.5024610016366
0.954582960962773,0,-1.52393509920854
0.923278646366242,0,-1.5445393468373
0.890553815191033,0,-1.56423764947354
0.856393546368093,0,-1.5829966007489
0.820786727106508,0,-1.60078528396661
0.783726343056454,0,-1.61757500189853
0.7452097327549,0,-1.63333894074855
0.705238804740701,0,-1.64805177628587
0.663820217795277,0,-1.66168923260282
0.620965526836993,0,-1.67422760611319
0.576691298931132,0,-1.68564326920478
0.531019205534843,0,-1.69591216934954
0.483976098350509,0,-1.70500934043691
0.435594076902544,0,-1.71290844363548
0.385910556096005,0,-1.71958135522095
0.334968341503078,0,-1.72499781855731
0.282815718929109,0,-1.72912517680077
0.229506562941462,0,-1.73192820191576
0.175100466547427,0,-1.73336903423865
0.119662891166826,0,-1.73340724506607
0.0632653325878476,0,-1.73200003253758
0.0059854948900088,0,-1.72910255837906
-0.0520925394254722,0,-1.72466842983084
-0.110878158398496,0,-1.71865032728648
-0.170274107041468,0,-1.71100077383185
-0.230176431954231,0,-1.70167303807117
-0.290474506188156,0,-1.6906221564867
-0.351051156571179,0,-1.67780605629343
-0.411782914494206,0,-1.66318675456946
-0.47254040852033,0,-1.64673160465712
-0.53318891314017,0,-1.628414556752
-0.593589062693075,0,-1.60821739653403
-0.653597733140816,0,-1.58613092391979
-0.713069087342281,0,-1.56215603373783
-0.771855772125225,0,-1.53630466147588
-0.829810248211315,0,-1.50860056024479
-0.886786227353841,0,-1.4790798796675
-0.942640185293753,0,-1.44779152334827
-0.99723291466927,0,-1.41479726863327
-1.05043107908369,0,-1.38017164019475
-1.10210872830173,0,-1.34400153716999
-1.1521487350568,0,-1.30638562175797
-1.20044411615466,0,-1.26743348492918
-1.24689920430099,0,-1.22726461187937
-1.29143064212976,0,-1.18600717575644
-1.33396817597138,0,-1.14379669278231
-1.37445523364189,0,-1.10077457503134
-1.41284927760811,0,-1.05708661875152
-1.44912193194459,0,-1.01288146624304
-1.48325888822887,0,-0.968309078036007
-1.51525960164544,0,-0.923519249592475
-1.54513679386427,0,-0.87866020320478
-1.57291578356514,0,-0.833877281411446
-1.59863366870021,0,-0.789311763360553
-1.62233838669112,0,-0.745099820373674
-1.64408767976947,0,-0.701371621743901
-1.66394799266785,0,-0.658250596755006
-1.6819933289672,0,-0.615852854217165
-1.69830409074955,0,-0.574286756619242
-1.71296592395288,0,-0.533652642397849
-1.72606858914202,0,-0.494042686876941
-1.73770487445672,0,-0.4555408901581
-1.74796956442431,0,-0.418223178627247
-1.7569584752593,0,-0.382157605747432
-1.76476756432537,0,-0.347404637368604
-1.77149211869144,0,-0.314017506829088
-1.7772260252352,0,-0.28204262556785
-1.78206112257454,0,-0.251520035727537
-1.78608663326061,0,-0.222483892224146
-1.78938867314885,0,-0.194962962914193
-1.79204983366755,0,-0.168981136737041
-1.79414883180667,0,-0.144557930990436
-1.79576022202654,0,-0.121708990163493
-1.79695416390463,0,-0.100446569965486
-1.79779623916654,0,-0.0807800013222931
-1.79834731175057,0,-0.0627161301456486
-1.79866342470196,0,-0.0462597296006257
-1.79879572795346,0,-0.0314138823980849
-1.79879043139725,0,-0.018180331319467
-1.79868877806528,0,-0.00655979674295304
-1.79852703269266,0,0.00344773961615394
-1.79833648142702,0,0.0118427850947703
-1.79814343894702,0,0.0186261209482329
-1.79796925976188,0,0.0237986217440862
-1.79783035097076,0,0.0273611094920162
-1.79773818423275,0,0.0293142438675709
-1.79769930500423,0,0.0296584560056966
-1.79771533924078,0,0.0283938879132471
-1.79778299638623,0,0.0255203504774903
-1.79789406626043,0,0.0210373535229641
-1.79803541133678,0,0.0149441752233053
-1.79818895596135,0,0.00723995193618689
-1.79833167338399,0,-0.00207619988061062
-1.79843557230216,0,-0.0130050278471392
-1.7984676851768,0,-0.0255469536416936
-1.79839006109403,0,-0.0397018486076806
-1.79815976646264,0,-0.0554687749379715
-1.79772889735093,0,-0.0728456926449933
-1.79704460777282,0,-0.0918291326976065
-1.79604915872324,0,-0.112413837116041
-1.79467999322242,0,-0.134592367298528
-1.79286984304199,0,-0.158354682416113
-1.79054687313452,0,-0.183687690411224
-1.78763487004728,0,-0.210574774954953
-1.78405348074479,0,-0.238995302657324
-1.77971850826217,0,-0.268924115877903
-1.77454227043042,0,-0.300331017638541
-1.76843402752154,0,-0.333180256375431
-1.76130048402171,0,-0.367430019555165
-1.75304636882322,0,-0.403031946480413
-1.74357509690275,0,-0.439930671876397
-1.73278951400509,0,-0.478063413020204
-1.72059272396714,0,-0.517359614182406
-1.70688899610205,0,-0.557740662916927
-1.69158474753693,0,-0.599119693177562
-1.67458959260276,0,-0.641401490272018
-1.65581744837367,0,-0.684482512203224
-1.63518768233355,0,-0.728251040916727
-1.61262628502157,0,-0.772587475310175
-1.58806704750865,0,-0.817364775524997
-1.56145272083662,0,-0.862449065018315
-1.53273613227477,0,-0.907700393225808
-1.50188123158444,0,-0.952973657334519
-1.46886403959455,0,-0.998119676891884
-1.43367347142516,0,-1.04298640983051
-1.39631200777027,0,-1.08742029317571
-1.35679618983995,0,-1.1312676864477
-1.31515691688925,0,-1.17437639082218
-1.27143952969057,0,-1.21659721273455
-1.22570366873363,0,-1.25778553706445
-1.17802290219522,0,-1.29780287256273
-1.12848412557577,0,-1.33651833098626
-1.07718674206745,0,-1.37381000164367
-1.0242416398704,0,-1.40956618481206
-0.969769989462082,0,-1.44368645077046
-0.913901889896571,0,-1.47608249593483
-0.856774898235237,0,-1.50667877360963
-0.798532479899599,0,-1.53541288395118
-0.739322419868951,0,-1.56223571555614
-0.6792952350807,0,-1.58711133927999
-0.618602627088936,0,-1.61001666306102
-0.557396011059712,0,-1.63094086427239
-0.495825152696699,0,-1.64988462307142
-0.434036938960182,0,-1.66685918602747
-0.37217430180542,0,-1.68188529373144
-0.310375307016709,0,-1.69499200894897
-0.248772412968884,0,-1.70621548311054
-0.187491897219234,0,-1.71559769856707
-0.126653442592244,0,-1.72318522221225
-0.0663698691745923,0,-1.72902800299089
-0.00674699461003805,0,-1.73317824174684
0.0521163976021587,0,-1.73568935711247
0.110128503420497,0,-1.73661506601052
0.167204378820025,0,-1.73600859211156
0.223265776093639,0,-1.73392201051245
0.278240954303215,0,-1.73040573216315
0.332064479484352,0,-1.7255081273065
0.384677026944038,0,-1.71927528348306
0.436025194513198,0,-1.71175089051947
0.486061332153367,0,-1.70297624235274
0.534743390064699,0,-1.69299034350952
0.582034784559832,0,-1.68183010651159
0.62790427857276,0,-1.66953062536906
0.672325871842028,0,-1.65612550961122
0.715278694583348,0,-1.64164726296329
0.756746897853137,0,-1.62612769078854
0.796719533775341,0,-1.60959832077378
0.835190419305247,0,-1.59209082203801
0.872157978158285,0,-1.57363740888476
0.907625056842968,0,-1.55427121678462
0.941598712295157,0,-1.53402663983757
0.974089970298964,0,-1.51293962088062
1.00511355558033,0,-1.49104788751212
1.03468759606237,0,-1.46839112952194
1.06283330518005,0,-1.44501111545801
1.08957464728893,0,-1.42095174823146
1.11493799201557,0,-1.39625906167522
1.1389517638589,0,-1.37098116174539
1.16164609346219,0,-1.34516811752816
1.18305247675735,0,-1.31887180834574
1.20320344767961,0,-1.29214573402388
1.22213226941857,0,-1.2650447957939
1.2398726482757,0,-1.23762505537711
1.25645847320582,0,-1.20994347957878
1.27192358309412,0,-1.18205767725195
1.28630156281866,0,-1.15402563483644
1.29962556821602,0,-1.12590545589213
1.31192817924102,0,-1.09775510918417
1.32324127991309,0,-1.06963218899105
1.33359596308372,0,-1.04159369043568
1.34302245764529,0,-1.01369580181882
1.35155007552515,0,-0.985993715186982
1.35920717566019,0,-0.958541455709716
1.36602114211151,0,-0.931391729881582
1.37201837353857,0,-0.904595792105202
1.37722428139103,0,-0.878203328849651
1.38166329437627,0,-0.852262359307415
1.38535886700536,0,-0.826819151283811
1.3883334902959,0,-0.801918150934794
1.39060870300426,0,-0.777601924911574
1.39220510206104,0,-0.753911113462271
1.39314235118454,0,-0.730884393071796
1.3934391869399,0,-0.708558447281611
1.3931134217919,0,-0.686967944412801
1.39218194396237,0,-0.666145521011874
1.39066071414734,0,-0.64612176994317
1.38856475937124,0,-0.626925232160377
1.3859081644552,0,-0.608582391299128
1.38270406175388,0,-0.59111767034101
1.37896461996844,0,-0.574553429705627
1.37470103297474,0,-0.558909966231364
1.36992350971379,0,-0.544205512607932
1.3646412662781,0,-0.530456236925857
1.35886252139222,0,-0.5176762421114
1.35259449652991,0,-0.505877565122063
1.34584342193324,0,-0.495070175889927
1.33861454980147,0,-0.485261976119937
1.33091217589931,0,-0.476458798180131
1.32273967079415,0,-0.468664404462884
1.31409952186941,0,-0.461880487752565
1.30499338717438,0,-0.456106673307345
1.29542216205791,0,-0.451340523552699
1.28538605939039,0,-0.447577546491757
1.2748847040044,0,-0.44481120916211
1.26391724177456,0,-0.443032957705553
1.25248246351136,0,-0.442232245857669
1.24057894356064,0,-0.44239657389286
1.22820519268243,0,-0.443511540257613
1.21535982442846,0,-0.445560908271466
1.2020417338433,0,-0.448526690368869
1.18825028687992,0,-0.452389252373783
1.17398551841366,0,-0.457127440319594
1.15924833616079,0,-0.462718732330954
1.14404072718441,0,-0.469139417994945
1.12836596298869,0,-0.47636480751008
1.11222879850545,0,-0.484369472608654
1.09563565960386,0,-0.493127520739886
1.07859481313728,0,-0.502612903255637
1.06111651302634,0,-0.512799757334408
1.04321311551698,0,-0.523662780103929
1.02489915661153,0,-0.535177631878106
1.00619138482323,0,-0.547321363622368
0.987108742931784,0,-0.560072861731845
0.967672293400424,0,-0.573413301001915
0.947905083629309,0,-0.587326594372672
0.927831949321292,0,-0.601799825752712
0.907479256950896,0,-0.616823650122137
0.886874589636295,0,-0.632392643359303
0.866046384538792,0,-0.648505583032283
0.8450235341042,0,-0.665165640954368
0.823834967784822,0,-0.682380468821277
0.802509235027428,0,-0.700162159887149
0.781074113897725,0,-0.718527072492722
0.759556272301276,0,-0.737495505334403
0.73798100990543,0,-0.757091219542505
0.716372108150605,0,-0.777340808675046
0.694751812835704,0,-0.798272924254786
0.673140968495257,0,-0.819917370996078
0.651559316183023,0,-0.842304091828867
0.630025956610463,0,-0.865462067661891
0.608559969389006,0,-0.88941816002726
0.58718116716173,0,-0.914195925939592
0.565910951635295,0,-0.939814433311036
0.544773227978798,0,-0.966287102162243
0.523795325755481,0,-0.993620591993049
0.503008869347007,0,-1.02181374959764
0.482450539284504,0,-1.05085662507512
0.462162668204766,0,-1.08072955762924
0.442193621074725,0,-1.1114023277787
0.422597918247783,0,-1.14283336949055
0.40343607089914,0,-1.17496903497519
0.384774110333684,0,-1.20774290665711
0.366682804471557,0,-1.24107515512314
0.349236565567523,0,-1.27487194839267
0.332512062296344,0,-1.30902492624278
0.316586556521028,0,-1.34341076305608
0.301535990557467,0,-1.37789085320953
0.287432855139521,0,-1.41231116384042
0.274343872439356,0,-1.44650231033064
0.262327533426337,0,-1.48027991937002
0.251431535565818,0,-1.51344535214433
0.241690176198938,0,-1.54578686493013
0.233121769374358,0,-1.57708128472101
0.225726169333709,0,-1.60709627168195
0.219482501447646,0,-1.635593226227
0.214347219412064,0,-1.66233087436561
0.210252623203325,0,-1.68706952915738
0.207105981992863,0,-1.70957597821644
0.204789405658777,0,-1.72962888856821
0.203160593442042,0,-1.74702455457532
0.202054555372763,0,-1.76158274871109
0.201286350140278,0,-1.77315237782114
0.200654814100061,0,-1.78161660982029
0.199947175935765,0,-1.78689712771107
0.198944369578482,0,-1.78895719659487
0.197426786084136,0,-1.78780329676398
0.195180155054446,0,-1.78348517684482
0.192001226908283,0,-1.77609430333211
0.187702942855655,0,-1.76576080997544
0.182118827570683,0,-1.75264916438708
0.175106412357498,0,-1.73695285468098
0.166549582359656,0,-1.71888844653288
0.156359827418097,0,-1.69868936865127
0.144476451597096,0,-1.67659975689375
0.130865853813122,0,-1.6528686334823
0.115520028315167,0,-1.6277446292894
0.0984544497256306,0,-1.60147138480728
0.0797055064599255,0,-1.57428369776592
0.0593276335265123,0,-1.54640442802494
0.0373902761281251,0,-1.51804212598554
0.0139747936863608,0,-1.48938931966295
-0.01082860664341,0,-1.46062137649531
-0.0369238349948806,0,-1.43189584694182
-0.0642117229904333,0,-1.40335219577923
-0.0925926158885096,0,-1.37511183179756
-0.121968705923608,0,-1.34727835576788
-0.152246062306646,0,-1.31993795894481
-0.183336315075859,0,-1.29315991908276
-0.215157953047277,0,-1.26699715720131
-0.247637202159971,0,-1.24148683527638
-0.280708460737975,0,-1.21665099161271
-0.314314283096517,0,-1.19249722560638
-0.348404922149646,0,-1.16901945552964
-0.382937463985371,0,-1.14619878050452
-0.41787461074655,0,-1.12400447990827
-0.453183190069653,0,-1.10239517954713
-0.48883248714536,0,-1.08132020425411
-0.524792506838669,0,-1.06072112211869
-0.561032276609391,0,-1.04053346806523
-0.597518295558908,0,-1.020688616167
-0.634213221245286,0,-1.00111575326685
-0.67107486542545,0,-0.981743893307644
-0.708055544844349,0,-0.962503863843213
-0.745101806258472,0,-0.943330194332376
-0.782154518735451,0,-0.924162840006146
-0.819149303250449,0,-0.904948684572268
-0.856017251429467,0,-0.885642778438161
-0.892685872943531,0,-0.866209284834888
-0.929080204749789,0,-0.846622122505236
-0.965124014662442,0,-0.826865308958314
-1.00074103569357,0,-0.806933021517765
-1.03585617503167,0,-0.786829403753574
-1.07039665114684,0,-0.766568152069248
-1.10429302313187,0,-0.746171921267838
-1.13748008700606,0,-0.725671589170994
-1.16989762357068,0,-0.705105419316857
-1.20149099101758,0,-0.684518157992484
-1.23221156259701,0,-0.663960097937549
-1.26201701518206,0,-0.643486136502065
-1.29087147859895,0,-0.623154851273788
-1.31874555829025,0,-0.603027611530141
-1.34561624545436,0,-0.583167739534398
-1.37146672948335,0,-0.563639731818444
-1.39628612751935,0,-0.544508547236668
-1.42006914545653,0,-0.525838965747258
-1.44281568389215,0,-0.507695019552863
-1.46453040150197,0,-0.490139496365705
-1.48522224717998,0,-0.473233513095871
-1.50490397110823,0,-0.457036157136584
-1.52359162375828,0,-0.44160419158029
-1.54130405070198,0,-0.426991820093812
-1.55806239004431,0,-0.413250506765886
-1.57388957829488,0,-0.400428845979802
-1.5888098695716,0,-0.388572477227416
-1.60284837218074,0,-0.377724039744467
-1.61603060584084,0,-0.36792316189081
-1.62838208211242,0,-0.359206480306785
-1.63992790995762,0,-0.351607684035279
-1.65069242778347,0,-0.345157578995706
-1.66069886281497,0,-0.339884168425043
-1.6699690181984,0,-0.335812745153415
-1.67852298784964,0,-0.332965991850417
-1.68637889873324,0,-0.331364085662
-1.69355267998369,0,-0.331024803950654
-1.70005785805938,0,-0.331963628148966
-1.70590537694859,0,-0.334193843034603
-1.71110344232384,0,-0.337726629028515
-1.71565738846255,0,-0.342571145403433
-1.71956956671499,0,-0.348734602562675
-1.72283925430221,0,-0.356222321807149
-1.72546258226178,0,-0.365037781249092
-1.72743248142553,0,-0.375182646753656
-1.72873864540665,0,-0.386656786993671
-1.72936750968966,0,-0.399458271889652
-1.72930224605334,0,-0.413583353877463
-1.72852277170995,0,-0.429026431602098
-1.72700577271191,0,-0.44577999578013
-1.72472474135643,0,-0.46383455710836
-1.72165002750748,0,-0.483178556225385
-1.71774890395146,0,-0.503798255859654
-1.71298564610481,0,-0.525677615426071
-1.70732162659813,0,-0.548798148467489
-1.70071542546966,0,-0.573138763481698
-1.69312295690838,0,-0.598675588833581
-1.68449761369278,0,-0.625381782630339
-1.6747904306705,0,-0.653227328639951
-1.66395026881473,0,-0.682178819563885
-1.65192402156952,0,-0.71219922923899
-1.63865684535391,0,-0.743247675644579
-1.62409241622558,0,-0.775279176932415
-1.60817321480272,0,-0.808244403082489
-1.5908408415963,0,-0.842089426217551
-1.57203636490495,0,-0.876755473084465
-1.55170070335733,0,-0.91217868372865
-1.5297750450394,0,-0.948289880944814
-1.50620130490144,0,-0.985014355675541
-1.48092262178611,0,-1.02227167413816
-1.45388389593944,0,-1.05997551307495
-1.42503236724624,0,-1.09803353012242
-1.3943182336571,0,-1.13634727685834
-1.36169530833619,0,-1.17481216258027
-1.32712171295127,0,-1.21331747726291
-1.29056060325111,0,-1.25174648239458
-1.25198092163826,0,-1.2899765784621
-1.21135816986503,0,-1.32787955769448
-1.16867519328594,0,-1.36532195024191
-1.12392296633223,0,-1.40216547121535
-1.07710136708629,0,-1.43826757490236
-1.02821992709431,0,-1.47348212097852
-0.977298540942279,0,-1.50766015562942
-0.924368118724578,0,-1.54065080818547
-0.869471163452301,0,-1.57230230116553
-0.812662254781146,0,-1.60246306856727
-0.754008420284279,0,-1.63098297389608
-0.693589375943558,0,-1.65771461588249
-0.631497618656698,0,-1.6825147062174
-0.567838355408761,0,-1.70524550007484
-0.502729256354232,0,-1.72577625685192
-0.436300022384762,0,-1.74398470560467
-0.368691761761041,0,-1.75975848726806
-0.300056174966167,0,-1.77299654408207
-0.23055455195073,0,-1.7836104258479
-0.160356591210342,0,-1.79152548282083
-0.0896390554536966,0,-1.79668191628206
-0.0185842837561791,0,-1.7990356601422
0.052621415184111,0,-1.79855907028054
0.123789459992377,0,-1.79524140262658
0.194730751839128,0,-1.78908906609859
0.265257453798211,0,-1.78012564223326
0.335184759123619,0,-1.76839166944105
0.40433261334968,0,-1.75394419604549
0.472527356440523,0,-1.73685611234737
0.539603253673425,0,-1.71721527763929
0.605403887416236,0,-1.69512346314709
0.669783386281044,0,-1.67069513609705
0.732607473099111,0,-1.64405611335093
0.793754318528565,0,-1.61534211522448
0.853115192640652,0,-1.5846972511713
0.91059491229586,0,-1.55227246899689
0.966112087302218,0,-1.51822399823907
1.01959917306025,0,-1.48271181642871
1.07100234149565,0,-1.44589816427709
1.12028118545837,0,-1.40794613259446
1.1674082743659,0,-1.36901834010759
1.21236858067237,0,-1.32927571749039
1.255158797775,0,-1.28887640901849
1.29578657027875,0,-1.24797479945309
1.33426965720679,0,-1.20672067017708
1.37063504786497,0,-1.16525848534354
1.40491804874659,0,-1.12372680592415
1.43716135820907,0,-1.08225782710399
1.46741414377048,0,-1.04097703247942
1.49573113485956,0,-1.00000295697269
1.52217174179432,0,-0.959447049260992
1.54679920973518,0,-0.919413623794169
1.56967981441832,0,-0.879999892102199
1.59088210466957,0,-0.8412960630213
1.61047619506086,0,-0.803385501645866
1.62853311061983,0,-0.76634493719186
1.64512418424927,0,-0.73024471048786
1.66032050645713,0,-0.695149052448757
1.67419242613432,0,-0.661116385595397
1.68680910043568,0,-0.628199641427752
1.69823809130459,0,-0.596446587211888
1.70854500581738,0,-0.565900156479864
1.71779317729212,0,-0.536598778249703
1.72604338398947,0,-0.508576700637524
1.73335360221465,0,-0.481864305147462
1.73977879069232,0,-0.456488408482486
1.7453707032157,0,-0.432472549218888
1.75017772675532,0,-0.409837257129717
1.75424474243877,0,-0.388600303330097
1.75761300707191,0,-0.368776929754294
1.76032005315566,0,-0.350380056765506
1.76239960565346,0,-0.333420467950334
1.76388151407793,0,-0.317906971367159
1.76479169878568,0,-0.303846536707584
1.76515211069286,0,-0.291244407999577
1.76498070394805,0,-0.280104191636617
1.76429142141916,0,-0.270427919665727
1.76309419316557,0,-0.262216088415212
1.76139494837148,0,-0.255467672696635
1.75919564150847,0,-0.250180115980866
1.75649429377139,0,-0.246349297130692
1.75328505108594,0,-0.243969474477369
1.74955826021622,0,-0.243033208259886
1.74530056469787,0,-0.243531262706951
1.74049502248315,0,-0.245452489334415
1.7351212473008,0,-0.248783693355201
1.72915557579923,0,-0.253509485452634
1.72257126254926,0,-0.259612121547577
1.7153387049267,0,-0.267071333589392
1.70742569976713,0,-0.275864154815412
1.69879773348224,0,-0.285964743342923
1.68941830703879,0,-0.297344208388005
1.67924929682778,0,-0.309970443824159
1.66825135198456,0,-0.323807974204143
1.65638432815958,0,-0.338817818757302
1.64360775708321,0,-0.354957379224991
1.62988135051781,0,-0.372180357693255
1.61516553635041,0,-0.390436710806046
1.59942202365538,0,-0.409672646875408
1.58261439255598,0,-0.429830672428865
1.56470870364772,0,-0.450849694630642
1.54567412062509,0,-0.472665185764004
1.52548353859196,0,-0.495209415547948
1.50411420934994,0,-0.518411756462343
1.48154835376904,0,-0.54219906644888
1.45777375017483,0,-0.566496152315989
1.43278428656792,0,-0.591226315876405
1.40658046346413,0,-0.616311983256217
1.37916983326043,0,-0.641675415902776
1.3505673613586,0,-0.667239499555696
1.32079569390214,0,-0.69292860480613
1.28988531700784,0,-0.718669509841693
1.2578745929288,0,-0.744392372565892
1.22480965981606,0,-0.7700317355303
1.19074418380974,0,-0.79552754310786
1.15573895524355,0,-0.820826146205414
1.11986132492627,0,-0.845881265770285
1.08318448185929,0,-0.870654882671754
1.04578658037006,0,-0.895118018590657
1.0077497323777,0,-0.919251370747647
0.969158889095539,0,-0.943045763095332
0.930100645467682,0,-0.966502378431528
0.890662009391274,0,-0.989632740125067
0.850929185468652,0,-1.01245841899645
0.810986428715049,0,-1.035010450349
0.77091502632799,0,-1.05732845789301
0.730792464406266,0,-1.07945949470498
0.690691830732778,0,-1.10145662545153
0.650681494146377,0,-1.12337728766462
0.610825085884382,0,-1.14528148153513
0.571181789427673,0,-1.16722984620568
0.531806924236332,0,-1.18928168485572
0.492752787178062,0,-1.21149300040021
0.454069695499719,0,-1.23391459836728
0.415807158891354,0,-1.25659030411591
0.378015097203832,0,-1.27955532920702
0.34074501575672,0,-1.30283480806122
0.304051052193893,0,-1.32644251279823
0.26799081699241,0,-1.35037974302852
0.23262596279801,0,-1.37463437968076
0.198022434075467,0,-1.39918008851359
0.164250366280275,0,-1.42397566000875
0.131383621167566,0,-1.44896447756275
0.09949896062909,0,-1.47407411454078
0.0686748748147927,0,-1.49921607180322
0.0389900910830332,0,-1.52428567959845
0.0105217989173859,0,-1.54916220004615
-0.0166563668514039,0,-1.57370917764145
-0.0424765353520055,0,-1.59777509413699
-0.0668789448697823,0,-1.62119438962379
-0.0898143583972463,0,-1.64378891238163
-0.111246473335279,0,-1.66536985478707
-0.131154237006486,0,-1.68574021994794
-0.149533967088981,0,-1.70469784268673
-0.166401164965919,0,-1.72203895845968
-0.18179190288155,0,-1.73756227515801
-0.19576366570891,0,-1.75107345724931
-0.208395538044599,0,-1.76238988283297
-0.219787649537639,0,-1.77134548709473
-0.230059826678238,0,-1.77779546689652
-0.239349446469011,0,-1.78162059782883
-0.247808542795474,0,-1.78273091310077
-0.255600273987957,0,-1.78106851686977
-0.262894912695927,0,-1.7766093530589
-0.269865559376284,0,-1.76936382015709
-0.276683802513861,0,-1.75937620487392
-0.283515549031628,0,-1.74672299232354
-0.290517227587281,0,-1.73151018678372
-0.297832529296888,0,-1.71386983596223
-0.305589800972204,0,-1.69395598747378
-0.313900152295511,0,-1.67194031737687
-0.322856287133775,0,-1.64800765943527
-0.332532025527087,0,-1.6223516352889
-0.342982449797732,0,-1.59517054630738
-0.354244586636465,0,-1.56666364390904
-0.366338526143556,0,-1.53702785192461
-0.379268876733371,0,-1.50645497602449
-0.39302645915232,0,-1.4751294035684
-0.407590151215925,0,-1.44322627334085
-0.42292880519229,0,-1.41091007832295
-0.439003170519173,0,-1.37833365508413
-0.455767764777376,0,-1.34563750938329
-0.473172645104774,0,-1.3129494278898
-0.491165040482569,0,-1.28038432936754
-0.509690812795168,0,-1.24804431414338
-0.528695721637711,0,-1.21601887728596
-0.548126474917487,0,-1.18438525788091
-0.567931554674949,0,-1.15320890345824
-0.58806181537781,0,-1.12254403447829
-0.608470860149724,0,-1.09243429840393
-0.629115208703856,0,-1.06291350599581
-0.649954278706542,0,-1.03400644393059
-0.67095020933609,0,-1.00572975768815
-0.692067561349537,0,-0.978092897075629
-0.713272931527216,0,-0.951099114098931
-0.734534520595272,0,-0.924746499615252
-0.755821692512879,0,-0.899029041822872
-0.777104559478715,0,-0.873937686684991
-0.798353621510822,0,-0.84946137829397
-0.819539482514122,0,-0.825588056292441
-0.840632657006928,0,-0.802305587955625
-0.861603473796084,0,-0.779602614415351
-0.882422075486407,0,-0.757469293626906
-0.90305850629139,0,-0.735897926776837
-0.923482875537079,0,-0.714883459554711
-0.943665580713091,0,-0.694423854683448
-0.963577571957492,0,-0.674520336953449
-0.983190639363155,0,-0.655177516417411
-1.00247770525664,0,-0.63640339913289
-1.02141310535741,0,-0.618209297733079
-1.03997284517905,0,-0.60060965609509
-1.05813482089408,0,-0.58362180346959
-1.07587899688941,0,-0.56726565370895
-1.09318753517292,0,-0.551563364799988
-1.110044874491,0,-0.536538972914217
-1.12643775936996,0,-0.522218013783995
-1.14235522124032,0,-0.508627142542813
-1.15778851532011,0,-0.495793761363149
-1.17273101803353,0,-0.483745662396024
-1.18717809045819,0,-0.472510691749151
-1.20112691367594,0,-0.462116438598034
-1.2145763020057,0,-0.452589952046792
-1.2275264999785,0,-0.443957487063627
-1.23997896863119,0,-0.436244279714799
-1.25193616629514,0,-0.429474351006419
-1.26340132858,0,-0.423670337910065
-1.27437825172775,0,-0.418853349602236
-1.28487108295068,0,-0.415042846615098
-1.29488412077175,0,-0.412256540511062
-1.30442162775584,0,-0.4105103118832
-1.31348765747834,0,-0.409818144619059
-1.32208589697,0,-0.41019207484496
-1.33021952555871,0,-0.41164215282365
-1.33789109074962,0,-0.414176415941003
-1.34510240153266,0,-0.417800870836491
-1.35185443926612,0,-0.422519482728529
-1.3581472860197,0,-0.428334170157063
-1.36398006999636,0,-0.4352448036289
-1.36935092740973,0,-0.443249206934285
-1.37425697998323,0,-0.452343160163566
-1.37869432705927,0,-0.462520403675776
-1.38265805115762,0,-0.473772642456477
-1.38614223569772,0,-0.48608955045479
-1.3891399934961,0,-0.499458774614093
-1.39164350456578,0,-0.513865938411499
-1.39364406167761,0,-0.52929464480127
-1.39513212209429,0,-0.545726478519924
-1.39609736385662,0,-0.563141007759145
-1.3965287449884,0,-0.58151578525016
-1.39641456399328,0,-0.600826348833883
-1.39574252004419,0,-0.621046221618912
-1.3944997713152,0,-0.642146911858878
-1.39267298997766,0,-0.664097912716123
-1.39024841247819,0,-0.68686670212469
-1.38721188383625,0,-0.71041874302617
-1.38354889484424,0,-0.734717484330684
-1.37924461122272,0,-0.759724363054907
-1.37428389397879,0,-0.785398808211275
-1.36865131043484,0,-0.81169824716776
-1.36233113563868,0,-0.838578115364651
-1.35530734413287,0,-0.86599187046082
-1.34756359234955,0,-0.893891012182075
-1.33908319220659,0,-0.92222510935166
-1.3298490768083,0,-0.950941835788734
-1.31984375949689,0,-0.979987016953709
-1.30904928785589,0,-1.00930468938664
-1.29744719462743,0,-1.03883717511147
-1.28501844786588,0,-1.06852517324829
-1.2717434030007,0,-1.09830787107037
-1.25760175981022,0,-1.12812307664425
-1.24257252760113,0,-1.1579073749812
-1.22663400212795,0,-1.18759630929135
-1.20976375795354,0,-1.21712458845144
-1.19193866002342,0,-1.2464263211658
-1.17313489818093,0,-1.27543527651182
-1.15332804816411,0,-1.30408516962041
-1.13249316227918,0,-1.33230997016348
-1.11060489242408,0,-1.36004423012854
-1.08763764743089,0,-1.3872234260959
