0.578355823394334,-0.834497530191074,0.417218952023687
0.578296338162631,-0.833690096337409,0.416485036883815
0.578178086099447,-0.832073520472166,0.415023860655565
0.578002492616154,-0.829644558519067,0.412848773135334
0.577771657720977,-0.826398638591829,0.409979775422689
0.577488314733328,-0.822330250328305,0.406443514097126
0.577155777853143,-0.817433457132666,0.402273249537364
0.576777882478567,-0.811702528759779,0.397508782654336
0.576358924282815,-0.80513268827413,0.392196320535215
0.575903606275624,-0.797720964344341,0.386388259660501
0.575417007125836,-0.78946713644736,0.380142865029297
0.574904588609321,-0.780374756817807,0.373523824725093
0.574372264229774,-0.770452228361444,0.366599661755247
0.573826552803763,-0.759713911619837,0.359442987976304
0.573274835969011,-0.748181223128222,0.352129586735935
0.572725719765018,-0.735883666796504,0.344737309291831
0.572189455686334,-0.722859699133816,0.337344761958942
0.57167829018009,-0.709157254028868,0.330029744428847
0.571206471673069,-0.694833631410251,0.322867378999188
0.570789467061414,-0.679954298620971,0.315927865396336
0.570441816213742,-0.664590046274693,0.309273853307444
0.570173193580625,-0.648812085037872,0.302957613075487
0.569982915885193,-0.632685344562612,0.29701853319377
0.569854336732997,-0.616261487553176,0.291481839270088
0.569751606938816,-0.599574311914038,0.286359433169319
0.569620953069392,-0.582639990024887,0.281653055142559
0.569396554949193,-0.565462429709732,0.277358838459696
0.569008725909067,-0.548041378573692,0.273471641237091
0.568391365973909,-0.530379944292285,0.269987885079258
0.56748682531119,-0.512489412370931,0.266906597088352
0.566248002539831,-0.494391117003197,0.264229118762786
0.564638498903158,-0.476116250933032,0.261958155188863
0.562631798739847,-0.457704671276035,0.260096670824596
0.560210170031198,-0.439203442413687,0.25864688818117
0.557363651111959,-0.420665485485675,0.257609466643641
0.554089261377395,-0.402148449203206,0.256982851787594
0.550390452352656,-0.383713785725737,0.256762760900898
0.546276764023829,-0.365425965153659,0.256941776340566
0.541763635698412,-0.347351753626085,0.25750903495346
0.536872319837626,-0.329559489359291,0.258450019188528
0.531629850877027,-0.31211830655354,0.259746469498222
0.526069024767723,-0.295097274029102,0.261376446488092
0.520228347605508,-0.278564431919458,0.263314574341521
0.514151913337421,-0.262585725080632,0.26553249403216
0.50788917167309,-0.247223845676799,0.267999545725795
0.501494548645651,-0.232537009265538,0.270683684909449
0.495026884433623,-0.218577698226846,0.273552616978653
0.488548656730232,-0.205391413289066,0.276575111612854
0.482124963791605,-0.193015478210435,0.279722433155173
0.475822249980126,-0.181477944743208,0.28296979871267
0.469706768808044,-0.17079664550147,0.286297754445552
0.463842794758496,-0.160978442071858,0.289693345300962
0.458290615874828,-0.152018715259552,0.293150947045132
0.453104364171138,-0.143901143873526,0.296672634445745
0.448329769489653,-0.13659781727157,0.300267978038441
0.44400195258652,-0.130069723457818,0.303953195515817
0.440143401628895,-0.124267646561781,0.307749632568228
0.436762298015058,-0.11913349243791,0.311681610175321
0.433851366218471,-0.114602036913579,0.315773746319665
0.431387411473778,-0.110603057526382,0.320047932026256
0.42933167315582,-0.107063768913002,0.324520203580248
0.427631058960297,-0.103911440066282,0.32919779220601
0.426220239837076,-0.101076036893465,0.334076638103275
0.42502448938304,-0.098492714930179,0.339139621186409
0.423963060828691,-0.0961039914213648,0.344355687921516
0.422952827907909,-0.0938614550133555,0.34967995312278
0.421911886702463,-0.0917269206157708,0.355054745213026
0.420762829371839,-0.089672997256515,0.36041146318953
0.419435452882519,-0.0876830966540215,0.365673039947585
0.417868743864897,-0.0857509598910379,0.370756768909223
0.416012068429367,-0.0838798129457294,0.375577249738129
0.41382557819433,-0.0820812773763146,0.380049237924859
0.411279910366763,-0.0803741622324035,0.384090231954451
0.408355305489425,-0.0787832513313763,0.387622689693152
0.405040291369362,-0.0773381808261392,0.390575823270563
0.401330088983532,-0.0760724792505773,0.392886972549838
0.397224890607943,-0.0750228185962246,0.394502597483561
0.392728146960935,-0.0742285019406834,0.395378957795406
0.387844982925995,-0.073731191388745,0.395482564476129
0.382580843372764,-0.0735748597214728,0.394790492422235
0.376940453365907,-0.0738059301134597,0.39329063831024
0.370927161088105,-0.0744735505198266,0.390981993741169
0.364542716536608,-0.0756299330581625,0.387874981944247
0.357787523152864,-0.0773306744829462,0.383991878104512
0.350661381192537,-0.0796349626906867,0.379367300140512
0.343164718849453,-0.0826055675903596,0.374048720507362
0.335300278134794,-0.0863085144875093,0.368096913214247
0.32707518617517,-0.0908123464035836,0.361586217721586
0.318503299034338,-0.0961869004076359,0.354604477888208
0.309607656320496,-0.10250155344811,0.347252505792784
0.300422835123697,-0.109822935694786,0.339642933355508
0.290996948652578,-0.118212162898071,0.331898354328526
0.281393008895029,-0.12772170067123,0.324148727271581
0.271689376788674,-0.138392037670866,0.316528102652797
0.261979071178508,-0.150248403846339,0.309170842431589
0.252367808847428,-0.163297814470687,0.302207598300265
0.24297080173084,-0.177526738891614,0.295761379710097
0.233908527136073,-0.192899672498905,0.28994405108396
0.2253018756411,-0.209358821543853,0.284853536734124
0.217267217727329,-0.226824992108243,0.280571889037416
0.20991196360656,-0.245199621734877,0.277164218642355
0.203331095030162,-0.264367739214179,0.274678336919187
0.197604940112525,-0.284201530189629,0.273144862295179
0.192798202748027,-0.304564160351563,0.272577520767892
0.188960028091397,-0.325313570339069,0.2729734306271
0.186124751748875,-0.346306075198817,0.274313281720029
0.184312968520462,-0.367399720609954,0.276561461788681
0.18353264600703,-0.38845741707265,0.279666301274713
0.183780147911578,-0.409349870438859,0.283560665971477
0.185041164944529,-0.429958267557112,0.288163106437076
0.187291637269051,-0.450176598588874,0.293379682125372
0.190498776214506,-0.469913444514153,0.299106446334381
0.19462226274543,-0.489093055580523,0.305232444957634
0.19961563831434,-0.507655596934618,0.311642983324337
0.205427835888895,-0.52555652503624,0.31822287232751
0.212004745538073,-0.542765157127091,0.324859380630618
0.219290680995592,-0.559262581893515,0.331444682015458
0.227229612751253,-0.575039116808771,0.337877675705743
0.235766054422946,-0.590091541294699,0.344065151787349
0.244845524392768,-0.604420328381826,0.349922357022016
0.254414545944152,-0.618027069759028,0.355373078574609
0.264420190484996,-0.630912250206842,0.360349401068348
0.274809206717876,-0.643073486343269,0.364791307414554
0.285526813256678,-0.654504307467801,0.368646290080258
0.296515264414418,-0.665193525836472,0.371869121528527
0.307712330603284,-0.675125219564117,0.374421904339508
0.319049867261728,-0.684279330569694,0.376274485207474
0.330452678619826,-0.692632857795086,0.377405272981537
0.341837910469229,-0.700161596898121,0.377802448213795
0.353115220170439,-0.706842337167719,0.377465489124509
0.364187958329832,-0.712655373003818,0.376406867128097
0.374955538383077,-0.717587124900106,0.3746536889718
0.385317054605039,-0.721632604664474,0.372248993362226
0.395176035125195,-0.724797419386544,0.369252365343743
0.404446004862704,-0.72709900797679,0.365739531913849
0.413056327453269,-0.72856685585503,0.361800662784052
0.420957650368224,-0.729241535757564,0.35753722346144
0.428126236817423,-0.72917255878022,0.35305740241281
0.434566541929173,-0.728415168770414,0.348470342540802
0.440311557604284,-0.727026365167705,0.34387963649001
0.445420685624666,-0.72506059585161,0.339376780995666
0.449975201582677,-0.722565708603171,0.335035481864268
0.454071749019067,-0.719579824937158,0.330907755539122
0.457814700921911,-0.716129704377841,0.327022561683641
0.461308495077161,-0.712230848846182,0.32338719088229
0.464651020755953,-0.707889141336592,0.319990975895088
0.467928769145247,-0.703103427043314,0.316810380917174
0.47121392214968,-0.697868314085488,0.313814376406212
0.474563099979175,-0.692176622882494,0.310969232877513
0.478017284600432,-0.686021217418485,0.30824227804054
0.481602477223237,-0.679396233972267,0.305604536779489
0.485330809505837,-0.672297876436854,0.303032391558817
0.489201978361042,-0.664724963005028,0.300508462733904
0.49320494459719,-0.656679340456961,0.298021881255442
0.497319828332013,-0.648166195560736,0.295568079999061
0.50151989112414,-0.639194233285896,0.293148202772185
0.505773461063709,-0.62977567348674,0.290768227306559
0.510045657857255,-0.619926033231314,0.288437907396589
0.514299811228127,-0.609663693074996,0.286169644750974
0.518498522848943,-0.599009276067133,0.283977394977639
0.522604380753836,-0.587984889284671,0.281875694516868
0.526580381786842,-0.576613287969446,0.279878871284389
0.530390146024553,-0.564917025354663,0.278000477059188
0.533998017739992,-0.552917651799314,0.276252958105281
0.537369144391371,-0.540635028583145,0.274647563245595
0.540469613193797,-0.528086825884121,0.273194474390152
0.543266708129076,-0.515288279373138,0.271903130861386
0.545729331419815,-0.502252280891889,0.270782703154076
0.547828613795442,-0.488989868876721,0.269842652524588
0.549538717407183,-0.475511155800268,0.269093290810683
0.550837813283227,-0.461826677318146,0.268546234134686
0.551709190718218,-0.447949071670865,0.268214631966657
0.552142428519064,-0.433894908966563,0.268113058706789
0.552134529033569,-0.419686410111753,0.26825698649118
0.55169088991371,-0.405352752687076,0.268661817624174
0.55082597329391,-0.390930680305403,0.269341535870565
0.549563536307602,-0.376464220970473,0.270307121233761
0.547936316693114,-0.362003463336255,0.271564941052494
0.545985122099018,-0.347602502451447,0.273115361856442
0.543757342933023,-0.333316807052785,0.274951811322553
0.541304981682455,-0.319200346670909,0.277060460125993
0.538682351125052,-0.30530283596724,0.279420602361327
0.535943628525401,-0.29166741252512,0.282005709230577
0.533140458769459,-0.278328981747539,0.284785033141648
0.530319779644926,-0.265313360726631,0.287725564154112
0.527522005217906,-0.252637250671788,0.290794098180571
0.52477965813443,-0.240308977325239,0.293959170512604
0.522116496939223,-0.228329867650486,0.297192637117309
0.51954714527297,-0.216696081902223,0.300470742888602
0.51707719783062,-0.205400693752538,0.303774590464017
0.514703752596567,-0.194435807109193,0.307090003554577
0.512416298693206,-0.183794515324843,0.310406853304588
0.510197873412204,-0.173472544031678,0.31371797495034
0.508026391222337,-0.163469468335573,0.317017837956789
0.505876043403099,-0.153789452083293,0.320301142883211
0.503718671132205,-0.144441513549602,0.323561503938605
0.5015250279264,-0.135439370396263,0.326790343027675
0.499265868015946,-0.126800951081804,0.329976077203405
0.49691282247207,-0.118547677056012,0.333103635676161
0.494439050686939,-0.110703620577146,0.336154302435657
0.491819677276856,-0.103294630318525,0.339105850979168
0.489032040933865,-0.09634749622039,0.341932920293142
0.486055791129086,-0.0898892015645589,0.344607575066414
0.482872871335374,-0.0839462882937914,0.347099995308752
0.47946742517505,-0.0785443437470604,0.349379247741361
0.475825656595747,-0.0737076042403331,0.351414100417059
0.47193566875402,-0.0694586629658549,0.35317385080512
0.467787300175334,-0.065818265512155,0.354629144781205
0.463371971802278,-0.0628051747165209,0.355752769173697
0.45868255504737,-0.0604360864664316,0.35652040388824
0.453713268816396,-0.0587255787299696,0.356911321570329
0.448459612305292,-0.0576860771417759,0.356909023720364
0.442918339779483,-0.0573278217592366,0.35650180254835
0.437087483089658,-0.0576588212348806,0.35568321788268
0.430966427039123,-0.0586847827530009,0.354452478294342
0.424556041652491,-0.060409008817249,0.352814715346131
0.41785887376587,-0.062832255445061,0.350781139620319
0.410879398093964,-0.0659525505646904,0.348369067039555
0.403624325026276,-0.0697649763600704,0.345601804176579
0.396102958912114,-0.0742614248109982,0.342508382028285
0.388327596608612,-0.0794303414909754,0.339123129439182
0.380313951748585,-0.0852564784655134,0.335485080355918
0.372081585781334,-0.0917206824102473,0.331637213716422
0.363654322669716,-0.0987997483117687,0.327625531238029
0.355060620608013,-0.1064663717094,0.323497986715194
0.346333871737451,-0.114689232767796,0.319303290451521
0.337512600069711,-0.123433243018707,0.315089623588894
0.328640529119643,-0.132659980007785,0.310903308502
0.319766494351345,-0.142328326285973,0.306787491937645
0.310944181433732,-0.152395317518984,0.30278090587389
0.30223167908593,-0.162817190683906,0.298916775851376
0.293690844162342,-0.173550608485304,0.295221946716994
0.285386485422064,-0.184554021578883,0.29171629069579
0.277385379772669,-0.195789117340403,0.288412452401366
0.269755139291744,-0.207222294057031,0.285315970300282
0.262562947791913,-0.218826093723443,0.282425795166926
0.255874181084065,-0.230580526279462,0.279735204324772
0.249750914325405,-0.242474224597254,0.277233087187816
0.244250301144708,-0.254505384863543,0.274905554196797
0.239422779161634,-0.266682473768906,0.272737799707554
0.23531000880714,-0.279024724267801,0.270716133075921
0.231942377402904,-0.291562494639783,0.268830086577175
0.229335787146275,-0.304337621127032,0.267074521958756
0.227487289849376,-0.317403922044454,0.265451699130946
0.226368960043482,-0.330827941349528,0.263973348115943
0.225919323630694,-0.344689722720651,0.262662892529057
0.226031968987432,-0.359082700633616,0.261558065752095
0.226542190759744,-0.374110581769317,0.260714124624218
0.227215226107395,-0.389877739011269,0.260207508376246
0.227743555655949,-0.406469560324793,0.260138972686366
0.227763225437767,-0.423922623318606,0.260634202900458
0.226895368141141,-0.442192016540059,0.26183956470748
0.224807010931558,-0.461129866897975,0.263911867518705
0.221271775421761,-0.480487452020209,0.267003314607201
0.216207951511657,-0.499942078163134,0.271244449793338
0.209681930807358,-0.519138043645319,0.276728024590788
0.201880532948917,-0.537727239232652,0.283496131160947
0.193066266879534,-0.555399410470363,0.291532451447961
0.183531320213662,-0.571899302208871,0.300760824526079
0.173561175566849,-0.587033012385008,0.311050218198666
0.163411748056314,-0.600667469795618,0.322224924199211
0.153298626403888,-0.612726174512477,0.334077940450812
0.143394731990959,-0.623182963382109,0.346385311123859
0.133832770654748,-0.632054619876438,0.358919540633119
0.124709898400044,-0.639392792077169,0.37146080850829
0.11609310170869,-0.645275654242324,0.38380535444062
0.108024541984033,-0.649799779571462,0.395770937808853
0.10052653162909,-0.653072658354594,0.407199647102678
0.0936060125973955,-0.655206187016219,0.417958540883526
0.0872585020518363,-0.656311309376581,0.427938673236819
0.0814715161212511,-0.656493853521857,0.437053034832769
0.0762275098479102,-0.655851501198128,0.445233865945907
0.0715063892636452,-0.654471759614975,0.452429701886675
0.067287662809183,-0.652430774675623,0.458602415716793
0.0635523047326419,-0.649792821540037,0.46372443997453
0.0602844032379984,-0.646610323811671,0.467776283584986
0.0574726616894979,-0.64292427859779,0.470744412912524
0.0551118127386256,-0.638764995367026,0.472619535306583
0.0532039932034074,-0.634153088003888,0.473395306525339
0.051760111736277,-0.629100689430588,0.473067477147747
0.0508012213386381,-0.623612885186366,0.471633494002975
0.0503598836821687,-0.617689385518632,0.469092577716915
0.0504814810182752,-0.611326473811995,0.465446303068331
0.0512253931689399,-0.604519281221627,0.460699711743277
0.0526659111675224,-0.597264441179099,0.454862983901367
0.0548927059317962,-0.589563170271991,0.447953682514109
0.0580106120089615,-0.581424800296711,0.439999559025115
0.0621384276802904,-0.572870745722547,0.431041866288148
0.0674063818872581,-0.563938826678941,0.421139060986112
0.0739518882770637,-0.554687775616005,0.410370690759628
0.0819132149416879,-0.545201633399847,0.398841152643638
0.0914207677943895,-0.535593588793038,0.386682886632287
0.102585842268635,-0.526008641242032,0.374058446746817
0.115486968787314,-0.516624287662613,0.361160797131022
0.13015438342675,-0.507648281008759,0.348211147456935
0.146553702240991,-0.499312433632867,0.33545371234217
0.164570541362687,-0.491861519199642,0.323146995014652
0.183998528888202,-0.485536666606357,0.3115515842445
0.204533744346377,-0.480553352497254,0.300915012652058
0.22577884464944,-0.477075264941695,0.291454900975732
0.247259654036308,-0.475186883545561,0.283342290046637
0.26845547600461,-0.474869308499496,0.276687561258323
0.288841699762778,-0.475985056587895,0.271531453423394
0.307939779908773,-0.478277383873697,0.267843211427154
0.325366395527081,-0.481387512255815,0.26552678321176
0.340872054714276,-0.484889006293892,0.264434374938726
0.354360860481527,-0.488333695019811,0.264385009999865
0.365887626847002,-0.491300002403127,0.265184609378971
0.375634431925017,-0.493434051727908,0.266643989663547
0.383873553879163,-0.494476651134257,0.268592107793313
0.390925727012615,-0.494273794506705,0.270883433529947
0.397121593257813,-0.492772537880502,0.273399851027096
0.402771327758946,-0.49000660833556,0.276048487062561
0.408144266169097,-0.486076637088544,0.278757195613499
0.413458011702287,-0.481129103098679,0.281469247986978
0.418875249504587,-0.47533675266782,0.284138343397368
0.424506133271255,-0.468882013218169,0.286724583872198
0.430414263458152,-0.461943998811727,0.289191670279099
0.436624638464735,-0.454689127086705,0.291505310402563
0.443132348595049,-0.447265046045196,0.293632675237232
0.449911122976285,-0.439797407523351,0.295542668646885
0.456921118169332,-0.432388952469494,0.297206760426034
0.464115563188645,-0.425120353023772,0.29860015139585
0.471446060389544,-0.418052270990291,0.299703075419318
0.478866491335122,-0.4112281346623,0.300502085935855
0.486335592784177,-0.404677201026676,0.300991216082976
0.493818350309781,-0.398417551543408,0.301172936719136
0.501286407057075,-0.392458758812384,0.301058863018265
0.508717706598408,-0.386804050417453,0.300670177185899
0.516095587702669,-0.381451878782469,0.300037743384244
0.523407531898235,-0.376396878492394,0.299201893599504
0.530643738172446,-0.37163025450662,0.298211863158985
0.537795667601311,-0.36713969727473,0.297124855426905
0.544854666799233,-0.362908965827638,0.29600472018336
0.551810743968504,-0.358917318377313,0.294920241955418
0.558651535739532,-0.35513900014873,0.293943054574138
0.565361468809538,-0.351543014387824,0.293145226204088
0.571921092278997,-0.348093394307867,0.292596592627888
0.578306542769054,-0.344750147160666,0.292361951127143
0.584489115078856,-0.341470943724152,0.29249825693842
0.59043495319842,-0.338213474702345,0.293051983316039
0.596104944966821,-0.334938209712553,0.29405681138551
0.601454974473987,-0.331611124732101,0.295531807410716
0.6064367186473,-0.328205881791606,0.297480225324942
0.610999129065687,-0.324705011775221,0.299889042834862
0.615090607256459,-0.32109987481733,0.302729297861972
0.618661699042117,-0.317389483108584,0.305957234472401
0.621667972813056,-0.313578546979722,0.309516194219158
0.624072674849374,-0.309675241235733,0.313339110355504
0.625848796473894,-0.30568915272467,0.317351397195824
0.626980316817071,-0.301629710363167,0.321473992901518
0.627462547036265,-0.297505202077946,0.325626319287325
0.627301645698316,-0.293322322979192,0.329728962279202
0.626513471593268,-0.289086109202492,0.333705937997783
0.625121984265515,-0.284800089066352,0.337486476585679
0.623157404079361,-0.280466505363926,0.34100631645066
0.620654318140456,-0.276086505366579,0.344208548459834
0.617649880045519,-0.271660240549383,0.347044080448954
0.61418221050121,-0.267186856482703,0.349471808203825
0.610289068444922,-0.262664381459448,0.351458582498831
0.606006831279662,-0.258089540658097,0.352979056044422
0.60136979888533,-0.253457532970743,0.354015482288758
0.596409818641588,-0.248761812347696,0.354557522485556
0.59115621659005,-0.24399391655713,0.354602100179143
0.585636011675141,-0.239143385014396,0.354153324659787
0.579874384361008,-0.234197804638087,0.353222487981466
0.573895366606682,-0.229143018919244,0.351828124445925
0.567722716212938,-0.223963530600966,0.349996107494853
0.561380934213863,-0.218643122401916,0.347759747074452
0.554896378820044,-0.213165712809041,0.345159841055179
0.548298423233931,-0.207516454822372,0.342244627561611
0.541620597482735,-0.201683074409662,0.339069581477622
0.534901646481799,-0.195657432175748,0.335696998396454
0.52818642824634,-0.189437276368558,0.332195313394842
0.521526568049587,-0.183028137991825,0.328638110720495
0.514980777090541,-0.176445299815532,0.325102794284308
0.508614738875574,-0.169715750974783,0.321668908099698
0.502500464591325,-0.162880018288067,0.318416120591491
0.496715022884968,-0.155993745254582,0.315421916666502
0.491338564143455,-0.14912887112417,0.312759075507929
0.486451591615296,-0.1423742475756,0.310493048091485
0.482131491030805,-0.13583552341028,0.308679382839847
0.478448426043344,-0.129634135607587,0.30736137531531
0.475460840868789,-0.12390527954165,0.306568131394795
0.473210967161829,-0.118794805490727,0.306313225270126
0.471720863737707,-0.114455110355547,0.30659409783039
0.470989555261391,-0.111040251865907,0.307392276938341
0.470991717004589,-0.108700668892496,0.308674417128901
0.471678072520899,-0.107577987145519,0.310394069435142
0.47297731248169,-0.107800375594636,0.312494022376586
0.474799045138821,-0.109478790213079,0.314909016371285
0.477037165341409,-0.112704244916382,0.317568627616509
0.479573100373956,-0.117546055445313,0.320400135328652
0.48227858839019,-0.124050864372354,0.323331216719232
0.4850178708811,-0.132242191627802,0.326292348793591
0.48764936515524,-0.142120253834448,0.329218830835384
0.490027003310249,-0.153661837996409,0.332052374391965
0.492001487609342,-0.166820086559395,0.334742236996801
0.493421731169494,-0.181524143596861,0.337245899673616
0.49413673198612,-0.197678717614734,0.339529304808603
0.493998064335966,-0.215163719795368,0.341566680176173
0.492863062917828,-0.233834212840253,0.343339978985931
0.490598633148913,-0.253520926753352,0.344837968858432
0.487085476449904,-0.274031544812435,0.346055008822004
0.48222241689397,-0.295152840416747,0.346989564766228
0.475930496504145,-0.316653590691998,0.347642528650342
0.468156584370285,-0.338288068516682,0.348015420887365
0.458876388023083,-0.359799885123396,0.348108565612517
0.448096889424032,-0.380926052010533,0.347919337508221
0.435858261775439,-0.40140132388176,0.347440596423955
0.422235196213995,-0.420963076139451,0.346659465341885
0.407337297050724,-0.439357020748335,0.345556673940266
0.391307916247532,-0.456343849811858,0.344106768750776
0.37432070751241,-0.471706395963804,0.34227953753902
0.356573501339563,-0.485256269599412,0.340042946917404
0.338279891437143,-0.496838509342019,0.337367699677799
0.319659945600965,-0.506332934307177,0.334233193050094
0.300932212012373,-0.513651765512846,0.330634292695741
0.282309187559671,-0.518734425437105,0.326588063895935
0.263997505333494,-0.521541628522414,0.322139513637533
0.246202637593411,-0.522051360281628,0.317365483901762
0.229136524021386,-0.520258906164603,0.312376002926822
0.213025722223313,-0.516181976402673,0.307312556577481
0.198117572423478,-0.509870636347662,0.302342875453354
0.184682292443308,-0.50142057987851,0.297652025463194
0.173009587038059,-0.490987464295067,0.293429963072108
0.163399047115008,-0.47879958445541,0.289856362417328
0.156144246374085,-0.465166058223088,0.287084420870835
0.15151108583669,-0.450477884222883,0.285226295661924
0.149711799218124,-0.435199733287438,0.284343378640692
0.150877337873577,-0.419851274384324,0.284444199028114
0.155032509289983,-0.404978429320148,0.285490977612089
0.16207946916583,-0.391117242186472,0.287413086093918
0.171794693411815,-0.378755483451924,0.290123161739823
0.183841702686578,-0.368298481527279,0.29353090561952
0.197797534054771,-0.360044936334976,0.297551169453786
0.213187405987363,-0.354175752685079,0.302105787946415
0.229520842295194,-0.350755582792391,0.307121030467048
0.246323704220079,-0.349744277712792,0.312523464907702
0.263162930058388,-0.351014467498729,0.318236536275806
0.279663046071472,-0.354371757856526,0.324179023992945
0.295515051600707,-0.359574909124819,0.330265481916204
0.310479043668378,-0.366354322238216,0.33640813163251
0.324382155403789,-0.374427936024685,0.342519479638703
0.337113286499957,-0.383514186490116,0.348515011669639
0.348615876005177,-0.393342029490187,0.354315520447581
0.358879704373727,-0.403658238250614,0.359848836144999
0.367932459587061,-0.414232300378271,0.365050898481159
0.375831582392794,-0.424859285665238,0.369866221549336
0.382656726738438,-0.435361057952196,0.374247863419287
0.388503034614143,-0.445586178795509,0.378157035604855
0.393475326234322,-0.45540881166316,0.381562486059466
0.39768323994873,-0.46472689348713,0.384439774113109
0.401237312961429,-0.473459802436077,0.386770534115399
0.404245965341685,-0.48154571968648,0.388541801121581
0.406813328900638,-0.488938858448344,0.389745449407447
0.409037844670994,-0.495606713099988,0.390377774320628
0.411011536022383,-0.501527461831781,0.390439230686741
0.412819849225083,-0.50668763498865,0.389934326879516
0.414541941252426,-0.511080137028318,0.388871662752819
0.416251287828072,-0.514702682956923,0.387264091630343
0.418016484614849,-0.517556681870883,0.385128980964546
0.419902121261252,-0.519646573122046,0.382488542539891
0.421969620822843,-0.520979596777203,0.379370200457312
0.424277953940868,-0.521565960929173,0.375806963026502
0.426884155815125,-0.521419354398848,0.371837762612352
0.429843592319954,-0.520557743790927,0.367507725285942
0.433209938104781,-0.519004387248476,0.362868329887402
0.437034843551483,-0.516788991754798,0.357977414227427
0.441367279211433,-0.513948934701084,0.352898985345599
0.446252556691421,-0.510530462332682,0.347702791849235
0.451731035119717,-0.506589766986606,0.342463620387154
0.457836533555215,-0.502193831965372,0.337260286290598
0.464594483128149,-0.497420918522815,0.332174301055319
0.472019869105073,-0.492360555762448,0.327288216971643
0.480115033059692,-0.487112884237261,0.322683671332574
0.488867429575625,-0.481787201974715,0.318439177711455
0.498247461495139,-0.476499573781881,0.314627737068852
0.508206554360946,-0.471369400164396,0.311314363129278
0.518675675902211,-0.466514913816477,0.308553630526893
0.529564559012065,-0.462047694785553,0.306387357796486
0.540761937624601,-0.458066482352934,0.304842530819722
0.552137130817487,-0.454650808051846,0.303929561336772
0.563543270686601,-0.451855238482592,0.30364096986041
0.574822316394122,-0.449705203864172,0.303950593005524
0.5858117060755,-0.448195364510184,0.304813442645738
0.596352110576448,-0.447291125842926,0.306166370725712
0.606295391298707,-0.446933273800481,0.30792968454002
0.615511690532075,-0.447044967626197,0.310009781027489
0.623894700549223,-0.44753979956944,0.312302724070184
0.631364536326029,-0.44832953228078,0.314698518107808
0.637868124040413,-0.449330450871421,0.31708570022122
0.643377436886595,-0.450467812818811,0.319355831147102
0.647886155145021,-0.45167839372511,0.321407521087488
0.651405390886095,-0.452911454161225,0.32314974774773
0.653959054571133,-0.454128568073465,0.324504366226673
0.65557931976342,-0.455302715605208,0.325407835465583
0.656302514092563,-0.456416930220359,0.325812273298972
0.6561656559326,-0.457462659051501,0.325685996085031
0.655203775150756,-0.458437875222754,0.325013702396629
0.653448101446664,-0.459344879506463,0.323796429443038
0.650925170786768,-0.460187644680224,0.322051352083844
0.647656885450022,-0.46096848885292,0.31981141354649
0.64366156514043,-0.46168382416317,0.317124681635378
0.638956047561828,-0.462318748798097,0.314053226911155
0.633558938241807,-0.462840409062772,0.310671244624393
0.627495156639079,-0.46319048603843,0.307062135329959
0.620801910722679,-0.463278019994462,0.30331438874421
0.613535980079622,-0.462975116219489,0.299516448686371
0.605781421171621,-0.462119438109263,0.295751255906486
0.59765540791165,-0.460527467626222,0.292091641678466
0.589308543438833,-0.458019483504323,0.288597739947041
0.580916383952294,-0.454450876232465,0.285316822423012
0.572662537307114,-0.449738615371232,0.282284854902761
0.564718891953804,-0.443872297372723,0.27952854537869
0.55723079407377,-0.43690727616064,0.277067064880565
0.550311928596622,-0.428946487372452,0.274913329010034
0.54404804142035,-0.420120854285374,0.273075019015091
0.538504856695869,-0.410575184749551,0.271555394208975
0.533735149793186,-0.400461411086474,0.270353787042021
0.529781691341968,-0.389937343304018,0.26946569158108
0.526675014853094,-0.379167642769348,0.268882513266804
0.5244268381713,-0.36832388403743,0.268591213602561
0.523021288111212,-0.357581632437395,0.268574156475508
0.522406775004492,-0.347113948047212,0.268809399498719
0.522491311580444,-0.337082247659354,0.269271496120621
0.523143202060596,-0.327626574186652,0.269932667574608
0.524197549627056,-0.318857639415593,0.270764079344437
0.525467456770875,-0.310852417559913,0.271736981004883
0.526757706024767,-0.303653893896467,0.272823610123938
0.527878431310193,-0.297274387083957,0.273997913794295
0.528656742344289,-0.291701139531089,0.275236206065481
0.528945096239917,-0.286902746882851,0.276517833652241
0.528626054789778,-0.282835309641412,0.277825820166473
0.527613705124437,-0.279447660765734,0.279147377713
0.525852400168999,-0.276685438926059,0.280474160006513
0.523313630441851,-0.27449404703047,0.281802180908164
0.519991832000283,-0.272820664038054,0.283131402075645
0.515899823433437,-0.271615510680992,0.284465064321679
0.511064395744282,-0.270832553877009,0.285808875420647
0.505522393988152,-0.270429802464955,0.287170168768082
0.499317461252598,-0.270369314484092,0.28855712291948
0.492497484249518,-0.270617008928677,0.289978096681113
0.48511269231099,-0.271142353107499,0.291441100565706
0.477214314146732,-0.271917979324557,0.292953399989876
0.468853679805824,-0.27291927053513,0.29452123043523
0.460081658090978,-0.274123943282358,0.29614959859053
0.450948333018748,-0.275511647214321,0.297842143645243
0.441502840278065,-0.277063593551193,0.299601036792285
0.43179330208963,-0.278762219741403,0.301426902566742
0.421866814442443,-0.280590893916359,0.303318751514688
0.411769453700886,-0.282533660312244,0.305273919053866
0.401546280046872,-0.284575025279042,0.307288009853698
0.391241323482113,-0.28669978257736,0.309354850483165
0.38089754457722,-0.28889287615694,0.311466455442738
0.370556767194227,-0.291139298350988,0.313613013069591
0.360259584323973,-0.293424021288063,0.315782898282478
0.350045241169663,-0.295731959244309,0.317962718819412
0.33995150180116,-0.298047959593759,0.320137400634551
0.330014507172513,-0.300356819950842,0.322290316600082
0.320268633077863,-0.302643329045771,0.324403460739359
0.310746356752976,-0.304892328848219,0.326457668048692
0.301478140351824,-0.307088795478045,0.328432877704029
0.292492338498911,-0.309217936530183,0.330308435244822
0.283815135631037,-0.311265302598891,0.332063427306997
0.275470516997968,-0.313216911004905,0.333677040766036
0.267480275133959,-0.315059379979699,0.3351289368125
0.259864051469649,-0.316780071801835,0.33639962958004
0.252639410693069,-0.31836724355329,0.337470858466355
0.245821943605689,-0.319810204209682,0.338325943236498
0.239425392658984,-0.321099476644386,0.338950111349104
0.233461793210727,-0.322226962771024,0.339330787636964
0.227941622818252,-0.323186109469062,0.339457837513932
0.222873950646115,-0.32397207215845,0.339323756216874
0.218266579301717,-0.324581871986053,0.338923798219581
0.214126172098343,-0.325014541678602,0.338256042872086
0.210458359874475,-0.325271254357036,0.337321394481994
0.207267822999198,-0.325355429181172,0.336123517444467
0.204558346032116,-0.325272807786948,0.334668709545456
0.202332844576424,-0.325031496268615,0.332965719112238
0.20059336606066,-0.324641969082555,0.331025514109622
0.199341068396531,-0.324117033793408,0.328861013380592
0.198576182493264,-0.323471759083613,0.326486791844383
0.198297966328355,-0.322723372893511,0.323918772389071
0.198504659474237,-0.321891142938592,0.321173917317419
0.199193447480243,-0.320996258192215,0.318269931454847
0.200360445051871,-0.320061737363718,0.315224987464998
0.202000705225674,-0.319112399242762,0.312057481701795
0.204108258109478,-0.318174940505194,0.308785826401073
0.206676176170313,-0.317278179767529,0.305428281744814
0.2096966516054,-0.31645354271456,0.302002830195585
0.213161051838375,-0.315735881424394,0.298527096824985
0.217059886814823,-0.315164738457138,0.295018325025382
0.221382570428584,-0.31478617434135,0.29149342928502
0.22611678315492,-0.314655257486483,0.287969167496936
0.231247147088185,-0.314839235310045,0.284462503675814
0.236752834095718,-0.315421215948679,0.280991259651518
0.242603711948046,-0.316503840333495,0.277575159432056
0.24875481581947,-0.318211902093584,0.274237315140845
0.255139455555138,-0.320692273806422,0.271006050279823
0.261662168070343,-0.324109088304723,0.267916704182206
0.268193745670676,-0.328632308021228,0.265012791089374
0.274571109792735,-0.334418964829554,0.262345743660873
0.280604171130103,-0.341588558049494,0.259972563495209
0.286089813293118,-0.350196954091011,0.257951025066074
0.29083044584125,-0.36021557971154,0.256332593016537
0.294652607912482,-0.371523166092408,0.255153953228389
0.297421145262091,-0.383914641861818,0.254429005467413
0.299046616744569,-0.397126676670545,0.254143964986864
0.299486474709145,-0.410874360771025,0.254258256939599
0.29874249552372,-0.424890851886878,0.254712750431046
0.296857031045847,-0.438961722887132,0.25544464973451
0.293909071650989,-0.452946874486132,0.256405531665549
0.290008885988673,-0.466784618921503,0.257576606141074
0.285289110633502,-0.480476312766918,0.258975118042267
0.279892184106252,-0.494056900133512,0.260649428545887
0.273957333748274,-0.507563294020191,0.262666076701298
0.267611200813959,-0.521012136879563,0.265095372638659
0.260963881471986,-0.53439102193858,0.268000486296813
0.254109422993047,-0.547659967214464,0.271431230028802
0.247128705158036,-0.560757721340813,0.27542128548373
0.240092941785535,-0.573609013206466,0.279987235370248
0.233066776192466,-0.586131028763198,0.285128361169629
0.226110544023911,-0.598238737449216,0.290826809632477
0.219281625189446,-0.60984919059535,0.297048099613431
0.2126349756462,-0.62088497385436,0.30374206757767
0.206223004522575,-0.631276915816569,0.31084433838773
0.20009499314748,-0.640966076855599,0.318278337079151
0.194296260432591,-0.649905009217481,0.325957774356612
0.188867268743035,-0.658058290436541,0.333789469473081
0.183842836733541,-0.665402370596731,0.341676332123401
0.179251583290424,-0.671924820598808,0.349520314100955
0.175115675715489,-0.677623108008925,0.357225158869502
0.171450903643274,-0.682503050109517,0.364698815200714
0.168267055565551,-0.686577097751112,0.371855429670773
0.165568542524834,-0.689862590851732,0.378616882440566
0.163355195529703,-0.692380102107577,0.384913873882553
0.161623158547139,-0.694151955591351,0.390686601815091
0.16036580455338,-0.695200976590568,0.3958850889195
0.159574614322352,-0.695549501869633,0.400469228191552
0.159239972838484,-0.695218657452328,0.404408613274289
0.159351853658096,-0.694227894533139,0.407682213047522
0.159900375401891,-0.692594762792612,0.410277938667587
0.16087622592496,-0.690334893254546,0.412192138703996
0.162270958346724,-0.687462158758112,0.413429045890359
0.164077169228024,-0.683988978089409,0.414000188526251
0.166288573164891,-0.679926729013378,0.413923771488001
0.168899990399547,-0.675286235325499,0.413224026481666
0.171907265131692,-0.670078293372685,0.411930528693074
0.175307132372146,-0.664314204260137,0.410077477179179
0.179097050606938,-0.658006279371344,0.407702938876911
0.183275016355035,-0.651168289154083,0.404848060439803
0.187839374943981,-0.643815828685385,0.401556257606876
0.192788639523713,-0.635966578542058,0.397872397680013
0.198121327537009,-0.627640446026813,0.393841996090766
0.203835820656833,-0.618859579673932,0.389510452152967
0.209930250755477,-0.609648258761851,0.384922351190841
0.21640241100797,-0.600032668662524,0.380120859800628
0.223249688017425,-0.590040581459581,0.375147237832702
0.230469008156315,-0.579700968500373,0.370040484898004
0.238056789384348,-0.569043576593372,0.364837131280911
0.246008888805277,-0.558098501774676,0.359571173840174
0.254320536238177,-0.546895793587886,0.354274147755575
0.262986245095316,-0.535465118644675,0.348975315821214
0.271999693723853,-0.523835505283175,0.343701949362259
0.281353572882256,-0.51203518215855,0.338479669473798
0.291039397926426,-0.500091513579015,0.33333281458577
0.301047287331031,-0.488031024416205,0.328284800441443
0.311365712212682,-0.475879498468822,0.323358441181614
0.321981224438155,-0.463662127071579,0.31857620489775
0.332878173680077,-0.451403680069291,0.313960383134966
0.344038426431779,-0.439128669292841,0.309533160775569
0.355441102529229,-0.426861475390482,0.3053165799598
0.367062347109976,-0.414626412096149,0.301332398778173
0.378875158034064,-0.402447707433824,0.297601852111507
0.390849290357276,-0.390349388564722,0.294145328022125
0.402951260143592,-0.378355065548459,0.290981978384921
0.415144469318275,-0.366487618741639,0.288129286877879
0.427389470989003,-0.354768804390997,0.285602620862302
0.439644390368261,-0.343218802624876,0.283414795851686
0.45186550995107,-0.331855740864044,0.281575681924496
0.464008019016638,-0.32069523296261,0.280091880301053
0.476026917192854,-0.309749979448768,0.278966495157196
0.487878050394886,-0.299029476418766,0.278199020506145
0.499519245783506,-0.288539879476082,0.277785354753983
0.510911501449692,-0.278284064359223,0.277717946677457
0.522020177222303,-0.268261917621602,0.277986066665909
0.532816126011307,-0.258470879228397,0.278576186885956
0.543276700811037,-0.248906744720791,0.279472444446754
0.553386570956972,-0.239564718204854,0.280657153565304
0.563138282291329,-0.230440689335498,0.282111326975432
0.57253249944238,-0.221532688029744,0.283815164087356
0.581577874681275,-0.212842450199334,0.285748464214135
0.590290497624067,-0.204377006928806,0.287890927889056
0.598692894901334,-0.196150189498536,0.290222318046858
0.60681257071684,-0.188183925802028,0.292722465484034
0.614680109536432,-0.180509193640245,0.295371118965248
0.622326901198112,-0.173166497672604,0.298147658403055
0.629782594238463,-0.166205754074758,0.30103070775539
0.63707242970868,-0.15968550330954,0.303997699998834
0.644214646771609,-0.153671426697977,0.307024456735718
0.65121817304088,-0.148234211911397,0.31008484702108
0.658080808283755,-0.143446886522455,0.31315058247074
0.664788075430632,-0.139381804470547,0.316191189328021
0.671312850190767,-0.136107514594871,0.319174175922419
0.677615799470942,-0.133685753737239,0.322065390502265
0.683646573793974,-0.132168786535118,0.32482954463826
0.689345625615523,-0.131597264945471,0.32743086473329
0.69464647598718,-0.131998714009721,0.329833829592915
0.699478231996089,-0.133386680187694,0.332003953979713
0.703768165208299,-0.135760516974907,0.333908583596278
0.707444189912127,-0.13910573717006,0.335517673005258
0.710437119885858,-0.14339483440505,0.336804522700408
0.712682624881077,-0.148588466383684,0.337746454485705
0.714122846634841,-0.154636894385449,0.338325406230081
0.714707665565276,-0.161481583308152,0.338528429088041
0.714395632386347,-0.169056880069423,0.338348073298133
0.71315459425984,-0.177291703083972,0.337782652967127
0.710962054019602,-0.186111190425006,0.336836385479343
0.707805304772345,-0.195438268505589,0.335519406616308
0.703681381942942,-0.205195116312227,0.333847667341126
0.698596871473347,-0.215304512074802,0.331842721858691
0.692567607115266,-0.225691059393416,0.329531418682229
0.685618282163701,-0.236282297857044,0.326945506995779
0.677781992128662,-0.247009708674143,0.324121169851522
0.669099715316228,-0.257809628447373,0.321098494098167
0.659619728733599,-0.268624083722948,0.31792088490322
0.64939694789888,-0.279401555235131,0.314634430823368
0.638492171894149,-0.290097673950884,0.311287224051938
0.626971210343601,-0.300675841461061,0.307928640093703
0.614903867996064,-0.3111077556634,0.304608581906405
0.602362766308288,-0.321373810156076,0.301376695566401
0.589421990735653,-0.331463323900501,0.298281567621789
0.576155567791638,-0.341374548576313,0.295369918145935
0.562635797057429,-0.351114397047759,0.292685807559441
0.548931488881664,-0.360697839969453,0.290269878861681
0.535106185890904,-0.370146930868419,0.288158659255061
0.521216471694733,-0.379489444111557,0.286383945573282
0.507310488378608,-0.388757144350316,0.284972295986335
0.493426790350595,-0.397983747405884,0.283944646065572
0.479593651616352,-0.407202675794323,0.283316060843142
0.46582891468992,-0.416444749995355,0.28309562683617
0.452140423671145,-0.42573598136541,0.283286480283146
0.438527026991888,-0.435095637788832,0.283885961254581
0.424980075624543,-0.444534735449374,0.28488587877032
0.411485290267654,-0.454055070676369,0.28627286996842
0.398024835288342,-0.463648850465473,0.288028836479337
0.384579423845561,-0.473298918148654,0.290131442711804
0.371130288826716,-0.482979512097113,0.292554662778336
0.357660884512877,-0.492657449268733,0.295269364406777
0.344158227344135,-0.502293597622786,0.298243918914215
0.330613832432919,-0.511844493613632,0.301444826126283
0.31702424778091,-0.521263971077992,0.304837342355581
0.30339122473414,-0.530504691170953,0.308386098743901
0.289721587980175,-0.539519493764271,0.312055696920577
0.276026880852763,-0.548262523293263,0.315811269351392
0.262322863327492,-0.556690111956189,0.319618993012336
0.248628933477152,-0.564761427535876,0.323446546973339
0.234967531289298,-0.572438910567401,0.327263506811174
0.221363569407925,-0.579688536061207,0.331041671172931
0.207843920778199,-0.586479939282583,0.334755317966403
0.194436979908988,-0.592786444462386,0.338381389374142
0.181172303436517,-0.598585031178114,0.341899606083906
0.168080327251416,-0.603856266840647,0.345292511827593
0.155192151621783,-0.608584226401626,0.348545449647715
0.142539382231109,-0.612756412968819,0.35164647145289
0.13015401343193,-0.616363686163784,0.354586182615162
0.11806833984106,-0.619400199216599,0.357357523808509
0.106314883187152,-0.621863341320253,0.359955493253043
0.0949263227157928,-0.62375367872965,0.362376814080635
0.0839354191364889,-0.625074886564537,0.364619553774301
0.073374923881019,-0.625833663145594,0.366682705453561
0.0632774672751422,-0.62603961973729,0.36856574393752
0.0536754210908969,-0.625705140538027,0.370268172695141
0.0446007329731383,-0.624845210227441,0.371789080471854
0.0360847324936872,-0.623477208997203,0.373126728101627
0.0281579111020166,-0.621620677412465,0.374278186364138
0.0208496810364347,-0.619297055338236,0.375239044397374
0.0141881211212521,-0.616529400417477,0.376003205140546
0.00819972007715607,-0.613342092159939,0.376562779749292
0.00290913015218607,-0.609760527728827,0.376908087377076
-0.001661054743339,-0.605810815161549,0.377027760730952
-0.00549048190845675,-0.601519469261566,0.376908952051649
-0.00856117017074536,-0.596913114950716,0.376537629247951
-0.0108575761954827,-0.5920182025601,0.375898948231882
-0.0123665885024078,-0.58686073941178,0.374977685324337
-0.0130774448594079,-0.581466042030476,0.373758712930426
-0.0129815731934247,-0.5758585133405,0.372227502408452
-0.0120723608015966,-0.570061449119588,0.37037063988377
-0.0103448612022595,-0.564096877709788,0.368176343359907
-0.00779545220692324,-0.557985436470079,0.365634972477451
-0.00442146256419149,-0.551746287693701,0.362739525296078
-0.000220787726543159,-0.545397075750875,0.359486119176369
0.00480848214419491,-0.538953926133889,0.355874454889743
0.0106683969237728,-0.532431485973884,0.351908264203398
0.0173614178567409,-0.525843004558224,0.347595741121992
0.0248905989613958,-0.519200451473811,0.342949955534243
0.0332596526279878,-0.512514669263905,0.337989245094174
0.0424728753389779,-0.505795556894469,0.332737576767856
0.052534912725852,-0.499052279806046,0.327224863734617
0.0634503482594312,-0.49229350175563,0.321487216588579
0.0752231070586448,-0.485527632868798,0.3155671006178
0.0878556758642269,-0.478763087154195,0.309513364151852
0.101348152189658,-0.472008541037679,0.303381097660283
0.115697149802554,-0.465273182197399,0.297231280734177
0.130894603366711,-0.458566935237757,0.291130175674234
0.146926531179933,-0.451900647907356,0.28514843344103
0.163771829890182,-0.44528621937088,0.279359891154724
0.1814011869397,-0.438736651592105,0.273840060432188
0.199776203152632,-0.432266007508094,0.268664331870185
0.218848817307571,-0.425889266514417,0.263905950840888
0.238561114932505,-0.41962207904491,0.259633849994595
0.258845583685161,-0.413480436226552,0.25591044992913
0.279625847262124,-0.407480284343304,0.252789556658007
0.300817870345841,-0.401637122940917,0.25031448907877
0.322331582806543,-0.395965626889658,0.248516560007307
0.344072828984843,-0.390479326636089,0.247414011386315
0.365945515118906,-0.385190370101977,0.247011470900831
0.387853810838148,-0.38010937793057,0.247299957524637
0.409704261277263,-0.375245393516604,0.248257422062332
0.431407682869881,-0.370605921261084,0.249849770186785
0.452880743751568,-0.366197040709237,0.252032284010022
0.474047163646201,-0.362023580665151,0.254751336992637
0.49483850332287,-0.35808933619281,0.257946287481198
0.51519454641385,-0.354397312582276,0.261551438053938
0.53506330393345,-0.35094998338994,0.26549795933372
0.554400692682412,-0.347749553682711,0.269715695242279
0.573169952288014,-0.34479822368721,0.274134788750174
0.591340872207575,-0.342098451398221,0.278687090161713
0.608888900504328,-0.339653214904843,0.283307331518162
0.62579420191755,-0.337466276079275,0.287934069169462
0.642040725139464,-0.335542446884128,0.292510411007039
0.657615329673312,-0.333887858004011,0.296984554940045
0.672507012340415,-0.3325102269141,0.301310171069292
0.686706263253311,-0.33141911894407,0.305446662091976
0.700204571357517,-0.330626190404941,0.309359335329116
0.712994090549356,-0.330145397438647,0.3130195159533
0.725067468727081,-0.32999314794451,0.316404624987731
0.736417833484222,-0.330188366864644,0.319498237750471
0.747038918967883,-0.330752437594239,0.322290128777683
0.756925308225795,-0.331708974995848,0.32477629791691
0.76607275398031,-0.333083379695382,0.326958959294498
0.774478528730557,-0.33490212116842,0.328846460602006
0.782141744106917,-0.33719170204401,0.330453085740593
0.789063572982512,-0.339977273141912,0.331798681913256
0.795247311497547,-0.343280904561377,0.332908047575263
0.800698238666068,-0.347119578920755,0.333810027559309
0.805423273776073,-0.351503059802797,0.334536294577066
0.809430493884974,-0.356431889276163,0.335119856732809
0.812728638217439,-0.361895848475975,0.335593410957039
0.815326759907074,-0.367873219901943,0.335987734861457
0.817234153140919,-0.374331070903894,0.336330331936057
0.818460578260063,-0.381226540369684,0.336644485426848
0.819016672381531,-0.388508843984882,0.336948747674363
0.818914344930046,-0.39612155142145,0.337256758563743
0.818166968321378,-0.404004713193946,0.337577222768014
0.816789269411512,-0.412096589999345,0.337913906409656
0.814796943027053,-0.420334945607444,0.338265602877147
0.812206085768102,-0.428658001920005,0.338626103840708
0.809032567745263,-0.437005190945081,0.338984255582702
0.805291438228658,-0.445317803773913,0.339324178874372
0.800996424588454,-0.453539578908598,0.339625700630221
0.79615955100095,-0.461617224869077,0.339865007891227
0.790790881520116,-0.469500847274271,0.340015502638417
0.784898381108732,-0.477144246822713,0.340048814831191
0.778487884955324,-0.484505064572823,0.33993592097407
0.771563167676659,-0.491544767326881,0.339648314214213
0.764126107365325,-0.498228483366499,0.339159176542611
0.756176943427417,-0.504524714090648,0.338444511442721
0.747714630896562,-0.51040495876338,0.337484204052331
0.738737296931136,-0.515843297198369,0.336262983876673
0.729242807156443,-0.520815979027703,0.334771271125861
0.719229449958587,-0.525301068682052,0.333005891083151
0.708696745257563,-0.529278192897321,0.330970641309534
0.697646379882436,-0.532728432824,0.328676694100762
0.686083263530936,-0.535634395854571,0.326142812126501
0.674016686469717,-0.537980493075176,0.323395349823615
0.661461541868075,-0.539753436506386,0.320468008633668
0.648439551935999,-0.540942955651142,0.317401312891614
0.634980409080088,-0.541542714914954,0.314241777693767
0.621122714347263,-0.541551392143446,0.311040752952012
0.606914571237883,-0.54097385444543,0.30785295077412
0.592413681768076,-0.539822342492801,0.304734696205823
0.57768680283568,-0.538117551986319,0.301741981196066
0.562808462392388,-0.535889486030008,0.298928441973874
0.547858908926143,-0.533177950638822,0.29634341142719
0.532921367255114,-0.530032582622455,0.29403021037338
0.518078780906318,-0.526512336577018,0.292024827348882
0.503410311337956,-0.52268441233444,0.290355094586149
0.488987912547624,-0.51862266696933,0.289040405217797
0.474873291906745,-0.514405613623576,0.288091947099641
0.461115506443334,-0.510114150684211,0.287513367747804
0.44774934590012,-0.505829181602225,0.287301745077693
0.434794545588845,-0.501629277270062,0.287448725039598
0.422255777600972,-0.497588505201589,0.287941697325236
0.41012330361075,-0.493774512049026,0.288764906349573
0.39837414042985,-0.490246907426837,0.289900427456815
0.386973585914177,-0.487055964179808,0.291328970037694
0.375876968621074,-0.48424162627753,0.293030495231147
0.365031510228478,-0.481832800662261,0.294984654339305
0.354378217674763,-0.479846902066756,0.297171065359307
0.3438537476022,-0.478289617840066,0.29956945058692
0.33339220684717,-0.477154861079023,0.302159659817796
0.322926869014455,-0.47642488326392,0.304921602820432
0.312391799173231,-0.476070521137715,0.307835112646934
0.301723387361294,-0.47605155626513,0.310879758770994
0.290861797832149,-0.476317169476239,0.31403462646613
0.279752345572606,-0.476806476393188,0.317278076539872
0.26834681502722,-0.47744913473423,0.320587497674132
0.25660473837406,-0.478166019360586,0.323939062280826
0.244494652045971,-0.478869967265644,0.327307496013122
0.231995350251368,-0.479466601946953,0.330665870881119
0.219097152691473,-0.479855254741019,0.33398543223923
0.205803200132866,-0.479930009495124,0.337235470607839
0.192130785604443,-0.479580906068983,0.340383250170726
0.17811272035727,-0.478695347218847,0.34339400660773
0.16379872190429,-0.477159761968977,0.346231027462829
0.149256795903866,-0.474861586028401,0.348855828327861
0.134574563756523,-0.471691625280132,0.351228437644803
0.119860462996445,-0.467546870505891,0.35330780187306
0.105244717644617,-0.462333828359182,0.355052321137196
0.0908799410965679,-0.455972422609962,0.356420523273799
0.0769411963874725,-0.448400497902254,0.357371881387019
0.063625300797235,-0.439578922784934,0.357867776491286
0.051149128304856,-0.429497237406659,0.357872602436112
0.0397466403760298,-0.418179723327988,0.357355004962535
0.0296643698346436,-0.405691689973032,0.356289240386137
0.0211551009065925,-0.392145678617418,0.354656632050232
0.0144695364244853,-0.377707187377723,0.352447094409351
0.0098458236361821,-0.362599427792899,0.349660685739698
0.00749692287552162,-0.347106542407874,0.346309142514089
0.00759594589461435,-0.331574644220677,0.342417346076003
0.0102597619029416,-0.316409970082071,0.338024686323897
0.0155313805845873,-0.302073336619568,0.333186336749466
0.0233619165331983,-0.289069895254482,0.327974561798717
0.0335934204763317,-0.277932868517797,0.322480340463064
0.045944684973718,-0.269199612817617,0.316815737916434
0.0600033881752159,-0.263378410878545,0.311117402541134
0.0752293411158416,-0.260905667253335,0.30555105238043
0.0909741048346911,-0.262096440777261,0.300315758808236
0.106520224707847,-0.26709604619729,0.295645660641071
0.121138044024378,-0.275844130901045,0.291806344508212
0.134151473468757,-0.288061644023661,0.289084104466348
0.14500033119367,-0.303264772886673,0.287768142660469
0.153288411887982,-0.320802140191278,0.288127318318335
0.158811427574934,-0.339907237360758,0.290383794437614
0.161563510352542,-0.359758229953998,0.294686433337827
0.161723417380451,-0.379539115321392,0.301087606442774
0.159623137463404,-0.398497132761112,0.309527812046338
0.155703613476951,-0.415991275970794,0.319832137373755
0.150464347106227,-0.43152715220035,0.331720614125433
0.144414362586423,-0.444775109127948,0.344831415176561
0.13803076685473,-0.455571136403857,0.358752874759321
0.131728616938946,-0.463902631707608,0.373058635642314
0.125843130820614,-0.469882989032195,0.387340260542257
0.120623230664508,-0.473719833768698,0.401233049813099
0.116234201095644,-0.47568163848808,0.414432852054487
0.11276676102381,-0.47606663687075,0.426703638103998
0.110249878387915,-0.475176724804318,0.437877090166463
0.108665017675499,-0.473297711543156,0.44784628032946
0.107960051294286,-0.47068611354763,0.456555728951039
0.108061665983576,-0.467561825996659,0.46398990770771
0.108885657261193,-0.464105514302807,0.470161780880838
0.110344961867511,-0.460459405749083,0.475102435648911
0.112355599031037,-0.456730242460958,0.478852360190525
0.114840877179378,-0.452993378837064,0.481454551717203
0.117734296609993,-0.449297279997726,0.482949391342262
0.120981573242957,-0.445667940924083,0.483371094146447
0.124542155514905,-0.442112965697126,0.482745502187818
0.128390530286441,-0.438625212033832,0.481089005065622
0.132517529940791,-0.435186021396623,0.47840842140839
0.136931769260051,-0.431768128813235,0.474701736463006
0.141661258912504,-0.428338389719051,0.469959653057211
0.146755160706225,-0.424860482348057,0.464167966933267
0.152285564997526,-0.421297749171464,0.457310816324234
0.158349080021014,-0.417616332182519,0.449374873715653
0.165067925634701,-0.413788734288277,0.440354538496305
0.172590122685391,-0.409797900509136,0.430258145345727
0.181088271380445,-0.405641854849222,0.419115116959687
0.190756331277744,-0.401338848338724,0.406983854281843
0.201803772293317,-0.396932868805077,0.393959969387052
0.214446487996469,-0.392499233599012,0.380184229187684
0.228893982623705,-0.388149835781688,0.365849308017989
0.245332597316434,-0.384037447333603,0.351204177906919
0.263904961347334,-0.380358304233317,0.336554755609407
0.284686461665575,-0.377352005769277,0.3222593625163
0.307660321318838,-0.375297539388622,0.308717750146007
0.332693843936507,-0.374503970838963,0.296353019537168
0.359519471853801,-0.375294040726032,0.28558679849292
0.387725415178714,-0.377978806136986,0.276809499201332
0.416761426906423,-0.382822235397513,0.270349102996213
0.445964989008922,-0.389997479478767,0.266443170228781
0.474610216269812,-0.399542132365805,0.265218947977564
0.501975003992228,-0.411326156338727,0.266685087087829
0.527413176115985,-0.425047485296161,0.270735878385574
0.550413619822989,-0.440261717436961,0.277166160762581
0.570632820358794,-0.4564375521505,0.285693272388105
0.587898358403661,-0.47301981914933,0.295981973902571
0.602190588065122,-0.489483457690364,0.307668809445177
0.613612842822884,-0.505370388607769,0.320383418072628
0.622358539670345,-0.520309188656347,0.333765525079279
