-1.32523838816464,0.00524890031338536,0.0406319586801476
-1.96754630373196,0.0147568700747833,0.115215726651172
-2.58387544951402,0.0312769855027836,0.236772936678241
-3.16300563136417,0.0557013480592366,0.403179839741225
-3.04027897139698,0.0689441758662573,0.463619838645668
-2.88286931623588,0.0811419511623384,0.490703523884606
-2.69346722568804,0.0912019904425471,0.495757931113085
-2.47449570192196,0.0972466310036356,0.490033005951186
-2.2229145438733,0.096474123781541,0.479822156940542
-1.95072230966452,0.0871695802669503,0.466949916456418
-1.62775517118931,0.0677292440555498,0.432996842846238
-1.38705951820209,0.0463452268237655,0.40220922848612
-0.838437168720934,0.00925077218124387,0.240947802616282
-2.17580949542817,0.00841739195725172,0.666959430644801
-0.579763728119838,-0.0262315293316118,0.141929993126558
0.598763375664884,-0.0966066496641733,-0.272868624171783
1.41202978012181,-0.183099965429407,-0.376744945889901
2.10917910883328,-0.243687935384724,-0.322997534612723
2.6460575936182,-0.286064324328773,-0.239328255578214
2.96210447112901,-0.256690325317199,-0.0493078455588741
3.05004465862874,-0.174226968407823,0.296264394750595
2.90955939063503,-0.0854998357167867,0.534899781198046
2.56940247531025,0.0142898887357265,0.523358469539822
2.08406663808515,0.117366197485258,0.394138445013918
1.44316314920604,0.236487910359781,0.251582846965345
0.704228979523126,0.343104226137752,0.0570959667630063
-0.0323404877871963,0.418659082237942,-0.19480693522298
-0.758526688480624,0.499976547127467,-0.34716061830644
-1.40297689789807,0.578517953485281,-0.242018830722174
-1.83767932692647,0.659760025449694,-0.00668858423571815
-2.01316572042241,0.741018439318328,0.163229549075965
-2.01836813136405,0.648010178946522,0.293450743272217
-1.9668203123142,0.392972986032487,0.437517082122936
-1.84283861239043,0.0763803793313339,0.433178638175396
-1.6336586302296,-0.264779263427508,0.230019175501649
-1.36178183544425,-0.607418227772714,-0.00102479609895226
-1.02949319370939,-0.955681642484677,-0.111883945562737
-0.704715070294279,-1.27264974805278,-0.13764420738594
-0.508988879749925,-1.48418723049085,-0.142329626467838
-0.405513613930288,-1.51164340586158,-0.0380196475111276
-0.126177508725618,-1.30772976140293,0.205092057885015
0.321380369600456,-0.988702284186918,0.356480184162555
0.767058085431538,-0.60575968013196,0.294611618671551
1.14104891073999,-0.11216395428952,0.182554463431558
1.46885411491431,0.424576889151843,0.153714890107805
1.71192153594928,0.931604753032861,0.0580257281366566
1.83777513308514,1.38964279500974,-0.130264865048454
1.88118041168924,1.7593664549902,-0.213227393122061
1.8011584060314,2.0384357656837,-0.0463983283630364
1.58436402429027,2.1591618536948,0.172164529489301
1.3068719426202,2.06688934172423,0.259313970722339
0.96915060356169,1.7964880343876,0.333391678167691
0.609614235861784,1.29519191512392,0.46892334084885
0.199648254941863,0.657569043617883,0.427432214922043
-0.290636178276411,0.0602134370882669,0.13501086388957
-0.789152667312869,-0.535543309837997,-0.176102480776991
-1.31304664958367,-1.0968874982691,-0.257849878151336
-1.84941876802635,-1.50906191405286,-0.204013175708625
-2.25954388058625,-1.76572306885097,-0.213282907642975
-2.50266241770218,-1.82253490951349,-0.169832504947134
-2.52020948855884,-1.75268187047584,0.102248147635611
-2.28744261628184,-1.71661070001675,0.446195069595027
-1.91813970834075,-1.60337241598487,0.527501513156585
-1.41458746422283,-1.4167728757521,0.422184064663158
-0.767783747693887,-1.14928626690294,0.341486559997455
-0.0671238724339501,-0.767152812057854,0.263710048570997
0.603027954732128,-0.398394880628487,0.0194688998947834
1.22205145815393,-0.0338393158291647,-0.26455099335891
1.79273993738,0.34371540844636,-0.336709363669458
2.25316133647891,0.614286149373649,-0.160211501283977
2.46746464543327,0.83375030006958,-0.0568905176032691
2.49170281636563,1.04662479369746,-0.0573462188100644
2.40506291794995,1.19903230638721,0.00855238323472121
2.22658031834843,1.30031297771233,0.237699585998328
1.9137531145476,1.28897814658771,0.360390998549238
1.47473761291924,1.16912510374263,0.270963909011797
0.925078888943617,1.02363936496392,0.186021308590229
0.223458890242791,0.833816896418032,0.207747789434167
-0.492283810894605,0.621498298155435,0.122916480988756
-1.13322136020551,0.393108651818286,-0.102727770803665
-1.77237931893657,0.131207027358397,-0.249157009270691
-2.3262655175745,-0.10282179246279,-0.146028438504185
-2.71478740614526,-0.310373091344459,-0.0106304454898061
-2.95692658122977,-0.488778224765119,0.0141037638180519
-2.96918585811492,-0.61134170980208,0.0843321229890668
-2.79303130632437,-0.693707560759146,0.333615844493377
-2.45827563420018,-0.724145588261683,0.467338803922009
-1.95614094118462,-0.709974563175612,0.34835533081157
-1.35507491431365,-0.667290550056525,0.188678497974967
-0.608119214386421,-0.611203810522257,0.130420211011354
0.218233849665234,-0.533761351789506,0.0341616867049396
0.979382998342699,-0.442164568869817,-0.185345806846263
1.71701612424564,-0.387694551194091,-0.353260816860533
2.37743603366758,-0.385043184120079,-0.264969340686022
2.8404942714127,-0.391924051619901,-0.0358716782787685
3.10249414292619,-0.415727333150201,0.0913682198816096
3.09284479248766,-0.403662378230448,0.175590241108517
2.84575801576498,-0.310919681336514,0.355841635681883
2.4625682224436,-0.148454251226759,0.461389921524664
1.97092016874634,0.0922040579555261,0.317722873021313
1.44123712514262,0.378182676608774,0.114968944375228
0.902551286765743,0.718047618949037,0.0633029894363209
0.406469226599602,1.0444804985047,0.0862526413956276
-0.0602860891977941,1.20102465950091,0.00055082265287089
-0.656282682987513,1.22317477803125,-0.071805146458425
-1.29907256668958,1.08974178462217,0.0376182707390447
-1.83409408838716,0.816434271463673,0.144274202554245
-2.23842954529959,0.514439614414052,0.0780286361575641
-2.47457413080145,0.14290063960708,-0.0155238289209718
-2.56935373522583,-0.278817672555413,0.0533123050556061
-2.53325416485084,-0.661297802587094,0.1351300237777
-2.32637706348951,-0.988587196031104,0.0705191021738046
-2.01946706916079,-1.22980494141873,0.0225827093338692
-1.62736626357718,-1.39978610010649,0.159192045500893
-1.15140428333807,-1.44724433348922,0.33783546396857
-0.729192023348833,-1.3117824547073,0.334692689369392
-0.31911537338721,-1.05410386995007,0.249491876440381
0.176676363053046,-0.657935740225912,0.244346846948027
0.737329909784897,-0.16943952874305,0.181284929511414
1.31216921609157,0.250111297970729,-0.0782011724487924
1.82462326015176,0.640622180029538,-0.335378167676373
2.29178578150827,1.00367614828851,-0.309585594326527
2.7396520556387,1.18212146389775,-0.0566260566607197
2.98521288912254,1.18608763440289,0.0789029390097155
2.98026307213687,1.08234556798627,0.152727076069987
2.72472798518354,0.939329931321993,0.360374190609078
2.18361782654375,0.858324967949593,0.6239463955317
1.53035490714574,0.724433814623201,0.578633892761712
0.8377992478846,0.548976277892099,0.280088115386204
0.0376219291636527,0.372577894907455,0.00596135991322476
-0.818255552025556,0.103638263153701,-0.0846922629233518
-1.58152513727742,-0.148026645649991,-0.208614279752143
-2.21741229078983,-0.311033367896129,-0.36733821108476
-2.71014619915619,-0.470121644333012,-0.347852294243093
-3.02665228005273,-0.541129045057374,-0.0270276162287932
-3.04409799030065,-0.49803616919257,0.272446688119036
-2.73658561354524,-0.521323772458506,0.323650991395367
-2.36989801095946,-0.591975321111578,0.25893647203922
-1.89918688566359,-0.658250594169166,0.275779134033
-1.44747633470141,-0.816644273133163,0.456496676097488
-0.909957961487496,-0.828816267198538,0.364784981302235
-0.462547691080697,-0.754633331913495,0.0994556168952675
0.0226943143210024,-0.62553116915854,-0.0843408893255347
0.610938580916995,-0.423337571457627,-0.00641942058530955
1.16289810917153,-0.0990852721977397,-0.0147213507729834
1.61982292758452,0.207843382517254,-0.201312297172442
2.0631674666871,0.538929829143542,-0.351548115247853
2.46493863604856,0.828262570612899,-0.209813866309019
2.67234068191065,1.0517655679842,0.0901162602473532
2.79133008786234,1.21640659346764,0.181547954653214
2.74524113267512,1.2394386956122,0.184380258778546
2.49802031600174,1.17893484069196,0.385032589126702
2.14406898454988,1.03757021775239,0.637212168693494
1.72158936756611,0.796205340548524,0.552544868025447
1.14734145076732,0.48113188540637,0.278990224374152
0.583092146945609,0.200457390435525,0.0707484241678856
-0.0407998321930958,-0.0700947719763617,0.0183221329297947
-0.718196498432595,-0.423565663951786,-0.0755729788981111
-1.26771345567372,-0.725198651203342,-0.253924408516495
-1.78333763731776,-0.936285068545602,-0.404450645859942
-2.22783683775748,-1.04874906812697,-0.316882398007887
-2.46479585554922,-1.05789172949935,0.0135483037310846
-2.56666524233273,-0.963295716683019,0.156425043180339
-2.6268122776397,-0.779592021315939,0.109984558473694
-2.52776275208613,-0.491017849674759,0.16668106073901
-2.29877984721369,-0.286225310910686,0.44249021658921
-1.98192595647582,-0.100258291236296,0.502540396851386
-1.58393884565263,0.138029202483526,0.318008667728141
-1.11379541195382,0.299025371391267,0.12812664728694
-0.49961690147734,0.450826355734329,0.119615565263229
0.110972817529998,0.632382064721694,0.137804101609845
0.685301936647599,0.694365240023576,-0.0665566192834077
1.29836058923518,0.74714936164564,-0.331410794753163
1.9193530244441,0.843440007362315,-0.350139185438129
2.53592094652597,0.881765806118309,-0.0954858067783711
2.9362969437359,0.990836365045905,0.00679276733821405
3.1812817923169,1.08306485557778,0.0496988591858249
3.06513519437006,0.920867321858191,0.244505815820673
2.9820344215957,0.793819976864371,0.624364811287039
2.25896311931896,0.519507018127738,0.63409415258991
1.72446704840067,0.286603988405411,0.406343402950784
1.01245808387771,0.0203152272574429,0.0970184615386923
0.217758960453438,-0.287886510049923,0.00446836102776544
-0.519253246892367,-0.547212752816291,-0.0362141508723517
-1.24485325204895,-0.783519952823176,-0.240187415115275
-1.82824576667745,-1.03816930424329,-0.377557227210536
-2.2408252070481,-1.27497408573026,-0.155743029720473
-2.55963778180546,-1.42916132045601,0.250134481160654
-2.57001210258653,-1.46977311328705,0.339550100982857
-2.50556933887994,-1.40754395632178,0.310035230122325
-2.21329120225311,-1.11083698297557,0.367668411299911
-1.83530595171384,-0.717029255990604,0.45583152027523
-1.37564730816269,-0.276975225888824,0.238992704708041
-0.955521341845795,0.172835328778133,-0.0928808569736567
-0.486334948611076,0.677118198241121,-0.207448202804833
-0.100417044800001,1.0614920353209,0.013642584016044
0.307238707227294,1.32660393884635,0.101671284505015
0.80215950608621,1.45699486527378,0.0316825301087448
1.25030125382177,1.35911381324707,0.0808478737632606
1.68555693033284,1.15889556660173,0.379279619196745
1.94107679009882,0.906878641652479,0.401049447844188
2.04827460061407,0.574611875285352,0.160841468583774
2.07532522244987,0.229788320417596,-0.0461460304147488
1.94566130842657,-0.225482919462651,-0.00471425420444571
1.65647933653546,-0.685874443397701,0.0568887986174824
1.30384567706664,-0.961442050442028,-0.0606899892385237
0.898415567387311,-1.20934864900953,-0.128904816482628
0.469861844469558,-1.32565550786737,0.141863223464446
0.104930133231923,-1.22178337760341,0.467685085364208
-0.26340685265696,-1.06179057230233,0.439005778050697
-0.600552339517745,-0.770970127152662,0.258343992708723
-0.922367402780024,-0.333574514812533,0.23266128074439
-1.22853777537182,0.0568917601102477,0.258235713068078
-1.43705319374323,0.477795782413044,0.000845220376921002
-1.53539561878445,0.85736212689813,-0.313607096149404
-1.55255197554249,1.15444985886447,-0.359643492312762
-1.45183418436874,1.48704144179607,-0.0375918961097106
-1.29394834428305,1.61144206800688,0.115413582215939
-1.07651439600736,1.5571123899839,0.122634119373997
-0.793912073361963,1.37990521830648,0.297127954163003
-0.511973602229925,0.907015249627975,0.615939556685398
-0.263625776312439,0.43667170938182,0.57708094854718
-0.0193075401904654,-0.00329635929611853,0.262187756404789
0.238251816627084,-0.560803821446129,-0.0222554849205463
0.492439085040056,-1.06811930543744,-0.0206808192598315
0.651713598609104,-1.4744409593504,-0.0781250731654472
0.736617432122145,-1.82038723354543,-0.263052296513221
0.780083769269356,-1.94198756899677,-0.336932008795426
0.783686542431806,-1.87176757038875,-0.0445737139662614
0.665473617190683,-1.63830781237682,0.286348544233705
0.621555974585846,-1.08987972441794,0.232431368298838
0.709599876999656,-0.500024996723459,0.0570090440926328
0.830054477478575,0.0274779065925068,0.125030522500683
1.02596339526645,0.592319678027221,0.352514870636015
1.10194206666712,0.902145290786497,0.235268299353489
1.05265211475816,1.08434552816804,0.00761239331825403
0.94897294625252,1.19676419903985,-0.0335505865000083
0.532157613379141,1.3051660812451,0.206721013073342
0.000174776079838329,1.40365199351553,0.240198885455769
-0.403676513450104,1.47515969758873,0.00667359030092803
-0.836332404879245,1.6128293888368,-0.233703961356319
-1.15784001791274,1.79929489462812,-0.104022584330069
-1.17581859606216,1.79830622301756,0.229722747996741
-0.970576393573068,1.75074028321152,0.242510771171916
-0.679969906344255,1.4296229045842,0.113642468471482
-0.527219395302023,0.828910361075251,0.140320542158476
-0.466446860478604,0.231231295179954,0.358436253230853
-0.374484796172281,-0.392605578378672,0.279548697970451
-0.291498577650005,-1.00512861009918,0.0251292504298713
-0.237374533109728,-1.53419746855092,-0.127091360777137
-0.210444511680351,-2.09032703424991,-0.00781393594040524
-0.497244561832253,-5.65867575744191,0.51889098349631
-0.145807685362955,-2.90053473609017,0.158633780436638
-0.0561007325204563,-2.48382530955077,-0.0754947715856462
-0.0371957050024302,-2.4832261339799,-0.0156313321275954
0.0288270545450083,-2.07569029696826,0.390545580477122
0.0994176158235879,-1.60492724769807,0.411330778002038
0.151531444885018,-1.12757120538196,0.135087223141334
0.261762399304114,-0.41338907127236,-0.140649999720607
0.39022284570366,0.351954531464733,0.0195160803681515
0.478048733775298,0.94502485997456,0.141294403756867
0.623467926527156,1.5714827525233,-0.0925215256330857
0.721121024514009,2.05525681114188,-0.321512520681514
0.701081660562503,2.39010861972688,-0.177020069941718
0.795598691220245,2.72112404688683,0.273062645287815
0.727930911884678,2.74552541502198,0.267451959042183
0.543010048938554,2.6755191056296,0.107725752556383
0.377764637204813,2.57566749247391,0.105299215221715
0.0177645524075721,2.29267489913466,0.504783716752951
-0.23784120831799,1.89391177488796,0.603336811359908
-0.307410355202852,1.41972742061885,0.35893800569796
-0.458353028014131,0.787454552109111,0.0828898986664808
-0.522994268458834,0.0695152226587715,0.153534934555724
-0.357576238027221,-0.64084554141711,0.27792240739403
-0.348829109903299,-1.32386859151623,0.0181687707535631
-0.314190312085237,-1.88028161821542,-0.305520961172005
-0.162080171723904,-2.2499944418527,-0.401155717997269
-0.128201000290518,-2.59286635099319,0.0219811982068809
-0.0482805189838682,-2.7856779188659,0.186412826031174
0.0730590831273594,-2.69979285385692,0.0802694120418243
0.0348839805101196,-2.50973141859877,0.0300394929042272
-0.00593857093953878,-2.07169610517594,0.392150643289956
-0.0241864331312966,-1.42839544852851,0.640693993579096
-0.189863703532522,-0.964481893515728,0.424900092052677
-0.308044498335816,-0.436798837686217,0.0986604716623009
-0.431263673717784,0.190517345180533,0.0332310395574317
-0.59776457942756,0.577647284187234,0.300456420461247
-0.580017030312364,0.993859647584337,0.153821853950115
-0.513670601665372,1.4126250762093,-0.165490022770677
-0.429461194564457,1.62798576917751,-0.387065052624328
-0.317744139167118,1.81995428075982,-0.145302829503153
-0.0991427210633297,2.05701187424329,0.11917524693262
0.235027763906964,2.0393924472576,0.0111030726499266
0.537311442627853,2.02807138317574,-0.125443641526444
0.698179343559294,1.97515421416721,0.025358456305593
0.90121310211125,1.63710883370192,0.536077419012099
0.942516862488456,1.3889289853627,0.592214645791383
0.846076718749475,1.11256296364988,0.373710115151496
0.739438724247595,0.685537784825386,0.21539698737934
0.480056660509351,0.379343458425205,0.426044561839644
0.191640659058956,0.0992947315595513,0.38427599601728
0.0186972857945895,-0.309394041921297,0.00788755658924518
-0.206484710844202,-0.62761347731292,-0.366080179219354
-0.459523938894942,-0.897334038344833,-0.348651205444421
-0.554710081135195,-1.30208755203255,-0.0170550803519373
-0.631450635895557,-1.48421584857818,-0.0528129708482919
-0.58342592798798,-1.59338065176647,-0.183920229111152
-0.352844089757871,-1.78082707341923,-0.0902063295483878
-0.156285275904108,-1.81218890569938,0.380435728012388
0.0965365078159823,-1.83625081448912,0.495740785164804
0.292947728840798,-1.88680930577664,0.353017680021497
0.320822738011326,-1.72052687087978,0.21547328107496
0.220670165779473,-1.48235371135165,0.401649366177271
0.194153865987116,-1.25767866706036,0.510096883925701
0.144238696274238,-0.832973063390354,0.218351102369226
0.0413362719634545,-0.400691519541448,-0.151213562149674
-0.0865005435630169,0.026260416514567,-0.261255284149827
-0.196258446772941,0.761491055206526,-0.00644360877162554
-0.258411094599417,1.4609253086657,-0.0494905081298256
-0.280328439379982,1.98835920241661,-0.256202514426183
-0.230590977552961,2.51092228867308,-0.292213197490396
-0.104007114502781,2.7188156734123,0.181431930382055
0.0659647153686389,2.68823735311085,0.50695065571709
0.249713005870914,2.67777783819549,0.423005939496719
0.414113190792785,2.40799278278709,0.231742982802659
0.57807247339925,1.93004141378847,0.318076814149163
0.780279125322802,1.48971229382868,0.521452995480851
0.904160440811604,0.881532871449581,0.264132100080634
0.952751553205299,0.270009848112712,-0.088942575106189
0.915166941819422,-0.229617598974416,-0.237646591614842
0.72118810274368,-0.841456130636533,0.0451523999260868
0.530856336872299,-1.34285994168459,0.142989402488576
0.241852975187521,-1.56317706889213,-0.0381032322744874
-0.148483005588197,-1.86156901418282,-0.197075980068178
-0.586511368006978,-2.13582410292502,0.026861291923696
-0.993666792001871,-2.21541289247681,0.270067038286789
-1.17562568786955,-2.32788340262601,0.177936019024005
-1.27367274333388,-2.26138247382667,0.0196683988678393
-1.3469903026675,-2.00788208223438,0.142523788419588
-1.09375970855483,-1.61960540764539,0.514429364893807
-0.916511226426243,-1.00807773141627,0.404114403229756
-0.803059363772551,-0.362406688460285,0.0642297345628129
-0.553294069322311,0.30671515769041,-0.203013465453191
-0.398580782362795,1.03432660191579,0.0353102708997469
-0.33867271215074,1.64094043707293,0.202864958841484
-0.0855593565138784,2.11562926128363,0.0296112482719777
0.0801778000235402,2.41266198695302,-0.137415728186619
0.139186293995756,2.53673730302412,0.0434612153083131
0.381938095052983,2.56283883088314,0.503610679074732
0.474136848529282,2.35390245139156,0.425770752388552
0.524762779857371,2.02556573309255,0.131153221646195
0.64979947761416,1.62128256277867,-0.0698771277707879
0.658342913718428,0.91893709552663,0.131316150206289
0.623769942966205,0.166952376814472,0.182821305339484
0.706695720610159,-0.348176286914313,-0.0543098475609828
0.732150551563812,-0.923305357317618,-0.244088297649301
0.870375493694272,-1.51828276055018,-0.0104351917721526
1.16362143438625,-1.72438895090798,0.427265108223538
1.11373295801807,-1.86619585259612,0.434231398395855
0.942494605442162,-1.91352459287059,0.297784965500459
0.75969813731652,-1.72294400126124,0.124954352428339
0.569463558176327,-1.45387938932621,0.172395629055421
0.165027085332239,-1.20415901298193,0.23978003265334
-0.291184181647417,-0.802772823302882,0.0136119629062414
-0.739835450357157,-0.424277555923365,-0.252682880752245
-1.19373615573226,-0.23333084247325,-0.393528327368324
-1.53650782083649,-0.0301134906559131,-0.031034509402094
-1.74778826529478,0.382791188830878,0.463119474091485
-1.6895750836275,0.549539636008921,0.465106256209456
-1.45308313281558,0.745710747716128,0.335294087056478
-1.11775132659308,0.849746277287228,0.44763811966345
-0.676980772881028,0.6807569916928,0.561717496634763
-0.216285719153545,0.637736666824103,0.255968444785022
0.212290411550429,0.593831140996205,-0.182659150962816
0.635585306904504,0.378674143705525,-0.48772440606154
1.00082395813146,0.173512454006752,-0.274665187620558
1.30677104658997,0.0872989129425492,0.0303393540127575
1.3981211206934,-0.16510724564508,0.0309949123882745
1.17234064416204,-0.308603402326304,0.0436406631326881
0.85996236915682,-0.327205553679716,0.474660883585993
0.600597343934827,-0.336776487432516,0.759097208389745
0.347952099062715,-0.11899732079274,0.544969241162649
0.113898226070067,0.0731232176537064,0.225814968768427
-0.0611093337098281,0.220624351140637,0.00882126697940182
-0.137333134292336,0.534384636230553,0.0312629541956473
-0.28277313363343,0.805787890536721,-0.0377683475347949
-0.370527247717405,0.838133065484803,-0.225805882608418
-0.286969633653707,0.817831635608202,-0.361605694503093
0.00292820707286496,0.62271928185091,-0.209956877672121
0.0939143756934009,0.0248891365586382,0.281850163802829
-0.0959422316368037,-0.258480828804944,0.393035996126759
-0.216473646744355,-0.466353003969656,0.249118780898352
-0.352938521654389,-0.854631208405663,0.118824894012356
-0.572891494366602,-1.10843364200141,0.438074862602384
-0.75920841352444,-1.26575495404039,0.488501412366852
-0.864387328577416,-1.50600120601081,0.17070323178391
-0.902532567862571,-1.56767199309535,-0.148409562337319
-0.920628403238435,-1.42757258725415,-0.141492779493707
-0.989955867817639,-1.37218338842525,0.275063299808214
-0.850345886829266,-1.08562900953867,0.243804751332201
-0.635719903431319,-0.646725306337277,0.019152326273217
-0.402060456116506,-0.237416406717766,-0.0958793082222001
0.0541471334023043,0.378485004494943,0.231044283631011
0.628420696937724,1.02402494061804,0.322538294246521
0.978615574861156,1.38045246953174,0.0541504522773643
1.3448000181068,1.67689867755883,-0.224482539485788
1.7841205414454,1.85972083076755,-0.161853690882235
1.90462721750684,1.68239294698275,0.279808538182451
1.8522161836818,1.54765334150166,0.303673704434372
1.77737636773854,1.39106126346932,0.134446733964324
1.42929609216986,1.08569262465705,-0.0270189309856213
